decision_id,image_id,class_id,attribute_id,target,stage,selection_k,metric_scale,left_selector,right_selector,effect
11375::101::cub_attribute_yes_no_v1,11375,194,101,0,vision.late,32,correct_answer_margin,vision_cls_attention,logit_concept,0.3046875
11375::101::cub_attribute_yes_no_v1,11375,194,101,0,vision.late,32,raw_yes_minus_no,vision_cls_attention,logit_concept,-0.3046875
11375::101::cub_attribute_yes_no_v1,11375,194,101,0,projector.output,32,correct_answer_margin,vision_cls_attention,logit_concept,0.31510416666666663
11375::101::cub_attribute_yes_no_v1,11375,194,101,0,projector.output,32,raw_yes_minus_no,vision_cls_attention,logit_concept,-0.31510416666666663
11375::103::cub_attribute_yes_no_v1,11375,194,103,1,vision.late,32,correct_answer_margin,vision_cls_attention,logit_concept,-0.028645833333333336
11375::103::cub_attribute_yes_no_v1,11375,194,103,1,vision.late,32,raw_yes_minus_no,vision_cls_attention,logit_concept,-0.028645833333333336
11375::103::cub_attribute_yes_no_v1,11375,194,103,1,projector.output,32,correct_answer_margin,vision_cls_attention,logit_concept,-0.007812500000000003
11375::103::cub_attribute_yes_no_v1,11375,194,103,1,projector.output,32,raw_yes_minus_no,vision_cls_attention,logit_concept,-0.007812500000000003
11375::104::cub_attribute_yes_no_v1,11375,194,104,0,vision.late,32,correct_answer_margin,vision_cls_attention,logit_concept,-0.6536458333333334
11375::104::cub_attribute_yes_no_v1,11375,194,104,0,vision.late,32,raw_yes_minus_no,vision_cls_attention,logit_concept,0.6536458333333334
11375::104::cub_attribute_yes_no_v1,11375,194,104,0,projector.output,32,correct_answer_margin,vision_cls_attention,logit_concept,-0.6927083333333334
11375::104::cub_attribute_yes_no_v1,11375,194,104,0,projector.output,32,raw_yes_minus_no,vision_cls_attention,logit_concept,0.6927083333333334
11375::117::cub_attribute_yes_no_v1,11375,194,117,1,vision.late,32,correct_answer_margin,vision_cls_attention,logit_concept,-0.3489583333333333
11375::117::cub_attribute_yes_no_v1,11375,194,117,1,vision.late,32,raw_yes_minus_no,vision_cls_attention,logit_concept,-0.3489583333333333
11375::117::cub_attribute_yes_no_v1,11375,194,117,1,projector.output,32,correct_answer_margin,vision_cls_attention,logit_concept,-0.3515625
11375::117::cub_attribute_yes_no_v1,11375,194,117,1,projector.output,32,raw_yes_minus_no,vision_cls_attention,logit_concept,-0.3515625
11375::120::cub_attribute_yes_no_v1,11375,194,120,1,vision.late,32,correct_answer_margin,vision_cls_attention,logit_concept,-0.015625000000000014
11375::120::cub_attribute_yes_no_v1,11375,194,120,1,vision.late,32,raw_yes_minus_no,vision_cls_attention,logit_concept,-0.015625000000000014
11375::120::cub_attribute_yes_no_v1,11375,194,120,1,projector.output,32,correct_answer_margin,vision_cls_attention,logit_concept,-0.04166666666666667
11375::120::cub_attribute_yes_no_v1,11375,194,120,1,projector.output,32,raw_yes_minus_no,vision_cls_attention,logit_concept,-0.04166666666666667
11375::295::cub_attribute_yes_no_v1,11375,194,295,0,vision.late,32,correct_answer_margin,vision_cls_attention,logit_concept,-0.6458333333333333
11375::295::cub_attribute_yes_no_v1,11375,194,295,0,vision.late,32,raw_yes_minus_no,vision_cls_attention,logit_concept,0.6458333333333333
11375::295::cub_attribute_yes_no_v1,11375,194,295,0,projector.output,32,correct_answer_margin,vision_cls_attention,logit_concept,-0.6354166666666667
11375::295::cub_attribute_yes_no_v1,11375,194,295,0,projector.output,32,raw_yes_minus_no,vision_cls_attention,logit_concept,0.6354166666666667
11375::2::cub_attribute_yes_no_v1,11375,194,2,0,vision.late,32,correct_answer_margin,vision_cls_attention,logit_concept,0.125
11375::2::cub_attribute_yes_no_v1,11375,194,2,0,vision.late,32,raw_yes_minus_no,vision_cls_attention,logit_concept,-0.125
11375::2::cub_attribute_yes_no_v1,11375,194,2,0,projector.output,32,correct_answer_margin,vision_cls_attention,logit_concept,0.1015625
11375::2::cub_attribute_yes_no_v1,11375,194,2,0,projector.output,32,raw_yes_minus_no,vision_cls_attention,logit_concept,-0.1015625
11375::305::cub_attribute_yes_no_v1,11375,194,305,1,vision.late,32,correct_answer_margin,vision_cls_attention,logit_concept,-0.22135416666666666
11375::305::cub_attribute_yes_no_v1,11375,194,305,1,vision.late,32,raw_yes_minus_no,vision_cls_attention,logit_concept,-0.22135416666666666
11375::305::cub_attribute_yes_no_v1,11375,194,305,1,projector.output,32,correct_answer_margin,vision_cls_attention,logit_concept,-0.20572916666666666
11375::305::cub_attribute_yes_no_v1,11375,194,305,1,projector.output,32,raw_yes_minus_no,vision_cls_attention,logit_concept,-0.20572916666666666
11375::306::cub_attribute_yes_no_v1,11375,194,306,1,vision.late,32,correct_answer_margin,vision_cls_attention,logit_concept,-0.057291666666666685
11375::306::cub_attribute_yes_no_v1,11375,194,306,1,vision.late,32,raw_yes_minus_no,vision_cls_attention,logit_concept,-0.057291666666666685
11375::306::cub_attribute_yes_no_v1,11375,194,306,1,projector.output,32,correct_answer_margin,vision_cls_attention,logit_concept,-0.057291666666666685
11375::306::cub_attribute_yes_no_v1,11375,194,306,1,projector.output,32,raw_yes_minus_no,vision_cls_attention,logit_concept,-0.057291666666666685
11375::308::cub_attribute_yes_no_v1,11375,194,308,0,vision.late,32,correct_answer_margin,vision_cls_attention,logit_concept,-0.4140625
11375::308::cub_attribute_yes_no_v1,11375,194,308,0,vision.late,32,raw_yes_minus_no,vision_cls_attention,logit_concept,0.4140625
11375::308::cub_attribute_yes_no_v1,11375,194,308,0,projector.output,32,correct_answer_margin,vision_cls_attention,logit_concept,-0.40104166666666663
11375::308::cub_attribute_yes_no_v1,11375,194,308,0,projector.output,32,raw_yes_minus_no,vision_cls_attention,logit_concept,0.40104166666666663
11375::311::cub_attribute_yes_no_v1,11375,194,311,0,vision.late,32,correct_answer_margin,vision_cls_attention,logit_concept,0.27343749999999994
11375::311::cub_attribute_yes_no_v1,11375,194,311,0,vision.late,32,raw_yes_minus_no,vision_cls_attention,logit_concept,-0.27343749999999994
11375::311::cub_attribute_yes_no_v1,11375,194,311,0,projector.output,32,correct_answer_margin,vision_cls_attention,logit_concept,0.2760416666666667
11375::311::cub_attribute_yes_no_v1,11375,194,311,0,projector.output,32,raw_yes_minus_no,vision_cls_attention,logit_concept,-0.2760416666666667
11375::312::cub_attribute_yes_no_v1,11375,194,312,1,vision.late,32,correct_answer_margin,vision_cls_attention,logit_concept,-0.32291666666666663
11375::312::cub_attribute_yes_no_v1,11375,194,312,1,vision.late,32,raw_yes_minus_no,vision_cls_attention,logit_concept,-0.32291666666666663
11375::312::cub_attribute_yes_no_v1,11375,194,312,1,projector.output,32,correct_answer_margin,vision_cls_attention,logit_concept,-0.38802083333333337
11375::312::cub_attribute_yes_no_v1,11375,194,312,1,projector.output,32,raw_yes_minus_no,vision_cls_attention,logit_concept,-0.38802083333333337
11375::7::cub_attribute_yes_no_v1,11375,194,7,0,vision.late,32,correct_answer_margin,vision_cls_attention,logit_concept,0.06510416666666666
11375::7::cub_attribute_yes_no_v1,11375,194,7,0,vision.late,32,raw_yes_minus_no,vision_cls_attention,logit_concept,-0.06510416666666666
11375::7::cub_attribute_yes_no_v1,11375,194,7,0,projector.output,32,correct_answer_margin,vision_cls_attention,logit_concept,0.04427083333333333
11375::7::cub_attribute_yes_no_v1,11375,194,7,0,projector.output,32,raw_yes_minus_no,vision_cls_attention,logit_concept,-0.04427083333333333
11375::8::cub_attribute_yes_no_v1,11375,194,8,0,vision.late,32,correct_answer_margin,vision_cls_attention,logit_concept,0.25
11375::8::cub_attribute_yes_no_v1,11375,194,8,0,vision.late,32,raw_yes_minus_no,vision_cls_attention,logit_concept,-0.25
11375::8::cub_attribute_yes_no_v1,11375,194,8,0,projector.output,32,correct_answer_margin,vision_cls_attention,logit_concept,0.21354166666666669
11375::8::cub_attribute_yes_no_v1,11375,194,8,0,projector.output,32,raw_yes_minus_no,vision_cls_attention,logit_concept,-0.21354166666666669
11387::100::cub_attribute_yes_no_v1,11387,194,100,1,vision.late,32,correct_answer_margin,vision_cls_attention,logit_concept,0.46614583333333337
11387::100::cub_attribute_yes_no_v1,11387,194,100,1,vision.late,32,raw_yes_minus_no,vision_cls_attention,logit_concept,0.46614583333333337
11387::100::cub_attribute_yes_no_v1,11387,194,100,1,projector.output,32,correct_answer_margin,vision_cls_attention,logit_concept,0.4921875
11387::100::cub_attribute_yes_no_v1,11387,194,100,1,projector.output,32,raw_yes_minus_no,vision_cls_attention,logit_concept,0.4921875
11387::102::cub_attribute_yes_no_v1,11387,194,102,0,vision.late,32,correct_answer_margin,vision_cls_attention,logit_concept,0.5442708333333333
11387::102::cub_attribute_yes_no_v1,11387,194,102,0,vision.late,32,raw_yes_minus_no,vision_cls_attention,logit_concept,-0.5442708333333333
11387::102::cub_attribute_yes_no_v1,11387,194,102,0,projector.output,32,correct_answer_margin,vision_cls_attention,logit_concept,0.49479166666666663
11387::102::cub_attribute_yes_no_v1,11387,194,102,0,projector.output,32,raw_yes_minus_no,vision_cls_attention,logit_concept,-0.49479166666666663
11387::104::cub_attribute_yes_no_v1,11387,194,104,0,vision.late,32,correct_answer_margin,vision_cls_attention,logit_concept,-0.9036458333333333
11387::104::cub_attribute_yes_no_v1,11387,194,104,0,vision.late,32,raw_yes_minus_no,vision_cls_attention,logit_concept,0.9036458333333333
11387::104::cub_attribute_yes_no_v1,11387,194,104,0,projector.output,32,correct_answer_margin,vision_cls_attention,logit_concept,-1.0364583333333335
11387::104::cub_attribute_yes_no_v1,11387,194,104,0,projector.output,32,raw_yes_minus_no,vision_cls_attention,logit_concept,1.0364583333333335
11387::107::cub_attribute_yes_no_v1,11387,194,107,0,vision.late,32,correct_answer_margin,vision_cls_attention,logit_concept,0.2265625
11387::107::cub_attribute_yes_no_v1,11387,194,107,0,vision.late,32,raw_yes_minus_no,vision_cls_attention,logit_concept,-0.2265625
11387::107::cub_attribute_yes_no_v1,11387,194,107,0,projector.output,32,correct_answer_margin,vision_cls_attention,logit_concept,0.20572916666666666
11387::107::cub_attribute_yes_no_v1,11387,194,107,0,projector.output,32,raw_yes_minus_no,vision_cls_attention,logit_concept,-0.20572916666666666
11387::117::cub_attribute_yes_no_v1,11387,194,117,1,vision.late,32,correct_answer_margin,vision_cls_attention,logit_concept,-0.24479166666666669
11387::117::cub_attribute_yes_no_v1,11387,194,117,1,vision.late,32,raw_yes_minus_no,vision_cls_attention,logit_concept,-0.24479166666666669
11387::117::cub_attribute_yes_no_v1,11387,194,117,1,projector.output,32,correct_answer_margin,vision_cls_attention,logit_concept,-0.22395833333333331
11387::117::cub_attribute_yes_no_v1,11387,194,117,1,projector.output,32,raw_yes_minus_no,vision_cls_attention,logit_concept,-0.22395833333333331
11387::118::cub_attribute_yes_no_v1,11387,194,118,0,vision.late,32,correct_answer_margin,vision_cls_attention,logit_concept,0.1171875
11387::118::cub_attribute_yes_no_v1,11387,194,118,0,vision.late,32,raw_yes_minus_no,vision_cls_attention,logit_concept,-0.1171875
11387::118::cub_attribute_yes_no_v1,11387,194,118,0,projector.output,32,correct_answer_margin,vision_cls_attention,logit_concept,0.11197916666666666
11387::118::cub_attribute_yes_no_v1,11387,194,118,0,projector.output,32,raw_yes_minus_no,vision_cls_attention,logit_concept,-0.11197916666666666
11387::120::cub_attribute_yes_no_v1,11387,194,120,1,vision.late,32,correct_answer_margin,vision_cls_attention,logit_concept,0.07552083333333333
11387::120::cub_attribute_yes_no_v1,11387,194,120,1,vision.late,32,raw_yes_minus_no,vision_cls_attention,logit_concept,0.07552083333333333
11387::120::cub_attribute_yes_no_v1,11387,194,120,1,projector.output,32,correct_answer_margin,vision_cls_attention,logit_concept,0.0625
11387::120::cub_attribute_yes_no_v1,11387,194,120,1,projector.output,32,raw_yes_minus_no,vision_cls_attention,logit_concept,0.0625
11387::294::cub_attribute_yes_no_v1,11387,194,294,0,vision.late,32,correct_answer_margin,vision_cls_attention,logit_concept,-0.26822916666666663
11387::294::cub_attribute_yes_no_v1,11387,194,294,0,vision.late,32,raw_yes_minus_no,vision_cls_attention,logit_concept,0.26822916666666663
11387::294::cub_attribute_yes_no_v1,11387,194,294,0,projector.output,32,correct_answer_margin,vision_cls_attention,logit_concept,-0.2916666666666667
11387::294::cub_attribute_yes_no_v1,11387,194,294,0,projector.output,32,raw_yes_minus_no,vision_cls_attention,logit_concept,0.2916666666666667
11387::305::cub_attribute_yes_no_v1,11387,194,305,1,vision.late,32,correct_answer_margin,vision_cls_attention,logit_concept,0.04166666666666667
11387::305::cub_attribute_yes_no_v1,11387,194,305,1,vision.late,32,raw_yes_minus_no,vision_cls_attention,logit_concept,0.04166666666666667
11387::305::cub_attribute_yes_no_v1,11387,194,305,1,projector.output,32,correct_answer_margin,vision_cls_attention,logit_concept,0.08854166666666666
11387::305::cub_attribute_yes_no_v1,11387,194,305,1,projector.output,32,raw_yes_minus_no,vision_cls_attention,logit_concept,0.08854166666666666
11387::309::cub_attribute_yes_no_v1,11387,194,309,0,vision.late,32,correct_answer_margin,vision_cls_attention,logit_concept,0.25520833333333337
11387::309::cub_attribute_yes_no_v1,11387,194,309,0,vision.late,32,raw_yes_minus_no,vision_cls_attention,logit_concept,-0.25520833333333337
11387::309::cub_attribute_yes_no_v1,11387,194,309,0,projector.output,32,correct_answer_margin,vision_cls_attention,logit_concept,0.28125
11387::309::cub_attribute_yes_no_v1,11387,194,309,0,projector.output,32,raw_yes_minus_no,vision_cls_attention,logit_concept,-0.28125
11387::310::cub_attribute_yes_no_v1,11387,194,310,1,vision.late,32,correct_answer_margin,vision_cls_attention,logit_concept,0.4453125
11387::310::cub_attribute_yes_no_v1,11387,194,310,1,vision.late,32,raw_yes_minus_no,vision_cls_attention,logit_concept,0.4453125
11387::310::cub_attribute_yes_no_v1,11387,194,310,1,projector.output,32,correct_answer_margin,vision_cls_attention,logit_concept,0.5286458333333334
11387::310::cub_attribute_yes_no_v1,11387,194,310,1,projector.output,32,raw_yes_minus_no,vision_cls_attention,logit_concept,0.5286458333333334
11387::311::cub_attribute_yes_no_v1,11387,194,311,0,vision.late,32,correct_answer_margin,vision_cls_attention,logit_concept,0.0859375
11387::311::cub_attribute_yes_no_v1,11387,194,311,0,vision.late,32,raw_yes_minus_no,vision_cls_attention,logit_concept,-0.0859375
11387::311::cub_attribute_yes_no_v1,11387,194,311,0,projector.output,32,correct_answer_margin,vision_cls_attention,logit_concept,0.109375
11387::311::cub_attribute_yes_no_v1,11387,194,311,0,projector.output,32,raw_yes_minus_no,vision_cls_attention,logit_concept,-0.109375
11387::7::cub_attribute_yes_no_v1,11387,194,7,1,vision.late,32,correct_answer_margin,vision_cls_attention,logit_concept,-0.08333333333333334
11387::7::cub_attribute_yes_no_v1,11387,194,7,1,vision.late,32,raw_yes_minus_no,vision_cls_attention,logit_concept,-0.08333333333333334
11387::7::cub_attribute_yes_no_v1,11387,194,7,1,projector.output,32,correct_answer_margin,vision_cls_attention,logit_concept,-0.06770833333333334
11387::7::cub_attribute_yes_no_v1,11387,194,7,1,projector.output,32,raw_yes_minus_no,vision_cls_attention,logit_concept,-0.06770833333333334
11387::8::cub_attribute_yes_no_v1,11387,194,8,0,vision.late,32,correct_answer_margin,vision_cls_attention,logit_concept,0.13541666666666669
11387::8::cub_attribute_yes_no_v1,11387,194,8,0,vision.late,32,raw_yes_minus_no,vision_cls_attention,logit_concept,-0.13541666666666669
11387::8::cub_attribute_yes_no_v1,11387,194,8,0,projector.output,32,correct_answer_margin,vision_cls_attention,logit_concept,0.140625
11387::8::cub_attribute_yes_no_v1,11387,194,8,0,projector.output,32,raw_yes_minus_no,vision_cls_attention,logit_concept,-0.140625
11424::100::cub_attribute_yes_no_v1,11424,194,100,1,vision.late,32,correct_answer_margin,vision_cls_attention,logit_concept,0.21875
11424::100::cub_attribute_yes_no_v1,11424,194,100,1,vision.late,32,raw_yes_minus_no,vision_cls_attention,logit_concept,0.21875
11424::100::cub_attribute_yes_no_v1,11424,194,100,1,projector.output,32,correct_answer_margin,vision_cls_attention,logit_concept,0.1875
11424::100::cub_attribute_yes_no_v1,11424,194,100,1,projector.output,32,raw_yes_minus_no,vision_cls_attention,logit_concept,0.1875
11424::295::cub_attribute_yes_no_v1,11424,194,295,1,vision.late,32,correct_answer_margin,vision_cls_attention,logit_concept,0.75
11424::295::cub_attribute_yes_no_v1,11424,194,295,1,vision.late,32,raw_yes_minus_no,vision_cls_attention,logit_concept,0.75
11424::295::cub_attribute_yes_no_v1,11424,194,295,1,projector.output,32,correct_answer_margin,vision_cls_attention,logit_concept,0.6276041666666666
11424::295::cub_attribute_yes_no_v1,11424,194,295,1,projector.output,32,raw_yes_minus_no,vision_cls_attention,logit_concept,0.6276041666666666
11424::305::cub_attribute_yes_no_v1,11424,194,305,0,vision.late,32,correct_answer_margin,vision_cls_attention,logit_concept,0.296875
11424::305::cub_attribute_yes_no_v1,11424,194,305,0,vision.late,32,raw_yes_minus_no,vision_cls_attention,logit_concept,-0.296875
11424::305::cub_attribute_yes_no_v1,11424,194,305,0,projector.output,32,correct_answer_margin,vision_cls_attention,logit_concept,0.35416666666666663
11424::305::cub_attribute_yes_no_v1,11424,194,305,0,projector.output,32,raw_yes_minus_no,vision_cls_attention,logit_concept,-0.35416666666666663
11424::310::cub_attribute_yes_no_v1,11424,194,310,1,vision.late,32,correct_answer_margin,vision_cls_attention,logit_concept,0.18489583333333331
11424::310::cub_attribute_yes_no_v1,11424,194,310,1,vision.late,32,raw_yes_minus_no,vision_cls_attention,logit_concept,0.18489583333333331
11424::310::cub_attribute_yes_no_v1,11424,194,310,1,projector.output,32,correct_answer_margin,vision_cls_attention,logit_concept,0.16927083333333331
11424::310::cub_attribute_yes_no_v1,11424,194,310,1,projector.output,32,raw_yes_minus_no,vision_cls_attention,logit_concept,0.16927083333333331
11424::311::cub_attribute_yes_no_v1,11424,194,311,0,vision.late,32,correct_answer_margin,vision_cls_attention,logit_concept,0.31510416666666663
11424::311::cub_attribute_yes_no_v1,11424,194,311,0,vision.late,32,raw_yes_minus_no,vision_cls_attention,logit_concept,-0.31510416666666663
11424::311::cub_attribute_yes_no_v1,11424,194,311,0,projector.output,32,correct_answer_margin,vision_cls_attention,logit_concept,0.3307291666666667
11424::311::cub_attribute_yes_no_v1,11424,194,311,0,projector.output,32,raw_yes_minus_no,vision_cls_attention,logit_concept,-0.3307291666666667
11424::7::cub_attribute_yes_no_v1,11424,194,7,0,vision.late,32,correct_answer_margin,vision_cls_attention,logit_concept,0.09895833333333333
11424::7::cub_attribute_yes_no_v1,11424,194,7,0,vision.late,32,raw_yes_minus_no,vision_cls_attention,logit_concept,-0.09895833333333333
11424::7::cub_attribute_yes_no_v1,11424,194,7,0,projector.output,32,correct_answer_margin,vision_cls_attention,logit_concept,0.12239583333333334
11424::7::cub_attribute_yes_no_v1,11424,194,7,0,projector.output,32,raw_yes_minus_no,vision_cls_attention,logit_concept,-0.12239583333333334
11428::100::cub_attribute_yes_no_v1,11428,194,100,1,vision.late,32,correct_answer_margin,vision_cls_attention,logit_concept,0.15625
11428::100::cub_attribute_yes_no_v1,11428,194,100,1,vision.late,32,raw_yes_minus_no,vision_cls_attention,logit_concept,0.15625
11428::100::cub_attribute_yes_no_v1,11428,194,100,1,projector.output,32,correct_answer_margin,vision_cls_attention,logit_concept,0.19270833333333334
11428::100::cub_attribute_yes_no_v1,11428,194,100,1,projector.output,32,raw_yes_minus_no,vision_cls_attention,logit_concept,0.19270833333333334
11428::101::cub_attribute_yes_no_v1,11428,194,101,0,vision.late,32,correct_answer_margin,vision_cls_attention,logit_concept,-0.140625
11428::101::cub_attribute_yes_no_v1,11428,194,101,0,vision.late,32,raw_yes_minus_no,vision_cls_attention,logit_concept,0.140625
11428::101::cub_attribute_yes_no_v1,11428,194,101,0,projector.output,32,correct_answer_margin,vision_cls_attention,logit_concept,-0.15104166666666669
11428::101::cub_attribute_yes_no_v1,11428,194,101,0,projector.output,32,raw_yes_minus_no,vision_cls_attention,logit_concept,0.15104166666666669
11428::102::cub_attribute_yes_no_v1,11428,194,102,0,vision.late,32,correct_answer_margin,vision_cls_attention,logit_concept,0.11979166666666666
11428::102::cub_attribute_yes_no_v1,11428,194,102,0,vision.late,32,raw_yes_minus_no,vision_cls_attention,logit_concept,-0.11979166666666666
11428::102::cub_attribute_yes_no_v1,11428,194,102,0,projector.output,32,correct_answer_margin,vision_cls_attention,logit_concept,0.09895833333333334
11428::102::cub_attribute_yes_no_v1,11428,194,102,0,projector.output,32,raw_yes_minus_no,vision_cls_attention,logit_concept,-0.09895833333333334
11428::104::cub_attribute_yes_no_v1,11428,194,104,0,vision.late,32,correct_answer_margin,vision_cls_attention,logit_concept,-0.2682291666666667
11428::104::cub_attribute_yes_no_v1,11428,194,104,0,vision.late,32,raw_yes_minus_no,vision_cls_attention,logit_concept,0.2682291666666667
11428::104::cub_attribute_yes_no_v1,11428,194,104,0,projector.output,32,correct_answer_margin,vision_cls_attention,logit_concept,-0.35677083333333337
11428::104::cub_attribute_yes_no_v1,11428,194,104,0,projector.output,32,raw_yes_minus_no,vision_cls_attention,logit_concept,0.35677083333333337
11428::107::cub_attribute_yes_no_v1,11428,194,107,0,vision.late,32,correct_answer_margin,vision_cls_attention,logit_concept,-0.0234375
11428::107::cub_attribute_yes_no_v1,11428,194,107,0,vision.late,32,raw_yes_minus_no,vision_cls_attention,logit_concept,0.0234375
11428::107::cub_attribute_yes_no_v1,11428,194,107,0,projector.output,32,correct_answer_margin,vision_cls_attention,logit_concept,-0.023437500000000003
11428::107::cub_attribute_yes_no_v1,11428,194,107,0,projector.output,32,raw_yes_minus_no,vision_cls_attention,logit_concept,0.023437500000000003
11428::111::cub_attribute_yes_no_v1,11428,194,111,1,vision.late,32,correct_answer_margin,vision_cls_attention,logit_concept,-0.2994791666666667
11428::111::cub_attribute_yes_no_v1,11428,194,111,1,vision.late,32,raw_yes_minus_no,vision_cls_attention,logit_concept,-0.2994791666666667
11428::111::cub_attribute_yes_no_v1,11428,194,111,1,projector.output,32,correct_answer_margin,vision_cls_attention,logit_concept,-0.265625
11428::111::cub_attribute_yes_no_v1,11428,194,111,1,projector.output,32,raw_yes_minus_no,vision_cls_attention,logit_concept,-0.265625
11428::117::cub_attribute_yes_no_v1,11428,194,117,1,vision.late,32,correct_answer_margin,vision_cls_attention,logit_concept,-0.43489583333333337
11428::117::cub_attribute_yes_no_v1,11428,194,117,1,vision.late,32,raw_yes_minus_no,vision_cls_attention,logit_concept,-0.43489583333333337
11428::117::cub_attribute_yes_no_v1,11428,194,117,1,projector.output,32,correct_answer_margin,vision_cls_attention,logit_concept,-0.390625
11428::117::cub_attribute_yes_no_v1,11428,194,117,1,projector.output,32,raw_yes_minus_no,vision_cls_attention,logit_concept,-0.390625
11428::118::cub_attribute_yes_no_v1,11428,194,118,1,vision.late,32,correct_answer_margin,vision_cls_attention,logit_concept,-0.484375
11428::118::cub_attribute_yes_no_v1,11428,194,118,1,vision.late,32,raw_yes_minus_no,vision_cls_attention,logit_concept,-0.484375
11428::118::cub_attribute_yes_no_v1,11428,194,118,1,projector.output,32,correct_answer_margin,vision_cls_attention,logit_concept,-0.5
11428::118::cub_attribute_yes_no_v1,11428,194,118,1,projector.output,32,raw_yes_minus_no,vision_cls_attention,logit_concept,-0.5
11428::295::cub_attribute_yes_no_v1,11428,194,295,0,vision.late,32,correct_answer_margin,vision_cls_attention,logit_concept,-0.09375
11428::295::cub_attribute_yes_no_v1,11428,194,295,0,vision.late,32,raw_yes_minus_no,vision_cls_attention,logit_concept,0.09375
11428::295::cub_attribute_yes_no_v1,11428,194,295,0,projector.output,32,correct_answer_margin,vision_cls_attention,logit_concept,-0.13020833333333334
11428::295::cub_attribute_yes_no_v1,11428,194,295,0,projector.output,32,raw_yes_minus_no,vision_cls_attention,logit_concept,0.13020833333333334
11428::299::cub_attribute_yes_no_v1,11428,194,299,1,vision.late,32,correct_answer_margin,vision_cls_attention,logit_concept,-0.12239583333333333
11428::299::cub_attribute_yes_no_v1,11428,194,299,1,vision.late,32,raw_yes_minus_no,vision_cls_attention,logit_concept,-0.12239583333333333
11428::299::cub_attribute_yes_no_v1,11428,194,299,1,projector.output,32,correct_answer_margin,vision_cls_attention,logit_concept,-0.08854166666666667
11428::299::cub_attribute_yes_no_v1,11428,194,299,1,projector.output,32,raw_yes_minus_no,vision_cls_attention,logit_concept,-0.08854166666666667
11428::305::cub_attribute_yes_no_v1,11428,194,305,1,vision.late,32,correct_answer_margin,vision_cls_attention,logit_concept,-0.28645833333333337
11428::305::cub_attribute_yes_no_v1,11428,194,305,1,vision.late,32,raw_yes_minus_no,vision_cls_attention,logit_concept,-0.28645833333333337
11428::305::cub_attribute_yes_no_v1,11428,194,305,1,projector.output,32,correct_answer_margin,vision_cls_attention,logit_concept,-0.203125
11428::305::cub_attribute_yes_no_v1,11428,194,305,1,projector.output,32,raw_yes_minus_no,vision_cls_attention,logit_concept,-0.203125
11428::310::cub_attribute_yes_no_v1,11428,194,310,1,vision.late,32,correct_answer_margin,vision_cls_attention,logit_concept,0.33854166666666663
11428::310::cub_attribute_yes_no_v1,11428,194,310,1,vision.late,32,raw_yes_minus_no,vision_cls_attention,logit_concept,0.33854166666666663
11428::310::cub_attribute_yes_no_v1,11428,194,310,1,projector.output,32,correct_answer_margin,vision_cls_attention,logit_concept,0.28385416666666663
11428::310::cub_attribute_yes_no_v1,11428,194,310,1,projector.output,32,raw_yes_minus_no,vision_cls_attention,logit_concept,0.28385416666666663
11428::311::cub_attribute_yes_no_v1,11428,194,311,0,vision.late,32,correct_answer_margin,vision_cls_attention,logit_concept,0.026041666666666678
11428::311::cub_attribute_yes_no_v1,11428,194,311,0,vision.late,32,raw_yes_minus_no,vision_cls_attention,logit_concept,-0.026041666666666678
11428::311::cub_attribute_yes_no_v1,11428,194,311,0,projector.output,32,correct_answer_margin,vision_cls_attention,logit_concept,-0.013020833333333343
11428::311::cub_attribute_yes_no_v1,11428,194,311,0,projector.output,32,raw_yes_minus_no,vision_cls_attention,logit_concept,0.013020833333333343
11428::7::cub_attribute_yes_no_v1,11428,194,7,1,vision.late,32,correct_answer_margin,vision_cls_attention,logit_concept,0.04427083333333333
11428::7::cub_attribute_yes_no_v1,11428,194,7,1,vision.late,32,raw_yes_minus_no,vision_cls_attention,logit_concept,0.04427083333333333
11428::7::cub_attribute_yes_no_v1,11428,194,7,1,projector.output,32,correct_answer_margin,vision_cls_attention,logit_concept,0.04427083333333333
11428::7::cub_attribute_yes_no_v1,11428,194,7,1,projector.output,32,raw_yes_minus_no,vision_cls_attention,logit_concept,0.04427083333333333
11440::100::cub_attribute_yes_no_v1,11440,195,100,1,vision.late,32,correct_answer_margin,vision_cls_attention,logit_concept,0.5963541666666666
11440::100::cub_attribute_yes_no_v1,11440,195,100,1,vision.late,32,raw_yes_minus_no,vision_cls_attention,logit_concept,0.5963541666666666
11440::100::cub_attribute_yes_no_v1,11440,195,100,1,projector.output,32,correct_answer_margin,vision_cls_attention,logit_concept,0.6015625
11440::100::cub_attribute_yes_no_v1,11440,195,100,1,projector.output,32,raw_yes_minus_no,vision_cls_attention,logit_concept,0.6015625
11440::104::cub_attribute_yes_no_v1,11440,195,104,0,vision.late,32,correct_answer_margin,vision_cls_attention,logit_concept,-1.0859375
11440::104::cub_attribute_yes_no_v1,11440,195,104,0,vision.late,32,raw_yes_minus_no,vision_cls_attention,logit_concept,1.0859375
11440::104::cub_attribute_yes_no_v1,11440,195,104,0,projector.output,32,correct_answer_margin,vision_cls_attention,logit_concept,-1.2135416666666665
11440::104::cub_attribute_yes_no_v1,11440,195,104,0,projector.output,32,raw_yes_minus_no,vision_cls_attention,logit_concept,1.2135416666666665
11440::118::cub_attribute_yes_no_v1,11440,195,118,0,vision.late,32,correct_answer_margin,vision_cls_attention,logit_concept,-0.24479166666666666
11440::118::cub_attribute_yes_no_v1,11440,195,118,0,vision.late,32,raw_yes_minus_no,vision_cls_attention,logit_concept,0.24479166666666666
11440::118::cub_attribute_yes_no_v1,11440,195,118,0,projector.output,32,correct_answer_margin,vision_cls_attention,logit_concept,-0.20052083333333334
11440::118::cub_attribute_yes_no_v1,11440,195,118,0,projector.output,32,raw_yes_minus_no,vision_cls_attention,logit_concept,0.20052083333333334
11440::120::cub_attribute_yes_no_v1,11440,195,120,1,vision.late,32,correct_answer_margin,vision_cls_attention,logit_concept,0.07552083333333333
11440::120::cub_attribute_yes_no_v1,11440,195,120,1,vision.late,32,raw_yes_minus_no,vision_cls_attention,logit_concept,0.07552083333333333
11440::120::cub_attribute_yes_no_v1,11440,195,120,1,projector.output,32,correct_answer_margin,vision_cls_attention,logit_concept,0.078125
11440::120::cub_attribute_yes_no_v1,11440,195,120,1,projector.output,32,raw_yes_minus_no,vision_cls_attention,logit_concept,0.078125
11440::295::cub_attribute_yes_no_v1,11440,195,295,1,vision.late,32,correct_answer_margin,vision_cls_attention,logit_concept,0.40625
11440::295::cub_attribute_yes_no_v1,11440,195,295,1,vision.late,32,raw_yes_minus_no,vision_cls_attention,logit_concept,0.40625
11440::295::cub_attribute_yes_no_v1,11440,195,295,1,projector.output,32,correct_answer_margin,vision_cls_attention,logit_concept,0.4427083333333333
11440::295::cub_attribute_yes_no_v1,11440,195,295,1,projector.output,32,raw_yes_minus_no,vision_cls_attention,logit_concept,0.4427083333333333
11440::309::cub_attribute_yes_no_v1,11440,195,309,1,vision.late,32,correct_answer_margin,vision_cls_attention,logit_concept,-0.234375
11440::309::cub_attribute_yes_no_v1,11440,195,309,1,vision.late,32,raw_yes_minus_no,vision_cls_attention,logit_concept,-0.234375
11440::309::cub_attribute_yes_no_v1,11440,195,309,1,projector.output,32,correct_answer_margin,vision_cls_attention,logit_concept,-0.234375
11440::309::cub_attribute_yes_no_v1,11440,195,309,1,projector.output,32,raw_yes_minus_no,vision_cls_attention,logit_concept,-0.234375
11440::311::cub_attribute_yes_no_v1,11440,195,311,0,vision.late,32,correct_answer_margin,vision_cls_attention,logit_concept,0.04427083333333334
11440::311::cub_attribute_yes_no_v1,11440,195,311,0,vision.late,32,raw_yes_minus_no,vision_cls_attention,logit_concept,-0.04427083333333334
11440::311::cub_attribute_yes_no_v1,11440,195,311,0,projector.output,32,correct_answer_margin,vision_cls_attention,logit_concept,0.005208333333333336
11440::311::cub_attribute_yes_no_v1,11440,195,311,0,projector.output,32,raw_yes_minus_no,vision_cls_attention,logit_concept,-0.005208333333333336
11440::7::cub_attribute_yes_no_v1,11440,195,7,0,vision.late,32,correct_answer_margin,vision_cls_attention,logit_concept,0.1171875
11440::7::cub_attribute_yes_no_v1,11440,195,7,0,vision.late,32,raw_yes_minus_no,vision_cls_attention,logit_concept,-0.1171875
11440::7::cub_attribute_yes_no_v1,11440,195,7,0,projector.output,32,correct_answer_margin,vision_cls_attention,logit_concept,-0.013020833333333343
11440::7::cub_attribute_yes_no_v1,11440,195,7,0,projector.output,32,raw_yes_minus_no,vision_cls_attention,logit_concept,0.013020833333333343
11440::8::cub_attribute_yes_no_v1,11440,195,8,0,vision.late,32,correct_answer_margin,vision_cls_attention,logit_concept,0.22135416666666669
11440::8::cub_attribute_yes_no_v1,11440,195,8,0,vision.late,32,raw_yes_minus_no,vision_cls_attention,logit_concept,-0.22135416666666669
11440::8::cub_attribute_yes_no_v1,11440,195,8,0,projector.output,32,correct_answer_margin,vision_cls_attention,logit_concept,0.04687500000000001
11440::8::cub_attribute_yes_no_v1,11440,195,8,0,projector.output,32,raw_yes_minus_no,vision_cls_attention,logit_concept,-0.04687500000000001
11443::101::cub_attribute_yes_no_v1,11443,195,101,1,vision.late,32,correct_answer_margin,vision_cls_attention,logit_concept,1.1328125
11443::101::cub_attribute_yes_no_v1,11443,195,101,1,vision.late,32,raw_yes_minus_no,vision_cls_attention,logit_concept,1.1328125
11443::101::cub_attribute_yes_no_v1,11443,195,101,1,projector.output,32,correct_answer_margin,vision_cls_attention,logit_concept,1.21875
11443::101::cub_attribute_yes_no_v1,11443,195,101,1,projector.output,32,raw_yes_minus_no,vision_cls_attention,logit_concept,1.21875
11443::104::cub_attribute_yes_no_v1,11443,195,104,0,vision.late,32,correct_answer_margin,vision_cls_attention,logit_concept,-1.3359375
11443::104::cub_attribute_yes_no_v1,11443,195,104,0,vision.late,32,raw_yes_minus_no,vision_cls_attention,logit_concept,1.3359375
11443::104::cub_attribute_yes_no_v1,11443,195,104,0,projector.output,32,correct_answer_margin,vision_cls_attention,logit_concept,-1.4505208333333335
11443::104::cub_attribute_yes_no_v1,11443,195,104,0,projector.output,32,raw_yes_minus_no,vision_cls_attention,logit_concept,1.4505208333333335
11443::105::cub_attribute_yes_no_v1,11443,195,105,1,vision.late,32,correct_answer_margin,vision_cls_attention,logit_concept,0.828125
11443::105::cub_attribute_yes_no_v1,11443,195,105,1,vision.late,32,raw_yes_minus_no,vision_cls_attention,logit_concept,0.828125
11443::105::cub_attribute_yes_no_v1,11443,195,105,1,projector.output,32,correct_answer_margin,vision_cls_attention,logit_concept,0.8671875
11443::105::cub_attribute_yes_no_v1,11443,195,105,1,projector.output,32,raw_yes_minus_no,vision_cls_attention,logit_concept,0.8671875
11443::107::cub_attribute_yes_no_v1,11443,195,107,0,vision.late,32,correct_answer_margin,vision_cls_attention,logit_concept,-0.7578125
11443::107::cub_attribute_yes_no_v1,11443,195,107,0,vision.late,32,raw_yes_minus_no,vision_cls_attention,logit_concept,0.7578125
11443::107::cub_attribute_yes_no_v1,11443,195,107,0,projector.output,32,correct_answer_margin,vision_cls_attention,logit_concept,-0.6744791666666666
11443::107::cub_attribute_yes_no_v1,11443,195,107,0,projector.output,32,raw_yes_minus_no,vision_cls_attention,logit_concept,0.6744791666666666
11443::111::cub_attribute_yes_no_v1,11443,195,111,0,vision.late,32,correct_answer_margin,vision_cls_attention,logit_concept,-0.41145833333333337
11443::111::cub_attribute_yes_no_v1,11443,195,111,0,vision.late,32,raw_yes_minus_no,vision_cls_attention,logit_concept,0.41145833333333337
11443::111::cub_attribute_yes_no_v1,11443,195,111,0,projector.output,32,correct_answer_margin,vision_cls_attention,logit_concept,-0.28124999999999994
11443::111::cub_attribute_yes_no_v1,11443,195,111,0,projector.output,32,raw_yes_minus_no,vision_cls_attention,logit_concept,0.28124999999999994
11443::117::cub_attribute_yes_no_v1,11443,195,117,0,vision.late,32,correct_answer_margin,vision_cls_attention,logit_concept,0.07552083333333334
11443::117::cub_attribute_yes_no_v1,11443,195,117,0,vision.late,32,raw_yes_minus_no,vision_cls_attention,logit_concept,-0.07552083333333334
11443::117::cub_attribute_yes_no_v1,11443,195,117,0,projector.output,32,correct_answer_margin,vision_cls_attention,logit_concept,0.0078125
11443::117::cub_attribute_yes_no_v1,11443,195,117,0,projector.output,32,raw_yes_minus_no,vision_cls_attention,logit_concept,-0.0078125
11443::120::cub_attribute_yes_no_v1,11443,195,120,1,vision.late,32,correct_answer_margin,vision_cls_attention,logit_concept,0.6067708333333333
11443::120::cub_attribute_yes_no_v1,11443,195,120,1,vision.late,32,raw_yes_minus_no,vision_cls_attention,logit_concept,0.6067708333333333
11443::120::cub_attribute_yes_no_v1,11443,195,120,1,projector.output,32,correct_answer_margin,vision_cls_attention,logit_concept,0.5963541666666666
11443::120::cub_attribute_yes_no_v1,11443,195,120,1,projector.output,32,raw_yes_minus_no,vision_cls_attention,logit_concept,0.5963541666666666
11443::294::cub_attribute_yes_no_v1,11443,195,294,0,vision.late,32,correct_answer_margin,vision_cls_attention,logit_concept,-0.7421875
11443::294::cub_attribute_yes_no_v1,11443,195,294,0,vision.late,32,raw_yes_minus_no,vision_cls_attention,logit_concept,0.7421875
11443::294::cub_attribute_yes_no_v1,11443,195,294,0,projector.output,32,correct_answer_margin,vision_cls_attention,logit_concept,-0.7317708333333333
11443::294::cub_attribute_yes_no_v1,11443,195,294,0,projector.output,32,raw_yes_minus_no,vision_cls_attention,logit_concept,0.7317708333333333
11443::295::cub_attribute_yes_no_v1,11443,195,295,1,vision.late,32,correct_answer_margin,vision_cls_attention,logit_concept,0.8854166666666666
11443::295::cub_attribute_yes_no_v1,11443,195,295,1,vision.late,32,raw_yes_minus_no,vision_cls_attention,logit_concept,0.8854166666666666
11443::295::cub_attribute_yes_no_v1,11443,195,295,1,projector.output,32,correct_answer_margin,vision_cls_attention,logit_concept,0.8828125
11443::295::cub_attribute_yes_no_v1,11443,195,295,1,projector.output,32,raw_yes_minus_no,vision_cls_attention,logit_concept,0.8828125
11443::309::cub_attribute_yes_no_v1,11443,195,309,1,vision.late,32,correct_answer_margin,vision_cls_attention,logit_concept,0.12239583333333333
11443::309::cub_attribute_yes_no_v1,11443,195,309,1,vision.late,32,raw_yes_minus_no,vision_cls_attention,logit_concept,0.12239583333333333
11443::309::cub_attribute_yes_no_v1,11443,195,309,1,projector.output,32,correct_answer_margin,vision_cls_attention,logit_concept,0.125
11443::309::cub_attribute_yes_no_v1,11443,195,309,1,projector.output,32,raw_yes_minus_no,vision_cls_attention,logit_concept,0.125
11443::311::cub_attribute_yes_no_v1,11443,195,311,0,vision.late,32,correct_answer_margin,vision_cls_attention,logit_concept,-0.5729166666666666
11443::311::cub_attribute_yes_no_v1,11443,195,311,0,vision.late,32,raw_yes_minus_no,vision_cls_attention,logit_concept,0.5729166666666666
11443::311::cub_attribute_yes_no_v1,11443,195,311,0,projector.output,32,correct_answer_margin,vision_cls_attention,logit_concept,-0.5416666666666666
11443::311::cub_attribute_yes_no_v1,11443,195,311,0,projector.output,32,raw_yes_minus_no,vision_cls_attention,logit_concept,0.5416666666666666
11443::96::cub_attribute_yes_no_v1,11443,195,96,0,vision.late,32,correct_answer_margin,vision_cls_attention,logit_concept,-0.6015625
11443::96::cub_attribute_yes_no_v1,11443,195,96,0,vision.late,32,raw_yes_minus_no,vision_cls_attention,logit_concept,0.6015625
11443::96::cub_attribute_yes_no_v1,11443,195,96,0,projector.output,32,correct_answer_margin,vision_cls_attention,logit_concept,-0.6848958333333334
11443::96::cub_attribute_yes_no_v1,11443,195,96,0,projector.output,32,raw_yes_minus_no,vision_cls_attention,logit_concept,0.6848958333333334
11473::100::cub_attribute_yes_no_v1,11473,195,100,1,vision.late,32,correct_answer_margin,vision_cls_attention,logit_concept,0.14322916666666669
11473::100::cub_attribute_yes_no_v1,11473,195,100,1,vision.late,32,raw_yes_minus_no,vision_cls_attention,logit_concept,0.14322916666666669
11473::100::cub_attribute_yes_no_v1,11473,195,100,1,projector.output,32,correct_answer_margin,vision_cls_attention,logit_concept,0.16666666666666666
11473::100::cub_attribute_yes_no_v1,11473,195,100,1,projector.output,32,raw_yes_minus_no,vision_cls_attention,logit_concept,0.16666666666666666
11473::102::cub_attribute_yes_no_v1,11473,195,102,0,vision.late,32,correct_answer_margin,vision_cls_attention,logit_concept,0.1875
11473::102::cub_attribute_yes_no_v1,11473,195,102,0,vision.late,32,raw_yes_minus_no,vision_cls_attention,logit_concept,-0.1875
11473::102::cub_attribute_yes_no_v1,11473,195,102,0,projector.output,32,correct_answer_margin,vision_cls_attention,logit_concept,0.20833333333333331
11473::102::cub_attribute_yes_no_v1,11473,195,102,0,projector.output,32,raw_yes_minus_no,vision_cls_attention,logit_concept,-0.20833333333333331
11473::111::cub_attribute_yes_no_v1,11473,195,111,0,vision.late,32,correct_answer_margin,vision_cls_attention,logit_concept,0.0026041666666666713
11473::111::cub_attribute_yes_no_v1,11473,195,111,0,vision.late,32,raw_yes_minus_no,vision_cls_attention,logit_concept,-0.0026041666666666713
11473::111::cub_attribute_yes_no_v1,11473,195,111,0,projector.output,32,correct_answer_margin,vision_cls_attention,logit_concept,0.015625
11473::111::cub_attribute_yes_no_v1,11473,195,111,0,projector.output,32,raw_yes_minus_no,vision_cls_attention,logit_concept,-0.015625
11473::118::cub_attribute_yes_no_v1,11473,195,118,0,vision.late,32,correct_answer_margin,vision_cls_attention,logit_concept,0.1328125
11473::118::cub_attribute_yes_no_v1,11473,195,118,0,vision.late,32,raw_yes_minus_no,vision_cls_attention,logit_concept,-0.1328125
11473::118::cub_attribute_yes_no_v1,11473,195,118,0,projector.output,32,correct_answer_margin,vision_cls_attention,logit_concept,0.1328125
11473::118::cub_attribute_yes_no_v1,11473,195,118,0,projector.output,32,raw_yes_minus_no,vision_cls_attention,logit_concept,-0.1328125
11473::120::cub_attribute_yes_no_v1,11473,195,120,1,vision.late,32,correct_answer_margin,vision_cls_attention,logit_concept,-0.20052083333333331
11473::120::cub_attribute_yes_no_v1,11473,195,120,1,vision.late,32,raw_yes_minus_no,vision_cls_attention,logit_concept,-0.20052083333333331
11473::120::cub_attribute_yes_no_v1,11473,195,120,1,projector.output,32,correct_answer_margin,vision_cls_attention,logit_concept,-0.20052083333333331
11473::120::cub_attribute_yes_no_v1,11473,195,120,1,projector.output,32,raw_yes_minus_no,vision_cls_attention,logit_concept,-0.20052083333333331
11473::295::cub_attribute_yes_no_v1,11473,195,295,1,vision.late,32,correct_answer_margin,vision_cls_attention,logit_concept,0.0390625
11473::295::cub_attribute_yes_no_v1,11473,195,295,1,vision.late,32,raw_yes_minus_no,vision_cls_attention,logit_concept,0.0390625
11473::295::cub_attribute_yes_no_v1,11473,195,295,1,projector.output,32,correct_answer_margin,vision_cls_attention,logit_concept,0.04166666666666666
11473::295::cub_attribute_yes_no_v1,11473,195,295,1,projector.output,32,raw_yes_minus_no,vision_cls_attention,logit_concept,0.04166666666666666
11473::305::cub_attribute_yes_no_v1,11473,195,305,0,vision.late,32,correct_answer_margin,vision_cls_attention,logit_concept,0.203125
11473::305::cub_attribute_yes_no_v1,11473,195,305,0,vision.late,32,raw_yes_minus_no,vision_cls_attention,logit_concept,-0.203125
11473::305::cub_attribute_yes_no_v1,11473,195,305,0,projector.output,32,correct_answer_margin,vision_cls_attention,logit_concept,0.18489583333333334
11473::305::cub_attribute_yes_no_v1,11473,195,305,0,projector.output,32,raw_yes_minus_no,vision_cls_attention,logit_concept,-0.18489583333333334
11473::306::cub_attribute_yes_no_v1,11473,195,306,0,vision.late,32,correct_answer_margin,vision_cls_attention,logit_concept,0.07552083333333333
11473::306::cub_attribute_yes_no_v1,11473,195,306,0,vision.late,32,raw_yes_minus_no,vision_cls_attention,logit_concept,-0.07552083333333333
11473::306::cub_attribute_yes_no_v1,11473,195,306,0,projector.output,32,correct_answer_margin,vision_cls_attention,logit_concept,0.0703125
11473::306::cub_attribute_yes_no_v1,11473,195,306,0,projector.output,32,raw_yes_minus_no,vision_cls_attention,logit_concept,-0.0703125
11473::308::cub_attribute_yes_no_v1,11473,195,308,0,vision.late,32,correct_answer_margin,vision_cls_attention,logit_concept,-0.06510416666666666
11473::308::cub_attribute_yes_no_v1,11473,195,308,0,vision.late,32,raw_yes_minus_no,vision_cls_attention,logit_concept,0.06510416666666666
11473::308::cub_attribute_yes_no_v1,11473,195,308,0,projector.output,32,correct_answer_margin,vision_cls_attention,logit_concept,-0.04427083333333334
11473::308::cub_attribute_yes_no_v1,11473,195,308,0,projector.output,32,raw_yes_minus_no,vision_cls_attention,logit_concept,0.04427083333333334
11473::309::cub_attribute_yes_no_v1,11473,195,309,0,vision.late,32,correct_answer_margin,vision_cls_attention,logit_concept,0.21875
11473::309::cub_attribute_yes_no_v1,11473,195,309,0,vision.late,32,raw_yes_minus_no,vision_cls_attention,logit_concept,-0.21875
11473::309::cub_attribute_yes_no_v1,11473,195,309,0,projector.output,32,correct_answer_margin,vision_cls_attention,logit_concept,0.203125
11473::309::cub_attribute_yes_no_v1,11473,195,309,0,projector.output,32,raw_yes_minus_no,vision_cls_attention,logit_concept,-0.203125
11473::311::cub_attribute_yes_no_v1,11473,195,311,1,vision.late,32,correct_answer_margin,vision_cls_attention,logit_concept,-0.23697916666666666
11473::311::cub_attribute_yes_no_v1,11473,195,311,1,vision.late,32,raw_yes_minus_no,vision_cls_attention,logit_concept,-0.23697916666666666
11473::311::cub_attribute_yes_no_v1,11473,195,311,1,projector.output,32,correct_answer_margin,vision_cls_attention,logit_concept,-0.34114583333333337
11473::311::cub_attribute_yes_no_v1,11473,195,311,1,projector.output,32,raw_yes_minus_no,vision_cls_attention,logit_concept,-0.34114583333333337
11485::100::cub_attribute_yes_no_v1,11485,195,100,1,vision.late,32,correct_answer_margin,vision_cls_attention,logit_concept,0.21614583333333331
11485::100::cub_attribute_yes_no_v1,11485,195,100,1,vision.late,32,raw_yes_minus_no,vision_cls_attention,logit_concept,0.21614583333333331
11485::100::cub_attribute_yes_no_v1,11485,195,100,1,projector.output,32,correct_answer_margin,vision_cls_attention,logit_concept,0.1875
11485::100::cub_attribute_yes_no_v1,11485,195,100,1,projector.output,32,raw_yes_minus_no,vision_cls_attention,logit_concept,0.1875
11485::103::cub_attribute_yes_no_v1,11485,195,103,1,vision.late,32,correct_answer_margin,vision_cls_attention,logit_concept,0.078125
11485::103::cub_attribute_yes_no_v1,11485,195,103,1,vision.late,32,raw_yes_minus_no,vision_cls_attention,logit_concept,0.078125
11485::103::cub_attribute_yes_no_v1,11485,195,103,1,projector.output,32,correct_answer_margin,vision_cls_attention,logit_concept,0.0859375
11485::103::cub_attribute_yes_no_v1,11485,195,103,1,projector.output,32,raw_yes_minus_no,vision_cls_attention,logit_concept,0.0859375
11485::105::cub_attribute_yes_no_v1,11485,195,105,1,vision.late,32,correct_answer_margin,vision_cls_attention,logit_concept,0.34375
11485::105::cub_attribute_yes_no_v1,11485,195,105,1,vision.late,32,raw_yes_minus_no,vision_cls_attention,logit_concept,0.34375
11485::105::cub_attribute_yes_no_v1,11485,195,105,1,projector.output,32,correct_answer_margin,vision_cls_attention,logit_concept,0.4088541666666667
11485::105::cub_attribute_yes_no_v1,11485,195,105,1,projector.output,32,raw_yes_minus_no,vision_cls_attention,logit_concept,0.4088541666666667
11485::107::cub_attribute_yes_no_v1,11485,195,107,0,vision.late,32,correct_answer_margin,vision_cls_attention,logit_concept,0.359375
11485::107::cub_attribute_yes_no_v1,11485,195,107,0,vision.late,32,raw_yes_minus_no,vision_cls_attention,logit_concept,-0.359375
11485::107::cub_attribute_yes_no_v1,11485,195,107,0,projector.output,32,correct_answer_margin,vision_cls_attention,logit_concept,0.3125
11485::107::cub_attribute_yes_no_v1,11485,195,107,0,projector.output,32,raw_yes_minus_no,vision_cls_attention,logit_concept,-0.3125
11485::118::cub_attribute_yes_no_v1,11485,195,118,0,vision.late,32,correct_answer_margin,vision_cls_attention,logit_concept,-0.390625
11485::118::cub_attribute_yes_no_v1,11485,195,118,0,vision.late,32,raw_yes_minus_no,vision_cls_attention,logit_concept,0.390625
11485::118::cub_attribute_yes_no_v1,11485,195,118,0,projector.output,32,correct_answer_margin,vision_cls_attention,logit_concept,-0.30208333333333337
11485::118::cub_attribute_yes_no_v1,11485,195,118,0,projector.output,32,raw_yes_minus_no,vision_cls_attention,logit_concept,0.30208333333333337
11485::120::cub_attribute_yes_no_v1,11485,195,120,1,vision.late,32,correct_answer_margin,vision_cls_attention,logit_concept,0.059895833333333336
11485::120::cub_attribute_yes_no_v1,11485,195,120,1,vision.late,32,raw_yes_minus_no,vision_cls_attention,logit_concept,0.059895833333333336
11485::120::cub_attribute_yes_no_v1,11485,195,120,1,projector.output,32,correct_answer_margin,vision_cls_attention,logit_concept,0.05989583333333333
11485::120::cub_attribute_yes_no_v1,11485,195,120,1,projector.output,32,raw_yes_minus_no,vision_cls_attention,logit_concept,0.05989583333333333
11485::295::cub_attribute_yes_no_v1,11485,195,295,1,vision.late,32,correct_answer_margin,vision_cls_attention,logit_concept,-0.0078125
11485::295::cub_attribute_yes_no_v1,11485,195,295,1,vision.late,32,raw_yes_minus_no,vision_cls_attention,logit_concept,-0.0078125
11485::295::cub_attribute_yes_no_v1,11485,195,295,1,projector.output,32,correct_answer_margin,vision_cls_attention,logit_concept,0.015624999999999997
11485::295::cub_attribute_yes_no_v1,11485,195,295,1,projector.output,32,raw_yes_minus_no,vision_cls_attention,logit_concept,0.015624999999999997
11485::299::cub_attribute_yes_no_v1,11485,195,299,0,vision.late,32,correct_answer_margin,vision_cls_attention,logit_concept,-0.14583333333333334
11485::299::cub_attribute_yes_no_v1,11485,195,299,0,vision.late,32,raw_yes_minus_no,vision_cls_attention,logit_concept,0.14583333333333334
11485::299::cub_attribute_yes_no_v1,11485,195,299,0,projector.output,32,correct_answer_margin,vision_cls_attention,logit_concept,-0.02604166666666667
11485::299::cub_attribute_yes_no_v1,11485,195,299,0,projector.output,32,raw_yes_minus_no,vision_cls_attention,logit_concept,0.02604166666666667
11485::2::cub_attribute_yes_no_v1,11485,195,2,0,vision.late,32,correct_answer_margin,vision_cls_attention,logit_concept,0.13802083333333331
11485::2::cub_attribute_yes_no_v1,11485,195,2,0,vision.late,32,raw_yes_minus_no,vision_cls_attention,logit_concept,-0.13802083333333331
11485::2::cub_attribute_yes_no_v1,11485,195,2,0,projector.output,32,correct_answer_margin,vision_cls_attention,logit_concept,0.12239583333333334
11485::2::cub_attribute_yes_no_v1,11485,195,2,0,projector.output,32,raw_yes_minus_no,vision_cls_attention,logit_concept,-0.12239583333333334
11485::305::cub_attribute_yes_no_v1,11485,195,305,0,vision.late,32,correct_answer_margin,vision_cls_attention,logit_concept,0.32552083333333337
11485::305::cub_attribute_yes_no_v1,11485,195,305,0,vision.late,32,raw_yes_minus_no,vision_cls_attention,logit_concept,-0.32552083333333337
11485::305::cub_attribute_yes_no_v1,11485,195,305,0,projector.output,32,correct_answer_margin,vision_cls_attention,logit_concept,0.31770833333333337
11485::305::cub_attribute_yes_no_v1,11485,195,305,0,projector.output,32,raw_yes_minus_no,vision_cls_attention,logit_concept,-0.31770833333333337
11485::309::cub_attribute_yes_no_v1,11485,195,309,0,vision.late,32,correct_answer_margin,vision_cls_attention,logit_concept,0.42447916666666663
11485::309::cub_attribute_yes_no_v1,11485,195,309,0,vision.late,32,raw_yes_minus_no,vision_cls_attention,logit_concept,-0.42447916666666663
11485::309::cub_attribute_yes_no_v1,11485,195,309,0,projector.output,32,correct_answer_margin,vision_cls_attention,logit_concept,0.3854166666666667
11485::309::cub_attribute_yes_no_v1,11485,195,309,0,projector.output,32,raw_yes_minus_no,vision_cls_attention,logit_concept,-0.3854166666666667
11485::311::cub_attribute_yes_no_v1,11485,195,311,1,vision.late,32,correct_answer_margin,vision_cls_attention,logit_concept,-0.171875
11485::311::cub_attribute_yes_no_v1,11485,195,311,1,vision.late,32,raw_yes_minus_no,vision_cls_attention,logit_concept,-0.171875
11485::311::cub_attribute_yes_no_v1,11485,195,311,1,projector.output,32,correct_answer_margin,vision_cls_attention,logit_concept,-0.20833333333333331
11485::311::cub_attribute_yes_no_v1,11485,195,311,1,projector.output,32,raw_yes_minus_no,vision_cls_attention,logit_concept,-0.20833333333333331
11485::7::cub_attribute_yes_no_v1,11485,195,7,0,vision.late,32,correct_answer_margin,vision_cls_attention,logit_concept,0.04947916666666666
11485::7::cub_attribute_yes_no_v1,11485,195,7,0,vision.late,32,raw_yes_minus_no,vision_cls_attention,logit_concept,-0.04947916666666666
11485::7::cub_attribute_yes_no_v1,11485,195,7,0,projector.output,32,correct_answer_margin,vision_cls_attention,logit_concept,0.07031250000000001
11485::7::cub_attribute_yes_no_v1,11485,195,7,0,projector.output,32,raw_yes_minus_no,vision_cls_attention,logit_concept,-0.07031250000000001
1344::101::cub_attribute_yes_no_v1,1344,25,101,0,vision.late,32,correct_answer_margin,vision_cls_attention,logit_concept,-0.6119791666666666
1344::101::cub_attribute_yes_no_v1,1344,25,101,0,vision.late,32,raw_yes_minus_no,vision_cls_attention,logit_concept,0.6119791666666666
1344::101::cub_attribute_yes_no_v1,1344,25,101,0,projector.output,32,correct_answer_margin,vision_cls_attention,logit_concept,-0.6640625
1344::101::cub_attribute_yes_no_v1,1344,25,101,0,projector.output,32,raw_yes_minus_no,vision_cls_attention,logit_concept,0.6640625
1344::104::cub_attribute_yes_no_v1,1344,25,104,0,vision.late,32,correct_answer_margin,vision_cls_attention,logit_concept,-0.6145833333333333
1344::104::cub_attribute_yes_no_v1,1344,25,104,0,vision.late,32,raw_yes_minus_no,vision_cls_attention,logit_concept,0.6145833333333333
1344::104::cub_attribute_yes_no_v1,1344,25,104,0,projector.output,32,correct_answer_margin,vision_cls_attention,logit_concept,-0.7135416666666667
1344::104::cub_attribute_yes_no_v1,1344,25,104,0,projector.output,32,raw_yes_minus_no,vision_cls_attention,logit_concept,0.7135416666666667
1344::305::cub_attribute_yes_no_v1,1344,25,305,1,vision.late,32,correct_answer_margin,vision_cls_attention,logit_concept,0.5260416666666666
1344::305::cub_attribute_yes_no_v1,1344,25,305,1,vision.late,32,raw_yes_minus_no,vision_cls_attention,logit_concept,0.5260416666666666
1344::305::cub_attribute_yes_no_v1,1344,25,305,1,projector.output,32,correct_answer_margin,vision_cls_attention,logit_concept,0.5442708333333334
1344::305::cub_attribute_yes_no_v1,1344,25,305,1,projector.output,32,raw_yes_minus_no,vision_cls_attention,logit_concept,0.5442708333333334
1344::309::cub_attribute_yes_no_v1,1344,25,309,1,vision.late,32,correct_answer_margin,vision_cls_attention,logit_concept,-0.17708333333333331
1344::309::cub_attribute_yes_no_v1,1344,25,309,1,vision.late,32,raw_yes_minus_no,vision_cls_attention,logit_concept,-0.17708333333333331
1344::309::cub_attribute_yes_no_v1,1344,25,309,1,projector.output,32,correct_answer_margin,vision_cls_attention,logit_concept,-0.18229166666666669
1344::309::cub_attribute_yes_no_v1,1344,25,309,1,projector.output,32,raw_yes_minus_no,vision_cls_attention,logit_concept,-0.18229166666666669
1344::311::cub_attribute_yes_no_v1,1344,25,311,0,vision.late,32,correct_answer_margin,vision_cls_attention,logit_concept,0.07291666666666669
1344::311::cub_attribute_yes_no_v1,1344,25,311,0,vision.late,32,raw_yes_minus_no,vision_cls_attention,logit_concept,-0.07291666666666669
1344::311::cub_attribute_yes_no_v1,1344,25,311,0,projector.output,32,correct_answer_margin,vision_cls_attention,logit_concept,0.036458333333333315
1344::311::cub_attribute_yes_no_v1,1344,25,311,0,projector.output,32,raw_yes_minus_no,vision_cls_attention,logit_concept,-0.036458333333333315
1358::100::cub_attribute_yes_no_v1,1358,25,100,0,vision.late,32,correct_answer_margin,vision_cls_attention,logit_concept,-0.140625
1358::100::cub_attribute_yes_no_v1,1358,25,100,0,vision.late,32,raw_yes_minus_no,vision_cls_attention,logit_concept,0.140625
1358::100::cub_attribute_yes_no_v1,1358,25,100,0,projector.output,32,correct_answer_margin,vision_cls_attention,logit_concept,-0.17708333333333331
1358::100::cub_attribute_yes_no_v1,1358,25,100,0,projector.output,32,raw_yes_minus_no,vision_cls_attention,logit_concept,0.17708333333333331
1358::105::cub_attribute_yes_no_v1,1358,25,105,0,vision.late,32,correct_answer_margin,vision_cls_attention,logit_concept,-0.09375
1358::105::cub_attribute_yes_no_v1,1358,25,105,0,vision.late,32,raw_yes_minus_no,vision_cls_attention,logit_concept,0.09375
1358::105::cub_attribute_yes_no_v1,1358,25,105,0,projector.output,32,correct_answer_margin,vision_cls_attention,logit_concept,-0.09635416666666667
1358::105::cub_attribute_yes_no_v1,1358,25,105,0,projector.output,32,raw_yes_minus_no,vision_cls_attention,logit_concept,0.09635416666666667
1358::117::cub_attribute_yes_no_v1,1358,25,117,0,vision.late,32,correct_answer_margin,vision_cls_attention,logit_concept,0.12760416666666666
1358::117::cub_attribute_yes_no_v1,1358,25,117,0,vision.late,32,raw_yes_minus_no,vision_cls_attention,logit_concept,-0.12760416666666666
1358::117::cub_attribute_yes_no_v1,1358,25,117,0,projector.output,32,correct_answer_margin,vision_cls_attention,logit_concept,0.11197916666666666
1358::117::cub_attribute_yes_no_v1,1358,25,117,0,projector.output,32,raw_yes_minus_no,vision_cls_attention,logit_concept,-0.11197916666666666
1358::118::cub_attribute_yes_no_v1,1358,25,118,0,vision.late,32,correct_answer_margin,vision_cls_attention,logit_concept,-0.17447916666666669
1358::118::cub_attribute_yes_no_v1,1358,25,118,0,vision.late,32,raw_yes_minus_no,vision_cls_attention,logit_concept,0.17447916666666669
1358::118::cub_attribute_yes_no_v1,1358,25,118,0,projector.output,32,correct_answer_margin,vision_cls_attention,logit_concept,-0.20572916666666669
1358::118::cub_attribute_yes_no_v1,1358,25,118,0,projector.output,32,raw_yes_minus_no,vision_cls_attention,logit_concept,0.20572916666666669
1358::120::cub_attribute_yes_no_v1,1358,25,120,0,vision.late,32,correct_answer_margin,vision_cls_attention,logit_concept,-0.234375
1358::120::cub_attribute_yes_no_v1,1358,25,120,0,vision.late,32,raw_yes_minus_no,vision_cls_attention,logit_concept,0.234375
1358::120::cub_attribute_yes_no_v1,1358,25,120,0,projector.output,32,correct_answer_margin,vision_cls_attention,logit_concept,-0.24739583333333331
1358::120::cub_attribute_yes_no_v1,1358,25,120,0,projector.output,32,raw_yes_minus_no,vision_cls_attention,logit_concept,0.24739583333333331
1358::295::cub_attribute_yes_no_v1,1358,25,295,0,vision.late,32,correct_answer_margin,vision_cls_attention,logit_concept,0.026041666666666664
1358::295::cub_attribute_yes_no_v1,1358,25,295,0,vision.late,32,raw_yes_minus_no,vision_cls_attention,logit_concept,-0.026041666666666664
1358::295::cub_attribute_yes_no_v1,1358,25,295,0,projector.output,32,correct_answer_margin,vision_cls_attention,logit_concept,0.020833333333333336
1358::295::cub_attribute_yes_no_v1,1358,25,295,0,projector.output,32,raw_yes_minus_no,vision_cls_attention,logit_concept,-0.020833333333333336
1360::101::cub_attribute_yes_no_v1,1360,25,101,0,vision.late,32,correct_answer_margin,vision_cls_attention,logit_concept,-0.04166666666666667
1360::101::cub_attribute_yes_no_v1,1360,25,101,0,vision.late,32,raw_yes_minus_no,vision_cls_attention,logit_concept,0.04166666666666667
1360::101::cub_attribute_yes_no_v1,1360,25,101,0,projector.output,32,correct_answer_margin,vision_cls_attention,logit_concept,-0.05989583333333332
1360::101::cub_attribute_yes_no_v1,1360,25,101,0,projector.output,32,raw_yes_minus_no,vision_cls_attention,logit_concept,0.05989583333333332
1360::104::cub_attribute_yes_no_v1,1360,25,104,1,vision.late,32,correct_answer_margin,vision_cls_attention,logit_concept,0.15885416666666666
1360::104::cub_attribute_yes_no_v1,1360,25,104,1,vision.late,32,raw_yes_minus_no,vision_cls_attention,logit_concept,0.15885416666666666
1360::104::cub_attribute_yes_no_v1,1360,25,104,1,projector.output,32,correct_answer_margin,vision_cls_attention,logit_concept,0.15625
1360::104::cub_attribute_yes_no_v1,1360,25,104,1,projector.output,32,raw_yes_minus_no,vision_cls_attention,logit_concept,0.15625
1360::309::cub_attribute_yes_no_v1,1360,25,309,1,vision.late,32,correct_answer_margin,vision_cls_attention,logit_concept,0.020833333333333343
1360::309::cub_attribute_yes_no_v1,1360,25,309,1,vision.late,32,raw_yes_minus_no,vision_cls_attention,logit_concept,0.020833333333333343
1360::309::cub_attribute_yes_no_v1,1360,25,309,1,projector.output,32,correct_answer_margin,vision_cls_attention,logit_concept,0.06770833333333333
1360::309::cub_attribute_yes_no_v1,1360,25,309,1,projector.output,32,raw_yes_minus_no,vision_cls_attention,logit_concept,0.06770833333333333
1360::5::cub_attribute_yes_no_v1,1360,25,5,1,vision.late,32,correct_answer_margin,vision_cls_attention,logit_concept,0.04947916666666667
1360::5::cub_attribute_yes_no_v1,1360,25,5,1,vision.late,32,raw_yes_minus_no,vision_cls_attention,logit_concept,0.04947916666666667
1360::5::cub_attribute_yes_no_v1,1360,25,5,1,projector.output,32,correct_answer_margin,vision_cls_attention,logit_concept,0.05468749999999999
1360::5::cub_attribute_yes_no_v1,1360,25,5,1,projector.output,32,raw_yes_minus_no,vision_cls_attention,logit_concept,0.05468749999999999
1360::7::cub_attribute_yes_no_v1,1360,25,7,0,vision.late,32,correct_answer_margin,vision_cls_attention,logit_concept,0.04427083333333334
1360::7::cub_attribute_yes_no_v1,1360,25,7,0,vision.late,32,raw_yes_minus_no,vision_cls_attention,logit_concept,-0.04427083333333334
1360::7::cub_attribute_yes_no_v1,1360,25,7,0,projector.output,32,correct_answer_margin,vision_cls_attention,logit_concept,-3.469446951953614e-18
1360::7::cub_attribute_yes_no_v1,1360,25,7,0,projector.output,32,raw_yes_minus_no,vision_cls_attention,logit_concept,3.469446951953614e-18
1360::8::cub_attribute_yes_no_v1,1360,25,8,0,vision.late,32,correct_answer_margin,vision_cls_attention,logit_concept,-0.18229166666666669
1360::8::cub_attribute_yes_no_v1,1360,25,8,0,vision.late,32,raw_yes_minus_no,vision_cls_attention,logit_concept,0.18229166666666669
1360::8::cub_attribute_yes_no_v1,1360,25,8,0,projector.output,32,correct_answer_margin,vision_cls_attention,logit_concept,-0.171875
1360::8::cub_attribute_yes_no_v1,1360,25,8,0,projector.output,32,raw_yes_minus_no,vision_cls_attention,logit_concept,0.171875
1402::101::cub_attribute_yes_no_v1,1402,25,101,0,vision.late,32,correct_answer_margin,vision_cls_attention,logit_concept,-1.1145833333333335
1402::101::cub_attribute_yes_no_v1,1402,25,101,0,vision.late,32,raw_yes_minus_no,vision_cls_attention,logit_concept,1.1145833333333335
1402::101::cub_attribute_yes_no_v1,1402,25,101,0,projector.output,32,correct_answer_margin,vision_cls_attention,logit_concept,-1.1927083333333333
1402::101::cub_attribute_yes_no_v1,1402,25,101,0,projector.output,32,raw_yes_minus_no,vision_cls_attention,logit_concept,1.1927083333333333
1402::102::cub_attribute_yes_no_v1,1402,25,102,1,vision.late,32,correct_answer_margin,vision_cls_attention,logit_concept,-0.5390625
1402::102::cub_attribute_yes_no_v1,1402,25,102,1,vision.late,32,raw_yes_minus_no,vision_cls_attention,logit_concept,-0.5390625
1402::102::cub_attribute_yes_no_v1,1402,25,102,1,projector.output,32,correct_answer_margin,vision_cls_attention,logit_concept,-0.4947916666666667
1402::102::cub_attribute_yes_no_v1,1402,25,102,1,projector.output,32,raw_yes_minus_no,vision_cls_attention,logit_concept,-0.4947916666666667
1402::295::cub_attribute_yes_no_v1,1402,25,295,0,vision.late,32,correct_answer_margin,vision_cls_attention,logit_concept,-0.4375
1402::295::cub_attribute_yes_no_v1,1402,25,295,0,vision.late,32,raw_yes_minus_no,vision_cls_attention,logit_concept,0.4375
1402::295::cub_attribute_yes_no_v1,1402,25,295,0,projector.output,32,correct_answer_margin,vision_cls_attention,logit_concept,-0.40885416666666663
1402::295::cub_attribute_yes_no_v1,1402,25,295,0,projector.output,32,raw_yes_minus_no,vision_cls_attention,logit_concept,0.40885416666666663
1402::299::cub_attribute_yes_no_v1,1402,25,299,0,vision.late,32,correct_answer_margin,vision_cls_attention,logit_concept,-0.1796875
1402::299::cub_attribute_yes_no_v1,1402,25,299,0,vision.late,32,raw_yes_minus_no,vision_cls_attention,logit_concept,0.1796875
1402::299::cub_attribute_yes_no_v1,1402,25,299,0,projector.output,32,correct_answer_margin,vision_cls_attention,logit_concept,-0.15104166666666666
1402::299::cub_attribute_yes_no_v1,1402,25,299,0,projector.output,32,raw_yes_minus_no,vision_cls_attention,logit_concept,0.15104166666666666
1402::305::cub_attribute_yes_no_v1,1402,25,305,1,vision.late,32,correct_answer_margin,vision_cls_attention,logit_concept,0.265625
1402::305::cub_attribute_yes_no_v1,1402,25,305,1,vision.late,32,raw_yes_minus_no,vision_cls_attention,logit_concept,0.265625
1402::305::cub_attribute_yes_no_v1,1402,25,305,1,projector.output,32,correct_answer_margin,vision_cls_attention,logit_concept,0.27864583333333337
1402::305::cub_attribute_yes_no_v1,1402,25,305,1,projector.output,32,raw_yes_minus_no,vision_cls_attention,logit_concept,0.27864583333333337
1402::309::cub_attribute_yes_no_v1,1402,25,309,1,vision.late,32,correct_answer_margin,vision_cls_attention,logit_concept,-0.17447916666666666
1402::309::cub_attribute_yes_no_v1,1402,25,309,1,vision.late,32,raw_yes_minus_no,vision_cls_attention,logit_concept,-0.17447916666666666
1402::309::cub_attribute_yes_no_v1,1402,25,309,1,projector.output,32,correct_answer_margin,vision_cls_attention,logit_concept,-0.20833333333333331
1402::309::cub_attribute_yes_no_v1,1402,25,309,1,projector.output,32,raw_yes_minus_no,vision_cls_attention,logit_concept,-0.20833333333333331
1402::311::cub_attribute_yes_no_v1,1402,25,311,0,vision.late,32,correct_answer_margin,vision_cls_attention,logit_concept,-0.36458333333333337
1402::311::cub_attribute_yes_no_v1,1402,25,311,0,vision.late,32,raw_yes_minus_no,vision_cls_attention,logit_concept,0.36458333333333337
1402::311::cub_attribute_yes_no_v1,1402,25,311,0,projector.output,32,correct_answer_margin,vision_cls_attention,logit_concept,-0.2604166666666667
1402::311::cub_attribute_yes_no_v1,1402,25,311,0,projector.output,32,raw_yes_minus_no,vision_cls_attention,logit_concept,0.2604166666666667
1402::7::cub_attribute_yes_no_v1,1402,25,7,0,vision.late,32,correct_answer_margin,vision_cls_attention,logit_concept,-0.3984375
1402::7::cub_attribute_yes_no_v1,1402,25,7,0,vision.late,32,raw_yes_minus_no,vision_cls_attention,logit_concept,0.3984375
1402::7::cub_attribute_yes_no_v1,1402,25,7,0,projector.output,32,correct_answer_margin,vision_cls_attention,logit_concept,-0.3984375
1402::7::cub_attribute_yes_no_v1,1402,25,7,0,projector.output,32,raw_yes_minus_no,vision_cls_attention,logit_concept,0.3984375
1402::96::cub_attribute_yes_no_v1,1402,25,96,0,vision.late,32,correct_answer_margin,vision_cls_attention,logit_concept,-0.14583333333333334
1402::96::cub_attribute_yes_no_v1,1402,25,96,0,vision.late,32,raw_yes_minus_no,vision_cls_attention,logit_concept,0.14583333333333334
1402::96::cub_attribute_yes_no_v1,1402,25,96,0,projector.output,32,correct_answer_margin,vision_cls_attention,logit_concept,-0.13802083333333331
1402::96::cub_attribute_yes_no_v1,1402,25,96,0,projector.output,32,raw_yes_minus_no,vision_cls_attention,logit_concept,0.13802083333333331
1994::100::cub_attribute_yes_no_v1,1994,36,100,1,vision.late,32,correct_answer_margin,vision_cls_attention,logit_concept,0.059895833333333336
1994::100::cub_attribute_yes_no_v1,1994,36,100,1,vision.late,32,raw_yes_minus_no,vision_cls_attention,logit_concept,0.059895833333333336
1994::100::cub_attribute_yes_no_v1,1994,36,100,1,projector.output,32,correct_answer_margin,vision_cls_attention,logit_concept,0.09114583333333333
1994::100::cub_attribute_yes_no_v1,1994,36,100,1,projector.output,32,raw_yes_minus_no,vision_cls_attention,logit_concept,0.09114583333333333
1994::104::cub_attribute_yes_no_v1,1994,36,104,0,vision.late,32,correct_answer_margin,vision_cls_attention,logit_concept,0.3020833333333333
1994::104::cub_attribute_yes_no_v1,1994,36,104,0,vision.late,32,raw_yes_minus_no,vision_cls_attention,logit_concept,-0.3020833333333333
1994::104::cub_attribute_yes_no_v1,1994,36,104,0,projector.output,32,correct_answer_margin,vision_cls_attention,logit_concept,0.2630208333333333
1994::104::cub_attribute_yes_no_v1,1994,36,104,0,projector.output,32,raw_yes_minus_no,vision_cls_attention,logit_concept,-0.2630208333333333
1994::105::cub_attribute_yes_no_v1,1994,36,105,0,vision.late,32,correct_answer_margin,vision_cls_attention,logit_concept,0.8880208333333333
1994::105::cub_attribute_yes_no_v1,1994,36,105,0,vision.late,32,raw_yes_minus_no,vision_cls_attention,logit_concept,-0.8880208333333333
1994::105::cub_attribute_yes_no_v1,1994,36,105,0,projector.output,32,correct_answer_margin,vision_cls_attention,logit_concept,0.8619791666666667
1994::105::cub_attribute_yes_no_v1,1994,36,105,0,projector.output,32,raw_yes_minus_no,vision_cls_attention,logit_concept,-0.8619791666666667
1994::107::cub_attribute_yes_no_v1,1994,36,107,1,vision.late,32,correct_answer_margin,vision_cls_attention,logit_concept,-0.28125
1994::107::cub_attribute_yes_no_v1,1994,36,107,1,vision.late,32,raw_yes_minus_no,vision_cls_attention,logit_concept,-0.28125
1994::107::cub_attribute_yes_no_v1,1994,36,107,1,projector.output,32,correct_answer_margin,vision_cls_attention,logit_concept,-0.3203125
1994::107::cub_attribute_yes_no_v1,1994,36,107,1,projector.output,32,raw_yes_minus_no,vision_cls_attention,logit_concept,-0.3203125
1994::111::cub_attribute_yes_no_v1,1994,36,111,1,vision.late,32,correct_answer_margin,vision_cls_attention,logit_concept,-0.5364583333333334
1994::111::cub_attribute_yes_no_v1,1994,36,111,1,vision.late,32,raw_yes_minus_no,vision_cls_attention,logit_concept,-0.5364583333333334
1994::111::cub_attribute_yes_no_v1,1994,36,111,1,projector.output,32,correct_answer_margin,vision_cls_attention,logit_concept,-0.5833333333333334
1994::111::cub_attribute_yes_no_v1,1994,36,111,1,projector.output,32,raw_yes_minus_no,vision_cls_attention,logit_concept,-0.5833333333333334
1994::117::cub_attribute_yes_no_v1,1994,36,117,0,vision.late,32,correct_answer_margin,vision_cls_attention,logit_concept,0.3046875
1994::117::cub_attribute_yes_no_v1,1994,36,117,0,vision.late,32,raw_yes_minus_no,vision_cls_attention,logit_concept,-0.3046875
1994::117::cub_attribute_yes_no_v1,1994,36,117,0,projector.output,32,correct_answer_margin,vision_cls_attention,logit_concept,0.3125
1994::117::cub_attribute_yes_no_v1,1994,36,117,0,projector.output,32,raw_yes_minus_no,vision_cls_attention,logit_concept,-0.3125
1994::118::cub_attribute_yes_no_v1,1994,36,118,0,vision.late,32,correct_answer_margin,vision_cls_attention,logit_concept,0.4322916666666667
1994::118::cub_attribute_yes_no_v1,1994,36,118,0,vision.late,32,raw_yes_minus_no,vision_cls_attention,logit_concept,-0.4322916666666667
1994::118::cub_attribute_yes_no_v1,1994,36,118,0,projector.output,32,correct_answer_margin,vision_cls_attention,logit_concept,0.4166666666666667
1994::118::cub_attribute_yes_no_v1,1994,36,118,0,projector.output,32,raw_yes_minus_no,vision_cls_attention,logit_concept,-0.4166666666666667
1994::120::cub_attribute_yes_no_v1,1994,36,120,0,vision.late,32,correct_answer_margin,vision_cls_attention,logit_concept,0.09114583333333333
1994::120::cub_attribute_yes_no_v1,1994,36,120,0,vision.late,32,raw_yes_minus_no,vision_cls_attention,logit_concept,-0.09114583333333333
1994::120::cub_attribute_yes_no_v1,1994,36,120,0,projector.output,32,correct_answer_margin,vision_cls_attention,logit_concept,0.05208333333333334
1994::120::cub_attribute_yes_no_v1,1994,36,120,0,projector.output,32,raw_yes_minus_no,vision_cls_attention,logit_concept,-0.05208333333333334
1994::295::cub_attribute_yes_no_v1,1994,36,295,0,vision.late,32,correct_answer_margin,vision_cls_attention,logit_concept,0.5182291666666666
1994::295::cub_attribute_yes_no_v1,1994,36,295,0,vision.late,32,raw_yes_minus_no,vision_cls_attention,logit_concept,-0.5182291666666666
1994::295::cub_attribute_yes_no_v1,1994,36,295,0,projector.output,32,correct_answer_margin,vision_cls_attention,logit_concept,0.5572916666666666
1994::295::cub_attribute_yes_no_v1,1994,36,295,0,projector.output,32,raw_yes_minus_no,vision_cls_attention,logit_concept,-0.5572916666666666
1994::299::cub_attribute_yes_no_v1,1994,36,299,1,vision.late,32,correct_answer_margin,vision_cls_attention,logit_concept,-0.7265625
1994::299::cub_attribute_yes_no_v1,1994,36,299,1,vision.late,32,raw_yes_minus_no,vision_cls_attention,logit_concept,-0.7265625
1994::299::cub_attribute_yes_no_v1,1994,36,299,1,projector.output,32,correct_answer_margin,vision_cls_attention,logit_concept,-0.7682291666666666
1994::299::cub_attribute_yes_no_v1,1994,36,299,1,projector.output,32,raw_yes_minus_no,vision_cls_attention,logit_concept,-0.7682291666666666
1994::2::cub_attribute_yes_no_v1,1994,36,2,1,vision.late,32,correct_answer_margin,vision_cls_attention,logit_concept,0.9427083333333334
1994::2::cub_attribute_yes_no_v1,1994,36,2,1,vision.late,32,raw_yes_minus_no,vision_cls_attention,logit_concept,0.9427083333333334
1994::2::cub_attribute_yes_no_v1,1994,36,2,1,projector.output,32,correct_answer_margin,vision_cls_attention,logit_concept,0.9505208333333333
1994::2::cub_attribute_yes_no_v1,1994,36,2,1,projector.output,32,raw_yes_minus_no,vision_cls_attention,logit_concept,0.9505208333333333
1994::308::cub_attribute_yes_no_v1,1994,36,308,1,vision.late,32,correct_answer_margin,vision_cls_attention,logit_concept,-0.39583333333333337
1994::308::cub_attribute_yes_no_v1,1994,36,308,1,vision.late,32,raw_yes_minus_no,vision_cls_attention,logit_concept,-0.39583333333333337
1994::308::cub_attribute_yes_no_v1,1994,36,308,1,projector.output,32,correct_answer_margin,vision_cls_attention,logit_concept,-0.41927083333333337
1994::308::cub_attribute_yes_no_v1,1994,36,308,1,projector.output,32,raw_yes_minus_no,vision_cls_attention,logit_concept,-0.41927083333333337
1994::311::cub_attribute_yes_no_v1,1994,36,311,1,vision.late,32,correct_answer_margin,vision_cls_attention,logit_concept,0.07552083333333331
1994::311::cub_attribute_yes_no_v1,1994,36,311,1,vision.late,32,raw_yes_minus_no,vision_cls_attention,logit_concept,0.07552083333333331
1994::311::cub_attribute_yes_no_v1,1994,36,311,1,projector.output,32,correct_answer_margin,vision_cls_attention,logit_concept,0.10937499999999997
1994::311::cub_attribute_yes_no_v1,1994,36,311,1,projector.output,32,raw_yes_minus_no,vision_cls_attention,logit_concept,0.10937499999999997
1994::7::cub_attribute_yes_no_v1,1994,36,7,0,vision.late,32,correct_answer_margin,vision_cls_attention,logit_concept,-0.3671875
1994::7::cub_attribute_yes_no_v1,1994,36,7,0,vision.late,32,raw_yes_minus_no,vision_cls_attention,logit_concept,0.3671875
1994::7::cub_attribute_yes_no_v1,1994,36,7,0,projector.output,32,correct_answer_margin,vision_cls_attention,logit_concept,-0.42708333333333337
1994::7::cub_attribute_yes_no_v1,1994,36,7,0,projector.output,32,raw_yes_minus_no,vision_cls_attention,logit_concept,0.42708333333333337
1994::8::cub_attribute_yes_no_v1,1994,36,8,0,vision.late,32,correct_answer_margin,vision_cls_attention,logit_concept,-0.3697916666666667
1994::8::cub_attribute_yes_no_v1,1994,36,8,0,vision.late,32,raw_yes_minus_no,vision_cls_attention,logit_concept,0.3697916666666667
1994::8::cub_attribute_yes_no_v1,1994,36,8,0,projector.output,32,correct_answer_margin,vision_cls_attention,logit_concept,-0.4166666666666667
1994::8::cub_attribute_yes_no_v1,1994,36,8,0,projector.output,32,raw_yes_minus_no,vision_cls_attention,logit_concept,0.4166666666666667
2022::101::cub_attribute_yes_no_v1,2022,36,101,0,vision.late,32,correct_answer_margin,vision_cls_attention,logit_concept,0.049479166666666664
2022::101::cub_attribute_yes_no_v1,2022,36,101,0,vision.late,32,raw_yes_minus_no,vision_cls_attention,logit_concept,-0.049479166666666664
2022::101::cub_attribute_yes_no_v1,2022,36,101,0,projector.output,32,correct_answer_margin,vision_cls_attention,logit_concept,0.0234375
2022::101::cub_attribute_yes_no_v1,2022,36,101,0,projector.output,32,raw_yes_minus_no,vision_cls_attention,logit_concept,-0.0234375
2022::105::cub_attribute_yes_no_v1,2022,36,105,0,vision.late,32,correct_answer_margin,vision_cls_attention,logit_concept,-0.08593750000000001
2022::105::cub_attribute_yes_no_v1,2022,36,105,0,vision.late,32,raw_yes_minus_no,vision_cls_attention,logit_concept,0.08593750000000001
2022::105::cub_attribute_yes_no_v1,2022,36,105,0,projector.output,32,correct_answer_margin,vision_cls_attention,logit_concept,-0.059895833333333315
2022::105::cub_attribute_yes_no_v1,2022,36,105,0,projector.output,32,raw_yes_minus_no,vision_cls_attention,logit_concept,0.059895833333333315
2022::117::cub_attribute_yes_no_v1,2022,36,117,1,vision.late,32,correct_answer_margin,vision_cls_attention,logit_concept,-0.16666666666666669
2022::117::cub_attribute_yes_no_v1,2022,36,117,1,vision.late,32,raw_yes_minus_no,vision_cls_attention,logit_concept,-0.16666666666666669
2022::117::cub_attribute_yes_no_v1,2022,36,117,1,projector.output,32,correct_answer_margin,vision_cls_attention,logit_concept,-0.22916666666666669
2022::117::cub_attribute_yes_no_v1,2022,36,117,1,projector.output,32,raw_yes_minus_no,vision_cls_attention,logit_concept,-0.22916666666666669
2022::118::cub_attribute_yes_no_v1,2022,36,118,1,vision.late,32,correct_answer_margin,vision_cls_attention,logit_concept,-0.18489583333333331
2022::118::cub_attribute_yes_no_v1,2022,36,118,1,vision.late,32,raw_yes_minus_no,vision_cls_attention,logit_concept,-0.18489583333333331
2022::118::cub_attribute_yes_no_v1,2022,36,118,1,projector.output,32,correct_answer_margin,vision_cls_attention,logit_concept,-0.15885416666666666
2022::118::cub_attribute_yes_no_v1,2022,36,118,1,projector.output,32,raw_yes_minus_no,vision_cls_attention,logit_concept,-0.15885416666666666
2022::120::cub_attribute_yes_no_v1,2022,36,120,0,vision.late,32,correct_answer_margin,vision_cls_attention,logit_concept,-0.057291666666666664
2022::120::cub_attribute_yes_no_v1,2022,36,120,0,vision.late,32,raw_yes_minus_no,vision_cls_attention,logit_concept,0.057291666666666664
2022::120::cub_attribute_yes_no_v1,2022,36,120,0,projector.output,32,correct_answer_margin,vision_cls_attention,logit_concept,-0.036458333333333336
2022::120::cub_attribute_yes_no_v1,2022,36,120,0,projector.output,32,raw_yes_minus_no,vision_cls_attention,logit_concept,0.036458333333333336
2022::295::cub_attribute_yes_no_v1,2022,36,295,1,vision.late,32,correct_answer_margin,vision_cls_attention,logit_concept,0.06770833333333334
2022::295::cub_attribute_yes_no_v1,2022,36,295,1,vision.late,32,raw_yes_minus_no,vision_cls_attention,logit_concept,0.06770833333333334
2022::295::cub_attribute_yes_no_v1,2022,36,295,1,projector.output,32,correct_answer_margin,vision_cls_attention,logit_concept,0.044270833333333336
2022::295::cub_attribute_yes_no_v1,2022,36,295,1,projector.output,32,raw_yes_minus_no,vision_cls_attention,logit_concept,0.044270833333333336
2022::299::cub_attribute_yes_no_v1,2022,36,299,0,vision.late,32,correct_answer_margin,vision_cls_attention,logit_concept,0.3046875
2022::299::cub_attribute_yes_no_v1,2022,36,299,0,vision.late,32,raw_yes_minus_no,vision_cls_attention,logit_concept,-0.3046875
2022::299::cub_attribute_yes_no_v1,2022,36,299,0,projector.output,32,correct_answer_margin,vision_cls_attention,logit_concept,0.34635416666666663
2022::299::cub_attribute_yes_no_v1,2022,36,299,0,projector.output,32,raw_yes_minus_no,vision_cls_attention,logit_concept,-0.34635416666666663
2022::305::cub_attribute_yes_no_v1,2022,36,305,0,vision.late,32,correct_answer_margin,vision_cls_attention,logit_concept,0.19010416666666669
2022::305::cub_attribute_yes_no_v1,2022,36,305,0,vision.late,32,raw_yes_minus_no,vision_cls_attention,logit_concept,-0.19010416666666669
2022::305::cub_attribute_yes_no_v1,2022,36,305,0,projector.output,32,correct_answer_margin,vision_cls_attention,logit_concept,0.27864583333333337
2022::305::cub_attribute_yes_no_v1,2022,36,305,0,projector.output,32,raw_yes_minus_no,vision_cls_attention,logit_concept,-0.27864583333333337
2022::308::cub_attribute_yes_no_v1,2022,36,308,1,vision.late,32,correct_answer_margin,vision_cls_attention,logit_concept,0.07552083333333333
2022::308::cub_attribute_yes_no_v1,2022,36,308,1,vision.late,32,raw_yes_minus_no,vision_cls_attention,logit_concept,0.07552083333333333
2022::308::cub_attribute_yes_no_v1,2022,36,308,1,projector.output,32,correct_answer_margin,vision_cls_attention,logit_concept,0.02864583333333333
2022::308::cub_attribute_yes_no_v1,2022,36,308,1,projector.output,32,raw_yes_minus_no,vision_cls_attention,logit_concept,0.02864583333333333
2022::311::cub_attribute_yes_no_v1,2022,36,311,1,vision.late,32,correct_answer_margin,vision_cls_attention,logit_concept,0.35416666666666663
2022::311::cub_attribute_yes_no_v1,2022,36,311,1,vision.late,32,raw_yes_minus_no,vision_cls_attention,logit_concept,0.35416666666666663
2022::311::cub_attribute_yes_no_v1,2022,36,311,1,projector.output,32,correct_answer_margin,vision_cls_attention,logit_concept,0.5130208333333334
2022::311::cub_attribute_yes_no_v1,2022,36,311,1,projector.output,32,raw_yes_minus_no,vision_cls_attention,logit_concept,0.5130208333333334
2036::117::cub_attribute_yes_no_v1,2036,36,117,1,vision.late,32,correct_answer_margin,vision_cls_attention,logit_concept,-0.09635416666666667
2036::117::cub_attribute_yes_no_v1,2036,36,117,1,vision.late,32,raw_yes_minus_no,vision_cls_attention,logit_concept,-0.09635416666666667
2036::117::cub_attribute_yes_no_v1,2036,36,117,1,projector.output,32,correct_answer_margin,vision_cls_attention,logit_concept,-0.109375
2036::117::cub_attribute_yes_no_v1,2036,36,117,1,projector.output,32,raw_yes_minus_no,vision_cls_attention,logit_concept,-0.109375
2036::118::cub_attribute_yes_no_v1,2036,36,118,0,vision.late,32,correct_answer_margin,vision_cls_attention,logit_concept,0.3046875
2036::118::cub_attribute_yes_no_v1,2036,36,118,0,vision.late,32,raw_yes_minus_no,vision_cls_attention,logit_concept,-0.3046875
2036::118::cub_attribute_yes_no_v1,2036,36,118,0,projector.output,32,correct_answer_margin,vision_cls_attention,logit_concept,0.36458333333333337
2036::118::cub_attribute_yes_no_v1,2036,36,118,0,projector.output,32,raw_yes_minus_no,vision_cls_attention,logit_concept,-0.36458333333333337
2042::103::cub_attribute_yes_no_v1,2042,36,103,1,vision.late,32,correct_answer_margin,vision_cls_attention,logit_concept,0.013020833333333329
2042::103::cub_attribute_yes_no_v1,2042,36,103,1,vision.late,32,raw_yes_minus_no,vision_cls_attention,logit_concept,0.013020833333333329
2042::103::cub_attribute_yes_no_v1,2042,36,103,1,projector.output,32,correct_answer_margin,vision_cls_attention,logit_concept,0.015625
2042::103::cub_attribute_yes_no_v1,2042,36,103,1,projector.output,32,raw_yes_minus_no,vision_cls_attention,logit_concept,0.015625
2042::105::cub_attribute_yes_no_v1,2042,36,105,1,vision.late,32,correct_answer_margin,vision_cls_attention,logit_concept,-0.08333333333333334
2042::105::cub_attribute_yes_no_v1,2042,36,105,1,vision.late,32,raw_yes_minus_no,vision_cls_attention,logit_concept,-0.08333333333333334
2042::105::cub_attribute_yes_no_v1,2042,36,105,1,projector.output,32,correct_answer_margin,vision_cls_attention,logit_concept,-0.049479166666666664
2042::105::cub_attribute_yes_no_v1,2042,36,105,1,projector.output,32,raw_yes_minus_no,vision_cls_attention,logit_concept,-0.049479166666666664
2042::111::cub_attribute_yes_no_v1,2042,36,111,0,vision.late,32,correct_answer_margin,vision_cls_attention,logit_concept,0.044270833333333336
2042::111::cub_attribute_yes_no_v1,2042,36,111,0,vision.late,32,raw_yes_minus_no,vision_cls_attention,logit_concept,-0.044270833333333336
2042::111::cub_attribute_yes_no_v1,2042,36,111,0,projector.output,32,correct_answer_margin,vision_cls_attention,logit_concept,0.1015625
2042::111::cub_attribute_yes_no_v1,2042,36,111,0,projector.output,32,raw_yes_minus_no,vision_cls_attention,logit_concept,-0.1015625
2042::117::cub_attribute_yes_no_v1,2042,36,117,1,vision.late,32,correct_answer_margin,vision_cls_attention,logit_concept,-0.21875
2042::117::cub_attribute_yes_no_v1,2042,36,117,1,vision.late,32,raw_yes_minus_no,vision_cls_attention,logit_concept,-0.21875
2042::117::cub_attribute_yes_no_v1,2042,36,117,1,projector.output,32,correct_answer_margin,vision_cls_attention,logit_concept,-0.21354166666666669
2042::117::cub_attribute_yes_no_v1,2042,36,117,1,projector.output,32,raw_yes_minus_no,vision_cls_attention,logit_concept,-0.21354166666666669
2042::118::cub_attribute_yes_no_v1,2042,36,118,1,vision.late,32,correct_answer_margin,vision_cls_attention,logit_concept,-0.21875
2042::118::cub_attribute_yes_no_v1,2042,36,118,1,vision.late,32,raw_yes_minus_no,vision_cls_attention,logit_concept,-0.21875
2042::118::cub_attribute_yes_no_v1,2042,36,118,1,projector.output,32,correct_answer_margin,vision_cls_attention,logit_concept,-0.20052083333333334
2042::118::cub_attribute_yes_no_v1,2042,36,118,1,projector.output,32,raw_yes_minus_no,vision_cls_attention,logit_concept,-0.20052083333333334
2042::120::cub_attribute_yes_no_v1,2042,36,120,1,vision.late,32,correct_answer_margin,vision_cls_attention,logit_concept,-0.005208333333333336
2042::120::cub_attribute_yes_no_v1,2042,36,120,1,vision.late,32,raw_yes_minus_no,vision_cls_attention,logit_concept,-0.005208333333333336
2042::120::cub_attribute_yes_no_v1,2042,36,120,1,projector.output,32,correct_answer_margin,vision_cls_attention,logit_concept,-0.049479166666666664
2042::120::cub_attribute_yes_no_v1,2042,36,120,1,projector.output,32,raw_yes_minus_no,vision_cls_attention,logit_concept,-0.049479166666666664
2042::295::cub_attribute_yes_no_v1,2042,36,295,0,vision.late,32,correct_answer_margin,vision_cls_attention,logit_concept,-0.2708333333333333
2042::295::cub_attribute_yes_no_v1,2042,36,295,0,vision.late,32,raw_yes_minus_no,vision_cls_attention,logit_concept,0.2708333333333333
2042::295::cub_attribute_yes_no_v1,2042,36,295,0,projector.output,32,correct_answer_margin,vision_cls_attention,logit_concept,-0.23177083333333331
2042::295::cub_attribute_yes_no_v1,2042,36,295,0,projector.output,32,raw_yes_minus_no,vision_cls_attention,logit_concept,0.23177083333333331
2042::299::cub_attribute_yes_no_v1,2042,36,299,1,vision.late,32,correct_answer_margin,vision_cls_attention,logit_concept,-0.08854166666666666
2042::299::cub_attribute_yes_no_v1,2042,36,299,1,vision.late,32,raw_yes_minus_no,vision_cls_attention,logit_concept,-0.08854166666666666
2042::299::cub_attribute_yes_no_v1,2042,36,299,1,projector.output,32,correct_answer_margin,vision_cls_attention,logit_concept,-0.13802083333333331
2042::299::cub_attribute_yes_no_v1,2042,36,299,1,projector.output,32,raw_yes_minus_no,vision_cls_attention,logit_concept,-0.13802083333333331
2042::7::cub_attribute_yes_no_v1,2042,36,7,1,vision.late,32,correct_answer_margin,vision_cls_attention,logit_concept,0.03125
2042::7::cub_attribute_yes_no_v1,2042,36,7,1,vision.late,32,raw_yes_minus_no,vision_cls_attention,logit_concept,0.03125
2042::7::cub_attribute_yes_no_v1,2042,36,7,1,projector.output,32,correct_answer_margin,vision_cls_attention,logit_concept,0.013020833333333322
2042::7::cub_attribute_yes_no_v1,2042,36,7,1,projector.output,32,raw_yes_minus_no,vision_cls_attention,logit_concept,0.013020833333333322
3202::102::cub_attribute_yes_no_v1,3202,56,102,1,vision.late,32,correct_answer_margin,vision_cls_attention,logit_concept,-0.2786458333333333
3202::102::cub_attribute_yes_no_v1,3202,56,102,1,vision.late,32,raw_yes_minus_no,vision_cls_attention,logit_concept,-0.2786458333333333
3202::102::cub_attribute_yes_no_v1,3202,56,102,1,projector.output,32,correct_answer_margin,vision_cls_attention,logit_concept,-0.23177083333333334
3202::102::cub_attribute_yes_no_v1,3202,56,102,1,projector.output,32,raw_yes_minus_no,vision_cls_attention,logit_concept,-0.23177083333333334
3202::111::cub_attribute_yes_no_v1,3202,56,111,1,vision.late,32,correct_answer_margin,vision_cls_attention,logit_concept,-0.17968749999999994
3202::111::cub_attribute_yes_no_v1,3202,56,111,1,vision.late,32,raw_yes_minus_no,vision_cls_attention,logit_concept,-0.17968749999999994
3202::111::cub_attribute_yes_no_v1,3202,56,111,1,projector.output,32,correct_answer_margin,vision_cls_attention,logit_concept,-0.12239583333333331
3202::111::cub_attribute_yes_no_v1,3202,56,111,1,projector.output,32,raw_yes_minus_no,vision_cls_attention,logit_concept,-0.12239583333333331
3202::117::cub_attribute_yes_no_v1,3202,56,117,0,vision.late,32,correct_answer_margin,vision_cls_attention,logit_concept,0.234375
3202::117::cub_attribute_yes_no_v1,3202,56,117,0,vision.late,32,raw_yes_minus_no,vision_cls_attention,logit_concept,-0.234375
3202::117::cub_attribute_yes_no_v1,3202,56,117,0,projector.output,32,correct_answer_margin,vision_cls_attention,logit_concept,0.17708333333333337
3202::117::cub_attribute_yes_no_v1,3202,56,117,0,projector.output,32,raw_yes_minus_no,vision_cls_attention,logit_concept,-0.17708333333333337
3202::118::cub_attribute_yes_no_v1,3202,56,118,0,vision.late,32,correct_answer_margin,vision_cls_attention,logit_concept,-0.5833333333333333
3202::118::cub_attribute_yes_no_v1,3202,56,118,0,vision.late,32,raw_yes_minus_no,vision_cls_attention,logit_concept,0.5833333333333333
3202::118::cub_attribute_yes_no_v1,3202,56,118,0,projector.output,32,correct_answer_margin,vision_cls_attention,logit_concept,-0.3932291666666667
3202::118::cub_attribute_yes_no_v1,3202,56,118,0,projector.output,32,raw_yes_minus_no,vision_cls_attention,logit_concept,0.3932291666666667
3202::120::cub_attribute_yes_no_v1,3202,56,120,0,vision.late,32,correct_answer_margin,vision_cls_attention,logit_concept,-0.2734375
3202::120::cub_attribute_yes_no_v1,3202,56,120,0,vision.late,32,raw_yes_minus_no,vision_cls_attention,logit_concept,0.2734375
3202::120::cub_attribute_yes_no_v1,3202,56,120,0,projector.output,32,correct_answer_margin,vision_cls_attention,logit_concept,-0.3151041666666667
3202::120::cub_attribute_yes_no_v1,3202,56,120,0,projector.output,32,raw_yes_minus_no,vision_cls_attention,logit_concept,0.3151041666666667
3202::295::cub_attribute_yes_no_v1,3202,56,295,0,vision.late,32,correct_answer_margin,vision_cls_attention,logit_concept,0.15885416666666663
3202::295::cub_attribute_yes_no_v1,3202,56,295,0,vision.late,32,raw_yes_minus_no,vision_cls_attention,logit_concept,-0.15885416666666663
3202::295::cub_attribute_yes_no_v1,3202,56,295,0,projector.output,32,correct_answer_margin,vision_cls_attention,logit_concept,0.13541666666666669
3202::295::cub_attribute_yes_no_v1,3202,56,295,0,projector.output,32,raw_yes_minus_no,vision_cls_attention,logit_concept,-0.13541666666666669
3202::311::cub_attribute_yes_no_v1,3202,56,311,0,vision.late,32,correct_answer_margin,vision_cls_attention,logit_concept,-0.40104166666666663
3202::311::cub_attribute_yes_no_v1,3202,56,311,0,vision.late,32,raw_yes_minus_no,vision_cls_attention,logit_concept,0.40104166666666663
3202::311::cub_attribute_yes_no_v1,3202,56,311,0,projector.output,32,correct_answer_margin,vision_cls_attention,logit_concept,-0.328125
3202::311::cub_attribute_yes_no_v1,3202,56,311,0,projector.output,32,raw_yes_minus_no,vision_cls_attention,logit_concept,0.328125
3202::312::cub_attribute_yes_no_v1,3202,56,312,1,vision.late,32,correct_answer_margin,vision_cls_attention,logit_concept,0.21614583333333334
3202::312::cub_attribute_yes_no_v1,3202,56,312,1,vision.late,32,raw_yes_minus_no,vision_cls_attention,logit_concept,0.21614583333333334
3202::312::cub_attribute_yes_no_v1,3202,56,312,1,projector.output,32,correct_answer_margin,vision_cls_attention,logit_concept,0.10677083333333331
3202::312::cub_attribute_yes_no_v1,3202,56,312,1,projector.output,32,raw_yes_minus_no,vision_cls_attention,logit_concept,0.10677083333333331
3202::7::cub_attribute_yes_no_v1,3202,56,7,0,vision.late,32,correct_answer_margin,vision_cls_attention,logit_concept,-0.43229166666666663
3202::7::cub_attribute_yes_no_v1,3202,56,7,0,vision.late,32,raw_yes_minus_no,vision_cls_attention,logit_concept,0.43229166666666663
3202::7::cub_attribute_yes_no_v1,3202,56,7,0,projector.output,32,correct_answer_margin,vision_cls_attention,logit_concept,-0.4322916666666667
3202::7::cub_attribute_yes_no_v1,3202,56,7,0,projector.output,32,raw_yes_minus_no,vision_cls_attention,logit_concept,0.4322916666666667
3202::8::cub_attribute_yes_no_v1,3202,56,8,1,vision.late,32,correct_answer_margin,vision_cls_attention,logit_concept,0.7109375
3202::8::cub_attribute_yes_no_v1,3202,56,8,1,vision.late,32,raw_yes_minus_no,vision_cls_attention,logit_concept,0.7109375
3202::8::cub_attribute_yes_no_v1,3202,56,8,1,projector.output,32,correct_answer_margin,vision_cls_attention,logit_concept,0.7083333333333334
3202::8::cub_attribute_yes_no_v1,3202,56,8,1,projector.output,32,raw_yes_minus_no,vision_cls_attention,logit_concept,0.7083333333333334
3210::104::cub_attribute_yes_no_v1,3210,56,104,1,vision.late,32,correct_answer_margin,vision_cls_attention,logit_concept,1.2786458333333335
3210::104::cub_attribute_yes_no_v1,3210,56,104,1,vision.late,32,raw_yes_minus_no,vision_cls_attention,logit_concept,1.2786458333333335
3210::104::cub_attribute_yes_no_v1,3210,56,104,1,projector.output,32,correct_answer_margin,vision_cls_attention,logit_concept,1.3645833333333335
3210::104::cub_attribute_yes_no_v1,3210,56,104,1,projector.output,32,raw_yes_minus_no,vision_cls_attention,logit_concept,1.3645833333333335
3210::105::cub_attribute_yes_no_v1,3210,56,105,0,vision.late,32,correct_answer_margin,vision_cls_attention,logit_concept,-0.9921875
3210::105::cub_attribute_yes_no_v1,3210,56,105,0,vision.late,32,raw_yes_minus_no,vision_cls_attention,logit_concept,0.9921875
3210::105::cub_attribute_yes_no_v1,3210,56,105,0,projector.output,32,correct_answer_margin,vision_cls_attention,logit_concept,-1.0208333333333335
3210::105::cub_attribute_yes_no_v1,3210,56,105,0,projector.output,32,raw_yes_minus_no,vision_cls_attention,logit_concept,1.0208333333333335
3210::111::cub_attribute_yes_no_v1,3210,56,111,0,vision.late,32,correct_answer_margin,vision_cls_attention,logit_concept,0.17708333333333337
3210::111::cub_attribute_yes_no_v1,3210,56,111,0,vision.late,32,raw_yes_minus_no,vision_cls_attention,logit_concept,-0.17708333333333337
3210::111::cub_attribute_yes_no_v1,3210,56,111,0,projector.output,32,correct_answer_margin,vision_cls_attention,logit_concept,0.16666666666666663
3210::111::cub_attribute_yes_no_v1,3210,56,111,0,projector.output,32,raw_yes_minus_no,vision_cls_attention,logit_concept,-0.16666666666666663
3210::117::cub_attribute_yes_no_v1,3210,56,117,0,vision.late,32,correct_answer_margin,vision_cls_attention,logit_concept,-0.08854166666666666
3210::117::cub_attribute_yes_no_v1,3210,56,117,0,vision.late,32,raw_yes_minus_no,vision_cls_attention,logit_concept,0.08854166666666666
3210::117::cub_attribute_yes_no_v1,3210,56,117,0,projector.output,32,correct_answer_margin,vision_cls_attention,logit_concept,-0.11979166666666666
3210::117::cub_attribute_yes_no_v1,3210,56,117,0,projector.output,32,raw_yes_minus_no,vision_cls_attention,logit_concept,0.11979166666666666
3210::118::cub_attribute_yes_no_v1,3210,56,118,0,vision.late,32,correct_answer_margin,vision_cls_attention,logit_concept,0.75
3210::118::cub_attribute_yes_no_v1,3210,56,118,0,vision.late,32,raw_yes_minus_no,vision_cls_attention,logit_concept,-0.75
3210::118::cub_attribute_yes_no_v1,3210,56,118,0,projector.output,32,correct_answer_margin,vision_cls_attention,logit_concept,0.78125
3210::118::cub_attribute_yes_no_v1,3210,56,118,0,projector.output,32,raw_yes_minus_no,vision_cls_attention,logit_concept,-0.78125
3210::120::cub_attribute_yes_no_v1,3210,56,120,1,vision.late,32,correct_answer_margin,vision_cls_attention,logit_concept,0.46614583333333337
3210::120::cub_attribute_yes_no_v1,3210,56,120,1,vision.late,32,raw_yes_minus_no,vision_cls_attention,logit_concept,0.46614583333333337
3210::120::cub_attribute_yes_no_v1,3210,56,120,1,projector.output,32,correct_answer_margin,vision_cls_attention,logit_concept,0.4973958333333333
3210::120::cub_attribute_yes_no_v1,3210,56,120,1,projector.output,32,raw_yes_minus_no,vision_cls_attention,logit_concept,0.4973958333333333
3210::295::cub_attribute_yes_no_v1,3210,56,295,0,vision.late,32,correct_answer_margin,vision_cls_attention,logit_concept,-2.3828125
3210::295::cub_attribute_yes_no_v1,3210,56,295,0,vision.late,32,raw_yes_minus_no,vision_cls_attention,logit_concept,2.3828125
3210::295::cub_attribute_yes_no_v1,3210,56,295,0,projector.output,32,correct_answer_margin,vision_cls_attention,logit_concept,-2.4244791666666665
3210::295::cub_attribute_yes_no_v1,3210,56,295,0,projector.output,32,raw_yes_minus_no,vision_cls_attention,logit_concept,2.4244791666666665
3210::299::cub_attribute_yes_no_v1,3210,56,299,0,vision.late,32,correct_answer_margin,vision_cls_attention,logit_concept,-0.2682291666666667
3210::299::cub_attribute_yes_no_v1,3210,56,299,0,vision.late,32,raw_yes_minus_no,vision_cls_attention,logit_concept,0.2682291666666667
3210::299::cub_attribute_yes_no_v1,3210,56,299,0,projector.output,32,correct_answer_margin,vision_cls_attention,logit_concept,-0.2526041666666667
3210::299::cub_attribute_yes_no_v1,3210,56,299,0,projector.output,32,raw_yes_minus_no,vision_cls_attention,logit_concept,0.2526041666666667
3210::308::cub_attribute_yes_no_v1,3210,56,308,1,vision.late,32,correct_answer_margin,vision_cls_attention,logit_concept,1.3828125
3210::308::cub_attribute_yes_no_v1,3210,56,308,1,vision.late,32,raw_yes_minus_no,vision_cls_attention,logit_concept,1.3828125
3210::308::cub_attribute_yes_no_v1,3210,56,308,1,projector.output,32,correct_answer_margin,vision_cls_attention,logit_concept,1.4140625
3210::308::cub_attribute_yes_no_v1,3210,56,308,1,projector.output,32,raw_yes_minus_no,vision_cls_attention,logit_concept,1.4140625
3210::309::cub_attribute_yes_no_v1,3210,56,309,1,vision.late,32,correct_answer_margin,vision_cls_attention,logit_concept,-0.018229166666666668
3210::309::cub_attribute_yes_no_v1,3210,56,309,1,vision.late,32,raw_yes_minus_no,vision_cls_attention,logit_concept,-0.018229166666666668
3210::309::cub_attribute_yes_no_v1,3210,56,309,1,projector.output,32,correct_answer_margin,vision_cls_attention,logit_concept,-0.005208333333333332
3210::309::cub_attribute_yes_no_v1,3210,56,309,1,projector.output,32,raw_yes_minus_no,vision_cls_attention,logit_concept,-0.005208333333333332
3210::311::cub_attribute_yes_no_v1,3210,56,311,0,vision.late,32,correct_answer_margin,vision_cls_attention,logit_concept,-0.203125
3210::311::cub_attribute_yes_no_v1,3210,56,311,0,vision.late,32,raw_yes_minus_no,vision_cls_attention,logit_concept,0.203125
3210::311::cub_attribute_yes_no_v1,3210,56,311,0,projector.output,32,correct_answer_margin,vision_cls_attention,logit_concept,-0.234375
3210::311::cub_attribute_yes_no_v1,3210,56,311,0,projector.output,32,raw_yes_minus_no,vision_cls_attention,logit_concept,0.234375
3210::7::cub_attribute_yes_no_v1,3210,56,7,0,vision.late,32,correct_answer_margin,vision_cls_attention,logit_concept,-0.4036458333333333
3210::7::cub_attribute_yes_no_v1,3210,56,7,0,vision.late,32,raw_yes_minus_no,vision_cls_attention,logit_concept,0.4036458333333333
3210::7::cub_attribute_yes_no_v1,3210,56,7,0,projector.output,32,correct_answer_margin,vision_cls_attention,logit_concept,-0.46354166666666663
3210::7::cub_attribute_yes_no_v1,3210,56,7,0,projector.output,32,raw_yes_minus_no,vision_cls_attention,logit_concept,0.46354166666666663
3210::8::cub_attribute_yes_no_v1,3210,56,8,1,vision.late,32,correct_answer_margin,vision_cls_attention,logit_concept,0.4609375
3210::8::cub_attribute_yes_no_v1,3210,56,8,1,vision.late,32,raw_yes_minus_no,vision_cls_attention,logit_concept,0.4609375
3210::8::cub_attribute_yes_no_v1,3210,56,8,1,projector.output,32,correct_answer_margin,vision_cls_attention,logit_concept,0.5104166666666667
3210::8::cub_attribute_yes_no_v1,3210,56,8,1,projector.output,32,raw_yes_minus_no,vision_cls_attention,logit_concept,0.5104166666666667
3210::96::cub_attribute_yes_no_v1,3210,56,96,1,vision.late,32,correct_answer_margin,vision_cls_attention,logit_concept,0.8828125
3210::96::cub_attribute_yes_no_v1,3210,56,96,1,vision.late,32,raw_yes_minus_no,vision_cls_attention,logit_concept,0.8828125
3210::96::cub_attribute_yes_no_v1,3210,56,96,1,projector.output,32,correct_answer_margin,vision_cls_attention,logit_concept,0.8880208333333334
3210::96::cub_attribute_yes_no_v1,3210,56,96,1,projector.output,32,raw_yes_minus_no,vision_cls_attention,logit_concept,0.8880208333333334
3237::103::cub_attribute_yes_no_v1,3237,56,103,0,vision.late,32,correct_answer_margin,vision_cls_attention,logit_concept,-0.11458333333333336
3237::103::cub_attribute_yes_no_v1,3237,56,103,0,vision.late,32,raw_yes_minus_no,vision_cls_attention,logit_concept,0.11458333333333336
3237::103::cub_attribute_yes_no_v1,3237,56,103,0,projector.output,32,correct_answer_margin,vision_cls_attention,logit_concept,-0.13541666666666669
3237::103::cub_attribute_yes_no_v1,3237,56,103,0,projector.output,32,raw_yes_minus_no,vision_cls_attention,logit_concept,0.13541666666666669
3237::107::cub_attribute_yes_no_v1,3237,56,107,0,vision.late,32,correct_answer_margin,vision_cls_attention,logit_concept,-0.04427083333333326
3237::107::cub_attribute_yes_no_v1,3237,56,107,0,vision.late,32,raw_yes_minus_no,vision_cls_attention,logit_concept,0.04427083333333326
3237::107::cub_attribute_yes_no_v1,3237,56,107,0,projector.output,32,correct_answer_margin,vision_cls_attention,logit_concept,-0.0078125
3237::107::cub_attribute_yes_no_v1,3237,56,107,0,projector.output,32,raw_yes_minus_no,vision_cls_attention,logit_concept,0.0078125
3237::117::cub_attribute_yes_no_v1,3237,56,117,0,vision.late,32,correct_answer_margin,vision_cls_attention,logit_concept,0.0703125
3237::117::cub_attribute_yes_no_v1,3237,56,117,0,vision.late,32,raw_yes_minus_no,vision_cls_attention,logit_concept,-0.0703125
3237::117::cub_attribute_yes_no_v1,3237,56,117,0,projector.output,32,correct_answer_margin,vision_cls_attention,logit_concept,0.08072916666666669
3237::117::cub_attribute_yes_no_v1,3237,56,117,0,projector.output,32,raw_yes_minus_no,vision_cls_attention,logit_concept,-0.08072916666666669
3237::118::cub_attribute_yes_no_v1,3237,56,118,0,vision.late,32,correct_answer_margin,vision_cls_attention,logit_concept,-0.23177083333333337
3237::118::cub_attribute_yes_no_v1,3237,56,118,0,vision.late,32,raw_yes_minus_no,vision_cls_attention,logit_concept,0.23177083333333337
3237::118::cub_attribute_yes_no_v1,3237,56,118,0,projector.output,32,correct_answer_margin,vision_cls_attention,logit_concept,-0.17708333333333331
3237::118::cub_attribute_yes_no_v1,3237,56,118,0,projector.output,32,raw_yes_minus_no,vision_cls_attention,logit_concept,0.17708333333333331
3237::120::cub_attribute_yes_no_v1,3237,56,120,1,vision.late,32,correct_answer_margin,vision_cls_attention,logit_concept,0.1015625
3237::120::cub_attribute_yes_no_v1,3237,56,120,1,vision.late,32,raw_yes_minus_no,vision_cls_attention,logit_concept,0.1015625
3237::120::cub_attribute_yes_no_v1,3237,56,120,1,projector.output,32,correct_answer_margin,vision_cls_attention,logit_concept,0.10677083333333334
3237::120::cub_attribute_yes_no_v1,3237,56,120,1,projector.output,32,raw_yes_minus_no,vision_cls_attention,logit_concept,0.10677083333333334
3237::295::cub_attribute_yes_no_v1,3237,56,295,0,vision.late,32,correct_answer_margin,vision_cls_attention,logit_concept,0.09635416666666663
3237::295::cub_attribute_yes_no_v1,3237,56,295,0,vision.late,32,raw_yes_minus_no,vision_cls_attention,logit_concept,-0.09635416666666663
3237::295::cub_attribute_yes_no_v1,3237,56,295,0,projector.output,32,correct_answer_margin,vision_cls_attention,logit_concept,0.07552083333333331
3237::295::cub_attribute_yes_no_v1,3237,56,295,0,projector.output,32,raw_yes_minus_no,vision_cls_attention,logit_concept,-0.07552083333333331
3237::305::cub_attribute_yes_no_v1,3237,56,305,0,vision.late,32,correct_answer_margin,vision_cls_attention,logit_concept,0.3359375
3237::305::cub_attribute_yes_no_v1,3237,56,305,0,vision.late,32,raw_yes_minus_no,vision_cls_attention,logit_concept,-0.3359375
3237::305::cub_attribute_yes_no_v1,3237,56,305,0,projector.output,32,correct_answer_margin,vision_cls_attention,logit_concept,0.3203125
3237::305::cub_attribute_yes_no_v1,3237,56,305,0,projector.output,32,raw_yes_minus_no,vision_cls_attention,logit_concept,-0.3203125
3237::306::cub_attribute_yes_no_v1,3237,56,306,0,vision.late,32,correct_answer_margin,vision_cls_attention,logit_concept,-0.40625
3237::306::cub_attribute_yes_no_v1,3237,56,306,0,vision.late,32,raw_yes_minus_no,vision_cls_attention,logit_concept,0.40625
3237::306::cub_attribute_yes_no_v1,3237,56,306,0,projector.output,32,correct_answer_margin,vision_cls_attention,logit_concept,-0.2786458333333333
3237::306::cub_attribute_yes_no_v1,3237,56,306,0,projector.output,32,raw_yes_minus_no,vision_cls_attention,logit_concept,0.2786458333333333
3237::308::cub_attribute_yes_no_v1,3237,56,308,1,vision.late,32,correct_answer_margin,vision_cls_attention,logit_concept,0.0234375
3237::308::cub_attribute_yes_no_v1,3237,56,308,1,vision.late,32,raw_yes_minus_no,vision_cls_attention,logit_concept,0.0234375
3237::308::cub_attribute_yes_no_v1,3237,56,308,1,projector.output,32,correct_answer_margin,vision_cls_attention,logit_concept,0.03645833333333334
3237::308::cub_attribute_yes_no_v1,3237,56,308,1,projector.output,32,raw_yes_minus_no,vision_cls_attention,logit_concept,0.03645833333333334
3237::310::cub_attribute_yes_no_v1,3237,56,310,1,vision.late,32,correct_answer_margin,vision_cls_attention,logit_concept,0.028645833333333315
3237::310::cub_attribute_yes_no_v1,3237,56,310,1,vision.late,32,raw_yes_minus_no,vision_cls_attention,logit_concept,0.028645833333333315
3237::310::cub_attribute_yes_no_v1,3237,56,310,1,projector.output,32,correct_answer_margin,vision_cls_attention,logit_concept,0.013020833333333315
3237::310::cub_attribute_yes_no_v1,3237,56,310,1,projector.output,32,raw_yes_minus_no,vision_cls_attention,logit_concept,0.013020833333333315
3237::311::cub_attribute_yes_no_v1,3237,56,311,0,vision.late,32,correct_answer_margin,vision_cls_attention,logit_concept,-1.1223958333333333
3237::311::cub_attribute_yes_no_v1,3237,56,311,0,vision.late,32,raw_yes_minus_no,vision_cls_attention,logit_concept,1.1223958333333333
3237::311::cub_attribute_yes_no_v1,3237,56,311,0,projector.output,32,correct_answer_margin,vision_cls_attention,logit_concept,-1.0807291666666667
3237::311::cub_attribute_yes_no_v1,3237,56,311,0,projector.output,32,raw_yes_minus_no,vision_cls_attention,logit_concept,1.0807291666666667
3237::96::cub_attribute_yes_no_v1,3237,56,96,1,vision.late,32,correct_answer_margin,vision_cls_attention,logit_concept,0.39583333333333337
3237::96::cub_attribute_yes_no_v1,3237,56,96,1,vision.late,32,raw_yes_minus_no,vision_cls_attention,logit_concept,0.39583333333333337
3237::96::cub_attribute_yes_no_v1,3237,56,96,1,projector.output,32,correct_answer_margin,vision_cls_attention,logit_concept,0.3854166666666667
3237::96::cub_attribute_yes_no_v1,3237,56,96,1,projector.output,32,raw_yes_minus_no,vision_cls_attention,logit_concept,0.3854166666666667
3741::102::cub_attribute_yes_no_v1,3741,65,102,1,vision.late,32,correct_answer_margin,vision_cls_attention,logit_concept,0.4088541666666667
3741::102::cub_attribute_yes_no_v1,3741,65,102,1,vision.late,32,raw_yes_minus_no,vision_cls_attention,logit_concept,0.4088541666666667
3741::102::cub_attribute_yes_no_v1,3741,65,102,1,projector.output,32,correct_answer_margin,vision_cls_attention,logit_concept,0.39322916666666663
3741::102::cub_attribute_yes_no_v1,3741,65,102,1,projector.output,32,raw_yes_minus_no,vision_cls_attention,logit_concept,0.39322916666666663
3741::111::cub_attribute_yes_no_v1,3741,65,111,0,vision.late,32,correct_answer_margin,vision_cls_attention,logit_concept,0.1953125
3741::111::cub_attribute_yes_no_v1,3741,65,111,0,vision.late,32,raw_yes_minus_no,vision_cls_attention,logit_concept,-0.1953125
3741::111::cub_attribute_yes_no_v1,3741,65,111,0,projector.output,32,correct_answer_margin,vision_cls_attention,logit_concept,0.2942708333333333
3741::111::cub_attribute_yes_no_v1,3741,65,111,0,projector.output,32,raw_yes_minus_no,vision_cls_attention,logit_concept,-0.2942708333333333
3741::117::cub_attribute_yes_no_v1,3741,65,117,0,vision.late,32,correct_answer_margin,vision_cls_attention,logit_concept,0.5104166666666666
3741::117::cub_attribute_yes_no_v1,3741,65,117,0,vision.late,32,raw_yes_minus_no,vision_cls_attention,logit_concept,-0.5104166666666666
3741::117::cub_attribute_yes_no_v1,3741,65,117,0,projector.output,32,correct_answer_margin,vision_cls_attention,logit_concept,0.5390625
3741::117::cub_attribute_yes_no_v1,3741,65,117,0,projector.output,32,raw_yes_minus_no,vision_cls_attention,logit_concept,-0.5390625
3741::118::cub_attribute_yes_no_v1,3741,65,118,1,vision.late,32,correct_answer_margin,vision_cls_attention,logit_concept,-0.3828125
3741::118::cub_attribute_yes_no_v1,3741,65,118,1,vision.late,32,raw_yes_minus_no,vision_cls_attention,logit_concept,-0.3828125
3741::118::cub_attribute_yes_no_v1,3741,65,118,1,projector.output,32,correct_answer_margin,vision_cls_attention,logit_concept,-0.35677083333333337
3741::118::cub_attribute_yes_no_v1,3741,65,118,1,projector.output,32,raw_yes_minus_no,vision_cls_attention,logit_concept,-0.35677083333333337
3741::294::cub_attribute_yes_no_v1,3741,65,294,0,vision.late,32,correct_answer_margin,vision_cls_attention,logit_concept,0.21875
3741::294::cub_attribute_yes_no_v1,3741,65,294,0,vision.late,32,raw_yes_minus_no,vision_cls_attention,logit_concept,-0.21875
3741::294::cub_attribute_yes_no_v1,3741,65,294,0,projector.output,32,correct_answer_margin,vision_cls_attention,logit_concept,0.23697916666666669
3741::294::cub_attribute_yes_no_v1,3741,65,294,0,projector.output,32,raw_yes_minus_no,vision_cls_attention,logit_concept,-0.23697916666666669
3741::295::cub_attribute_yes_no_v1,3741,65,295,0,vision.late,32,correct_answer_margin,vision_cls_attention,logit_concept,0.23177083333333334
3741::295::cub_attribute_yes_no_v1,3741,65,295,0,vision.late,32,raw_yes_minus_no,vision_cls_attention,logit_concept,-0.23177083333333334
3741::295::cub_attribute_yes_no_v1,3741,65,295,0,projector.output,32,correct_answer_margin,vision_cls_attention,logit_concept,0.21614583333333334
3741::295::cub_attribute_yes_no_v1,3741,65,295,0,projector.output,32,raw_yes_minus_no,vision_cls_attention,logit_concept,-0.21614583333333334
3741::306::cub_attribute_yes_no_v1,3741,65,306,1,vision.late,32,correct_answer_margin,vision_cls_attention,logit_concept,0.16927083333333331
3741::306::cub_attribute_yes_no_v1,3741,65,306,1,vision.late,32,raw_yes_minus_no,vision_cls_attention,logit_concept,0.16927083333333331
3741::306::cub_attribute_yes_no_v1,3741,65,306,1,projector.output,32,correct_answer_margin,vision_cls_attention,logit_concept,0.15625
3741::306::cub_attribute_yes_no_v1,3741,65,306,1,projector.output,32,raw_yes_minus_no,vision_cls_attention,logit_concept,0.15625
3741::309::cub_attribute_yes_no_v1,3741,65,309,1,vision.late,32,correct_answer_margin,vision_cls_attention,logit_concept,0.09895833333333333
3741::309::cub_attribute_yes_no_v1,3741,65,309,1,vision.late,32,raw_yes_minus_no,vision_cls_attention,logit_concept,0.09895833333333333
3741::309::cub_attribute_yes_no_v1,3741,65,309,1,projector.output,32,correct_answer_margin,vision_cls_attention,logit_concept,-0.03645833333333333
3741::309::cub_attribute_yes_no_v1,3741,65,309,1,projector.output,32,raw_yes_minus_no,vision_cls_attention,logit_concept,-0.03645833333333333
3741::5::cub_attribute_yes_no_v1,3741,65,5,1,vision.late,32,correct_answer_margin,vision_cls_attention,logit_concept,-0.21614583333333331
3741::5::cub_attribute_yes_no_v1,3741,65,5,1,vision.late,32,raw_yes_minus_no,vision_cls_attention,logit_concept,-0.21614583333333331
3741::5::cub_attribute_yes_no_v1,3741,65,5,1,projector.output,32,correct_answer_margin,vision_cls_attention,logit_concept,-0.375
3741::5::cub_attribute_yes_no_v1,3741,65,5,1,projector.output,32,raw_yes_minus_no,vision_cls_attention,logit_concept,-0.375
3741::7::cub_attribute_yes_no_v1,3741,65,7,0,vision.late,32,correct_answer_margin,vision_cls_attention,logit_concept,0.16145833333333331
3741::7::cub_attribute_yes_no_v1,3741,65,7,0,vision.late,32,raw_yes_minus_no,vision_cls_attention,logit_concept,-0.16145833333333331
3741::7::cub_attribute_yes_no_v1,3741,65,7,0,projector.output,32,correct_answer_margin,vision_cls_attention,logit_concept,0.25
3741::7::cub_attribute_yes_no_v1,3741,65,7,0,projector.output,32,raw_yes_minus_no,vision_cls_attention,logit_concept,-0.25
3747::102::cub_attribute_yes_no_v1,3747,65,102,1,vision.late,32,correct_answer_margin,vision_cls_attention,logit_concept,0.203125
3747::102::cub_attribute_yes_no_v1,3747,65,102,1,vision.late,32,raw_yes_minus_no,vision_cls_attention,logit_concept,0.203125
3747::102::cub_attribute_yes_no_v1,3747,65,102,1,projector.output,32,correct_answer_margin,vision_cls_attention,logit_concept,0.16927083333333334
3747::102::cub_attribute_yes_no_v1,3747,65,102,1,projector.output,32,raw_yes_minus_no,vision_cls_attention,logit_concept,0.16927083333333334
3747::104::cub_attribute_yes_no_v1,3747,65,104,1,vision.late,32,correct_answer_margin,vision_cls_attention,logit_concept,0.19791666666666666
3747::104::cub_attribute_yes_no_v1,3747,65,104,1,vision.late,32,raw_yes_minus_no,vision_cls_attention,logit_concept,0.19791666666666666
3747::104::cub_attribute_yes_no_v1,3747,65,104,1,projector.output,32,correct_answer_margin,vision_cls_attention,logit_concept,0.2265625
3747::104::cub_attribute_yes_no_v1,3747,65,104,1,projector.output,32,raw_yes_minus_no,vision_cls_attention,logit_concept,0.2265625
3747::111::cub_attribute_yes_no_v1,3747,65,111,1,vision.late,32,correct_answer_margin,vision_cls_attention,logit_concept,-0.16927083333333331
3747::111::cub_attribute_yes_no_v1,3747,65,111,1,vision.late,32,raw_yes_minus_no,vision_cls_attention,logit_concept,-0.16927083333333331
3747::111::cub_attribute_yes_no_v1,3747,65,111,1,projector.output,32,correct_answer_margin,vision_cls_attention,logit_concept,-0.203125
3747::111::cub_attribute_yes_no_v1,3747,65,111,1,projector.output,32,raw_yes_minus_no,vision_cls_attention,logit_concept,-0.203125
3747::117::cub_attribute_yes_no_v1,3747,65,117,0,vision.late,32,correct_answer_margin,vision_cls_attention,logit_concept,0.10416666666666667
3747::117::cub_attribute_yes_no_v1,3747,65,117,0,vision.late,32,raw_yes_minus_no,vision_cls_attention,logit_concept,-0.10416666666666667
3747::117::cub_attribute_yes_no_v1,3747,65,117,0,projector.output,32,correct_answer_margin,vision_cls_attention,logit_concept,0.10677083333333333
3747::117::cub_attribute_yes_no_v1,3747,65,117,0,projector.output,32,raw_yes_minus_no,vision_cls_attention,logit_concept,-0.10677083333333333
3747::118::cub_attribute_yes_no_v1,3747,65,118,1,vision.late,32,correct_answer_margin,vision_cls_attention,logit_concept,-0.007812500000000014
3747::118::cub_attribute_yes_no_v1,3747,65,118,1,vision.late,32,raw_yes_minus_no,vision_cls_attention,logit_concept,-0.007812500000000014
3747::118::cub_attribute_yes_no_v1,3747,65,118,1,projector.output,32,correct_answer_margin,vision_cls_attention,logit_concept,-0.05468750000000001
3747::118::cub_attribute_yes_no_v1,3747,65,118,1,projector.output,32,raw_yes_minus_no,vision_cls_attention,logit_concept,-0.05468750000000001
3747::295::cub_attribute_yes_no_v1,3747,65,295,0,vision.late,32,correct_answer_margin,vision_cls_attention,logit_concept,0.140625
3747::295::cub_attribute_yes_no_v1,3747,65,295,0,vision.late,32,raw_yes_minus_no,vision_cls_attention,logit_concept,-0.140625
3747::295::cub_attribute_yes_no_v1,3747,65,295,0,projector.output,32,correct_answer_margin,vision_cls_attention,logit_concept,0.13020833333333334
3747::295::cub_attribute_yes_no_v1,3747,65,295,0,projector.output,32,raw_yes_minus_no,vision_cls_attention,logit_concept,-0.13020833333333334
3747::299::cub_attribute_yes_no_v1,3747,65,299,1,vision.late,32,correct_answer_margin,vision_cls_attention,logit_concept,0.018229166666666664
3747::299::cub_attribute_yes_no_v1,3747,65,299,1,vision.late,32,raw_yes_minus_no,vision_cls_attention,logit_concept,0.018229166666666664
3747::299::cub_attribute_yes_no_v1,3747,65,299,1,projector.output,32,correct_answer_margin,vision_cls_attention,logit_concept,-0.010416666666666671
3747::299::cub_attribute_yes_no_v1,3747,65,299,1,projector.output,32,raw_yes_minus_no,vision_cls_attention,logit_concept,-0.010416666666666671
3747::306::cub_attribute_yes_no_v1,3747,65,306,1,vision.late,32,correct_answer_margin,vision_cls_attention,logit_concept,0.02083333333333333
3747::306::cub_attribute_yes_no_v1,3747,65,306,1,vision.late,32,raw_yes_minus_no,vision_cls_attention,logit_concept,0.02083333333333333
3747::306::cub_attribute_yes_no_v1,3747,65,306,1,projector.output,32,correct_answer_margin,vision_cls_attention,logit_concept,-0.044270833333333336
3747::306::cub_attribute_yes_no_v1,3747,65,306,1,projector.output,32,raw_yes_minus_no,vision_cls_attention,logit_concept,-0.044270833333333336
3747::308::cub_attribute_yes_no_v1,3747,65,308,0,vision.late,32,correct_answer_margin,vision_cls_attention,logit_concept,-0.1484375
3747::308::cub_attribute_yes_no_v1,3747,65,308,0,vision.late,32,raw_yes_minus_no,vision_cls_attention,logit_concept,0.1484375
3747::308::cub_attribute_yes_no_v1,3747,65,308,0,projector.output,32,correct_answer_margin,vision_cls_attention,logit_concept,-0.11979166666666666
3747::308::cub_attribute_yes_no_v1,3747,65,308,0,projector.output,32,raw_yes_minus_no,vision_cls_attention,logit_concept,0.11979166666666666
3747::309::cub_attribute_yes_no_v1,3747,65,309,1,vision.late,32,correct_answer_margin,vision_cls_attention,logit_concept,0.07291666666666666
3747::309::cub_attribute_yes_no_v1,3747,65,309,1,vision.late,32,raw_yes_minus_no,vision_cls_attention,logit_concept,0.07291666666666666
3747::309::cub_attribute_yes_no_v1,3747,65,309,1,projector.output,32,correct_answer_margin,vision_cls_attention,logit_concept,0.08333333333333333
3747::309::cub_attribute_yes_no_v1,3747,65,309,1,projector.output,32,raw_yes_minus_no,vision_cls_attention,logit_concept,0.08333333333333333
3747::311::cub_attribute_yes_no_v1,3747,65,311,0,vision.late,32,correct_answer_margin,vision_cls_attention,logit_concept,-0.109375
3747::311::cub_attribute_yes_no_v1,3747,65,311,0,vision.late,32,raw_yes_minus_no,vision_cls_attention,logit_concept,0.109375
3747::311::cub_attribute_yes_no_v1,3747,65,311,0,projector.output,32,correct_answer_margin,vision_cls_attention,logit_concept,-0.10677083333333334
3747::311::cub_attribute_yes_no_v1,3747,65,311,0,projector.output,32,raw_yes_minus_no,vision_cls_attention,logit_concept,0.10677083333333334
3747::96::cub_attribute_yes_no_v1,3747,65,96,0,vision.late,32,correct_answer_margin,vision_cls_attention,logit_concept,-0.0859375
3747::96::cub_attribute_yes_no_v1,3747,65,96,0,vision.late,32,raw_yes_minus_no,vision_cls_attention,logit_concept,0.0859375
3747::96::cub_attribute_yes_no_v1,3747,65,96,0,projector.output,32,correct_answer_margin,vision_cls_attention,logit_concept,-0.10937500000000001
3747::96::cub_attribute_yes_no_v1,3747,65,96,0,projector.output,32,raw_yes_minus_no,vision_cls_attention,logit_concept,0.10937500000000001
3761::311::cub_attribute_yes_no_v1,3761,65,311,1,vision.late,32,correct_answer_margin,vision_cls_attention,logit_concept,-0.13541666666666669
3761::311::cub_attribute_yes_no_v1,3761,65,311,1,vision.late,32,raw_yes_minus_no,vision_cls_attention,logit_concept,-0.13541666666666669
3761::311::cub_attribute_yes_no_v1,3761,65,311,1,projector.output,32,correct_answer_margin,vision_cls_attention,logit_concept,-0.18489583333333337
3761::311::cub_attribute_yes_no_v1,3761,65,311,1,projector.output,32,raw_yes_minus_no,vision_cls_attention,logit_concept,-0.18489583333333337
3764::100::cub_attribute_yes_no_v1,3764,65,100,1,vision.late,32,correct_answer_margin,vision_cls_attention,logit_concept,-0.03125
3764::100::cub_attribute_yes_no_v1,3764,65,100,1,vision.late,32,raw_yes_minus_no,vision_cls_attention,logit_concept,-0.03125
3764::100::cub_attribute_yes_no_v1,3764,65,100,1,projector.output,32,correct_answer_margin,vision_cls_attention,logit_concept,-0.005208333333333339
3764::100::cub_attribute_yes_no_v1,3764,65,100,1,projector.output,32,raw_yes_minus_no,vision_cls_attention,logit_concept,-0.005208333333333339
3764::101::cub_attribute_yes_no_v1,3764,65,101,0,vision.late,32,correct_answer_margin,vision_cls_attention,logit_concept,-0.3151041666666667
3764::101::cub_attribute_yes_no_v1,3764,65,101,0,vision.late,32,raw_yes_minus_no,vision_cls_attention,logit_concept,0.3151041666666667
3764::101::cub_attribute_yes_no_v1,3764,65,101,0,projector.output,32,correct_answer_margin,vision_cls_attention,logit_concept,-0.3671875
3764::101::cub_attribute_yes_no_v1,3764,65,101,0,projector.output,32,raw_yes_minus_no,vision_cls_attention,logit_concept,0.3671875
3764::103::cub_attribute_yes_no_v1,3764,65,103,0,vision.late,32,correct_answer_margin,vision_cls_attention,logit_concept,-0.36197916666666663
3764::103::cub_attribute_yes_no_v1,3764,65,103,0,vision.late,32,raw_yes_minus_no,vision_cls_attention,logit_concept,0.36197916666666663
3764::103::cub_attribute_yes_no_v1,3764,65,103,0,projector.output,32,correct_answer_margin,vision_cls_attention,logit_concept,-0.3932291666666667
3764::103::cub_attribute_yes_no_v1,3764,65,103,0,projector.output,32,raw_yes_minus_no,vision_cls_attention,logit_concept,0.3932291666666667
3764::111::cub_attribute_yes_no_v1,3764,65,111,1,vision.late,32,correct_answer_margin,vision_cls_attention,logit_concept,-0.05208333333333334
3764::111::cub_attribute_yes_no_v1,3764,65,111,1,vision.late,32,raw_yes_minus_no,vision_cls_attention,logit_concept,-0.05208333333333334
3764::111::cub_attribute_yes_no_v1,3764,65,111,1,projector.output,32,correct_answer_margin,vision_cls_attention,logit_concept,-0.11458333333333333
3764::111::cub_attribute_yes_no_v1,3764,65,111,1,projector.output,32,raw_yes_minus_no,vision_cls_attention,logit_concept,-0.11458333333333333
3764::118::cub_attribute_yes_no_v1,3764,65,118,1,vision.late,32,correct_answer_margin,vision_cls_attention,logit_concept,-0.48958333333333337
3764::118::cub_attribute_yes_no_v1,3764,65,118,1,vision.late,32,raw_yes_minus_no,vision_cls_attention,logit_concept,-0.48958333333333337
3764::118::cub_attribute_yes_no_v1,3764,65,118,1,projector.output,32,correct_answer_margin,vision_cls_attention,logit_concept,-0.5234375
3764::118::cub_attribute_yes_no_v1,3764,65,118,1,projector.output,32,raw_yes_minus_no,vision_cls_attention,logit_concept,-0.5234375
3764::120::cub_attribute_yes_no_v1,3764,65,120,0,vision.late,32,correct_answer_margin,vision_cls_attention,logit_concept,-0.059895833333333336
3764::120::cub_attribute_yes_no_v1,3764,65,120,0,vision.late,32,raw_yes_minus_no,vision_cls_attention,logit_concept,0.059895833333333336
3764::120::cub_attribute_yes_no_v1,3764,65,120,0,projector.output,32,correct_answer_margin,vision_cls_attention,logit_concept,-0.033854166666666664
3764::120::cub_attribute_yes_no_v1,3764,65,120,0,projector.output,32,raw_yes_minus_no,vision_cls_attention,logit_concept,0.033854166666666664
3764::295::cub_attribute_yes_no_v1,3764,65,295,0,vision.late,32,correct_answer_margin,vision_cls_attention,logit_concept,-0.3958333333333333
3764::295::cub_attribute_yes_no_v1,3764,65,295,0,vision.late,32,raw_yes_minus_no,vision_cls_attention,logit_concept,0.3958333333333333
3764::295::cub_attribute_yes_no_v1,3764,65,295,0,projector.output,32,correct_answer_margin,vision_cls_attention,logit_concept,-0.3619791666666667
3764::295::cub_attribute_yes_no_v1,3764,65,295,0,projector.output,32,raw_yes_minus_no,vision_cls_attention,logit_concept,0.3619791666666667
3764::305::cub_attribute_yes_no_v1,3764,65,305,0,vision.late,32,correct_answer_margin,vision_cls_attention,logit_concept,0.171875
3764::305::cub_attribute_yes_no_v1,3764,65,305,0,vision.late,32,raw_yes_minus_no,vision_cls_attention,logit_concept,-0.171875
3764::305::cub_attribute_yes_no_v1,3764,65,305,0,projector.output,32,correct_answer_margin,vision_cls_attention,logit_concept,0.20572916666666669
3764::305::cub_attribute_yes_no_v1,3764,65,305,0,projector.output,32,raw_yes_minus_no,vision_cls_attention,logit_concept,-0.20572916666666669
3764::306::cub_attribute_yes_no_v1,3764,65,306,1,vision.late,32,correct_answer_margin,vision_cls_attention,logit_concept,0.005208333333333336
3764::306::cub_attribute_yes_no_v1,3764,65,306,1,vision.late,32,raw_yes_minus_no,vision_cls_attention,logit_concept,0.005208333333333336
3764::306::cub_attribute_yes_no_v1,3764,65,306,1,projector.output,32,correct_answer_margin,vision_cls_attention,logit_concept,0.015624999999999993
3764::306::cub_attribute_yes_no_v1,3764,65,306,1,projector.output,32,raw_yes_minus_no,vision_cls_attention,logit_concept,0.015624999999999993
3764::311::cub_attribute_yes_no_v1,3764,65,311,0,vision.late,32,correct_answer_margin,vision_cls_attention,logit_concept,0.18229166666666669
3764::311::cub_attribute_yes_no_v1,3764,65,311,0,vision.late,32,raw_yes_minus_no,vision_cls_attention,logit_concept,-0.18229166666666669
3764::311::cub_attribute_yes_no_v1,3764,65,311,0,projector.output,32,correct_answer_margin,vision_cls_attention,logit_concept,0.35677083333333337
3764::311::cub_attribute_yes_no_v1,3764,65,311,0,projector.output,32,raw_yes_minus_no,vision_cls_attention,logit_concept,-0.35677083333333337
3764::312::cub_attribute_yes_no_v1,3764,65,312,1,vision.late,32,correct_answer_margin,vision_cls_attention,logit_concept,0.21875
3764::312::cub_attribute_yes_no_v1,3764,65,312,1,vision.late,32,raw_yes_minus_no,vision_cls_attention,logit_concept,0.21875
3764::312::cub_attribute_yes_no_v1,3764,65,312,1,projector.output,32,correct_answer_margin,vision_cls_attention,logit_concept,0.04166666666666667
3764::312::cub_attribute_yes_no_v1,3764,65,312,1,projector.output,32,raw_yes_minus_no,vision_cls_attention,logit_concept,0.04166666666666667
3764::5::cub_attribute_yes_no_v1,3764,65,5,1,vision.late,32,correct_answer_margin,vision_cls_attention,logit_concept,0.453125
3764::5::cub_attribute_yes_no_v1,3764,65,5,1,vision.late,32,raw_yes_minus_no,vision_cls_attention,logit_concept,0.453125
3764::5::cub_attribute_yes_no_v1,3764,65,5,1,projector.output,32,correct_answer_margin,vision_cls_attention,logit_concept,0.4817708333333333
3764::5::cub_attribute_yes_no_v1,3764,65,5,1,projector.output,32,raw_yes_minus_no,vision_cls_attention,logit_concept,0.4817708333333333
3764::7::cub_attribute_yes_no_v1,3764,65,7,0,vision.late,32,correct_answer_margin,vision_cls_attention,logit_concept,0.044270833333333336
3764::7::cub_attribute_yes_no_v1,3764,65,7,0,vision.late,32,raw_yes_minus_no,vision_cls_attention,logit_concept,-0.044270833333333336
3764::7::cub_attribute_yes_no_v1,3764,65,7,0,projector.output,32,correct_answer_margin,vision_cls_attention,logit_concept,0.033854166666666664
3764::7::cub_attribute_yes_no_v1,3764,65,7,0,projector.output,32,raw_yes_minus_no,vision_cls_attention,logit_concept,-0.033854166666666664
3764::8::cub_attribute_yes_no_v1,3764,65,8,0,vision.late,32,correct_answer_margin,vision_cls_attention,logit_concept,-0.21354166666666666
3764::8::cub_attribute_yes_no_v1,3764,65,8,0,vision.late,32,raw_yes_minus_no,vision_cls_attention,logit_concept,0.21354166666666666
3764::8::cub_attribute_yes_no_v1,3764,65,8,0,projector.output,32,correct_answer_margin,vision_cls_attention,logit_concept,-0.24479166666666666
3764::8::cub_attribute_yes_no_v1,3764,65,8,0,projector.output,32,raw_yes_minus_no,vision_cls_attention,logit_concept,0.24479166666666666
3848::103::cub_attribute_yes_no_v1,3848,67,103,0,vision.late,32,correct_answer_margin,vision_cls_attention,logit_concept,-0.09635416666666667
3848::103::cub_attribute_yes_no_v1,3848,67,103,0,vision.late,32,raw_yes_minus_no,vision_cls_attention,logit_concept,0.09635416666666667
3848::103::cub_attribute_yes_no_v1,3848,67,103,0,projector.output,32,correct_answer_margin,vision_cls_attention,logit_concept,-0.10416666666666666
3848::103::cub_attribute_yes_no_v1,3848,67,103,0,projector.output,32,raw_yes_minus_no,vision_cls_attention,logit_concept,0.10416666666666666
3848::104::cub_attribute_yes_no_v1,3848,67,104,1,vision.late,32,correct_answer_margin,vision_cls_attention,logit_concept,-0.24739583333333331
3848::104::cub_attribute_yes_no_v1,3848,67,104,1,vision.late,32,raw_yes_minus_no,vision_cls_attention,logit_concept,-0.24739583333333331
3848::104::cub_attribute_yes_no_v1,3848,67,104,1,projector.output,32,correct_answer_margin,vision_cls_attention,logit_concept,-0.21875
3848::104::cub_attribute_yes_no_v1,3848,67,104,1,projector.output,32,raw_yes_minus_no,vision_cls_attention,logit_concept,-0.21875
3848::107::cub_attribute_yes_no_v1,3848,67,107,1,vision.late,32,correct_answer_margin,vision_cls_attention,logit_concept,-0.8463541666666667
3848::107::cub_attribute_yes_no_v1,3848,67,107,1,vision.late,32,raw_yes_minus_no,vision_cls_attention,logit_concept,-0.8463541666666667
3848::107::cub_attribute_yes_no_v1,3848,67,107,1,projector.output,32,correct_answer_margin,vision_cls_attention,logit_concept,-0.7838541666666667
3848::107::cub_attribute_yes_no_v1,3848,67,107,1,projector.output,32,raw_yes_minus_no,vision_cls_attention,logit_concept,-0.7838541666666667
3848::118::cub_attribute_yes_no_v1,3848,67,118,0,vision.late,32,correct_answer_margin,vision_cls_attention,logit_concept,0.9296875
3848::118::cub_attribute_yes_no_v1,3848,67,118,0,vision.late,32,raw_yes_minus_no,vision_cls_attention,logit_concept,-0.9296875
3848::118::cub_attribute_yes_no_v1,3848,67,118,0,projector.output,32,correct_answer_margin,vision_cls_attention,logit_concept,0.9375
3848::118::cub_attribute_yes_no_v1,3848,67,118,0,projector.output,32,raw_yes_minus_no,vision_cls_attention,logit_concept,-0.9375
3848::120::cub_attribute_yes_no_v1,3848,67,120,1,vision.late,32,correct_answer_margin,vision_cls_attention,logit_concept,-0.4453125
3848::120::cub_attribute_yes_no_v1,3848,67,120,1,vision.late,32,raw_yes_minus_no,vision_cls_attention,logit_concept,-0.4453125
3848::120::cub_attribute_yes_no_v1,3848,67,120,1,projector.output,32,correct_answer_margin,vision_cls_attention,logit_concept,-0.40104166666666663
3848::120::cub_attribute_yes_no_v1,3848,67,120,1,projector.output,32,raw_yes_minus_no,vision_cls_attention,logit_concept,-0.40104166666666663
3848::295::cub_attribute_yes_no_v1,3848,67,295,1,vision.late,32,correct_answer_margin,vision_cls_attention,logit_concept,-0.7265625
3848::295::cub_attribute_yes_no_v1,3848,67,295,1,vision.late,32,raw_yes_minus_no,vision_cls_attention,logit_concept,-0.7265625
3848::295::cub_attribute_yes_no_v1,3848,67,295,1,projector.output,32,correct_answer_margin,vision_cls_attention,logit_concept,-0.6979166666666666
3848::295::cub_attribute_yes_no_v1,3848,67,295,1,projector.output,32,raw_yes_minus_no,vision_cls_attention,logit_concept,-0.6979166666666666
3848::299::cub_attribute_yes_no_v1,3848,67,299,0,vision.late,32,correct_answer_margin,vision_cls_attention,logit_concept,0.3515625
3848::299::cub_attribute_yes_no_v1,3848,67,299,0,vision.late,32,raw_yes_minus_no,vision_cls_attention,logit_concept,-0.3515625
3848::299::cub_attribute_yes_no_v1,3848,67,299,0,projector.output,32,correct_answer_margin,vision_cls_attention,logit_concept,0.29166666666666663
3848::299::cub_attribute_yes_no_v1,3848,67,299,0,projector.output,32,raw_yes_minus_no,vision_cls_attention,logit_concept,-0.29166666666666663
3848::308::cub_attribute_yes_no_v1,3848,67,308,1,vision.late,32,correct_answer_margin,vision_cls_attention,logit_concept,-0.28385416666666663
3848::308::cub_attribute_yes_no_v1,3848,67,308,1,vision.late,32,raw_yes_minus_no,vision_cls_attention,logit_concept,-0.28385416666666663
3848::308::cub_attribute_yes_no_v1,3848,67,308,1,projector.output,32,correct_answer_margin,vision_cls_attention,logit_concept,-0.21614583333333331
3848::308::cub_attribute_yes_no_v1,3848,67,308,1,projector.output,32,raw_yes_minus_no,vision_cls_attention,logit_concept,-0.21614583333333331
3848::309::cub_attribute_yes_no_v1,3848,67,309,0,vision.late,32,correct_answer_margin,vision_cls_attention,logit_concept,0.1328125
3848::309::cub_attribute_yes_no_v1,3848,67,309,0,vision.late,32,raw_yes_minus_no,vision_cls_attention,logit_concept,-0.1328125
3848::309::cub_attribute_yes_no_v1,3848,67,309,0,projector.output,32,correct_answer_margin,vision_cls_attention,logit_concept,0.125
3848::309::cub_attribute_yes_no_v1,3848,67,309,0,projector.output,32,raw_yes_minus_no,vision_cls_attention,logit_concept,-0.125
3848::312::cub_attribute_yes_no_v1,3848,67,312,1,vision.late,32,correct_answer_margin,vision_cls_attention,logit_concept,0.07552083333333329
3848::312::cub_attribute_yes_no_v1,3848,67,312,1,vision.late,32,raw_yes_minus_no,vision_cls_attention,logit_concept,0.07552083333333329
3848::312::cub_attribute_yes_no_v1,3848,67,312,1,projector.output,32,correct_answer_margin,vision_cls_attention,logit_concept,0.13020833333333334
3848::312::cub_attribute_yes_no_v1,3848,67,312,1,projector.output,32,raw_yes_minus_no,vision_cls_attention,logit_concept,0.13020833333333334
3889::101::cub_attribute_yes_no_v1,3889,67,101,1,vision.late,32,correct_answer_margin,vision_cls_attention,logit_concept,-0.06510416666666667
3889::101::cub_attribute_yes_no_v1,3889,67,101,1,vision.late,32,raw_yes_minus_no,vision_cls_attention,logit_concept,-0.06510416666666667
3889::101::cub_attribute_yes_no_v1,3889,67,101,1,projector.output,32,correct_answer_margin,vision_cls_attention,logit_concept,-0.0703125
3889::101::cub_attribute_yes_no_v1,3889,67,101,1,projector.output,32,raw_yes_minus_no,vision_cls_attention,logit_concept,-0.0703125
3889::105::cub_attribute_yes_no_v1,3889,67,105,1,vision.late,32,correct_answer_margin,vision_cls_attention,logit_concept,-0.2760416666666667
3889::105::cub_attribute_yes_no_v1,3889,67,105,1,vision.late,32,raw_yes_minus_no,vision_cls_attention,logit_concept,-0.2760416666666667
3889::105::cub_attribute_yes_no_v1,3889,67,105,1,projector.output,32,correct_answer_margin,vision_cls_attention,logit_concept,-0.30208333333333337
3889::105::cub_attribute_yes_no_v1,3889,67,105,1,projector.output,32,raw_yes_minus_no,vision_cls_attention,logit_concept,-0.30208333333333337
3889::111::cub_attribute_yes_no_v1,3889,67,111,1,vision.late,32,correct_answer_margin,vision_cls_attention,logit_concept,-0.02864583333333334
3889::111::cub_attribute_yes_no_v1,3889,67,111,1,vision.late,32,raw_yes_minus_no,vision_cls_attention,logit_concept,-0.02864583333333334
3889::111::cub_attribute_yes_no_v1,3889,67,111,1,projector.output,32,correct_answer_margin,vision_cls_attention,logit_concept,-0.1484375
3889::111::cub_attribute_yes_no_v1,3889,67,111,1,projector.output,32,raw_yes_minus_no,vision_cls_attention,logit_concept,-0.1484375
3889::117::cub_attribute_yes_no_v1,3889,67,117,1,vision.late,32,correct_answer_margin,vision_cls_attention,logit_concept,0.08333333333333334
3889::117::cub_attribute_yes_no_v1,3889,67,117,1,vision.late,32,raw_yes_minus_no,vision_cls_attention,logit_concept,0.08333333333333334
3889::117::cub_attribute_yes_no_v1,3889,67,117,1,projector.output,32,correct_answer_margin,vision_cls_attention,logit_concept,0.010416666666666668
3889::117::cub_attribute_yes_no_v1,3889,67,117,1,projector.output,32,raw_yes_minus_no,vision_cls_attention,logit_concept,0.010416666666666668
3889::118::cub_attribute_yes_no_v1,3889,67,118,0,vision.late,32,correct_answer_margin,vision_cls_attention,logit_concept,0.0703125
3889::118::cub_attribute_yes_no_v1,3889,67,118,0,vision.late,32,raw_yes_minus_no,vision_cls_attention,logit_concept,-0.0703125
3889::118::cub_attribute_yes_no_v1,3889,67,118,0,projector.output,32,correct_answer_margin,vision_cls_attention,logit_concept,0.18229166666666669
3889::118::cub_attribute_yes_no_v1,3889,67,118,0,projector.output,32,raw_yes_minus_no,vision_cls_attention,logit_concept,-0.18229166666666669
3889::120::cub_attribute_yes_no_v1,3889,67,120,0,vision.late,32,correct_answer_margin,vision_cls_attention,logit_concept,0.265625
3889::120::cub_attribute_yes_no_v1,3889,67,120,0,vision.late,32,raw_yes_minus_no,vision_cls_attention,logit_concept,-0.265625
3889::120::cub_attribute_yes_no_v1,3889,67,120,0,projector.output,32,correct_answer_margin,vision_cls_attention,logit_concept,0.30208333333333337
3889::120::cub_attribute_yes_no_v1,3889,67,120,0,projector.output,32,raw_yes_minus_no,vision_cls_attention,logit_concept,-0.30208333333333337
3889::295::cub_attribute_yes_no_v1,3889,67,295,0,vision.late,32,correct_answer_margin,vision_cls_attention,logit_concept,0.013020833333333336
3889::295::cub_attribute_yes_no_v1,3889,67,295,0,vision.late,32,raw_yes_minus_no,vision_cls_attention,logit_concept,-0.013020833333333336
3889::295::cub_attribute_yes_no_v1,3889,67,295,0,projector.output,32,correct_answer_margin,vision_cls_attention,logit_concept,0.02604166666666667
3889::295::cub_attribute_yes_no_v1,3889,67,295,0,projector.output,32,raw_yes_minus_no,vision_cls_attention,logit_concept,-0.02604166666666667
3889::299::cub_attribute_yes_no_v1,3889,67,299,0,vision.late,32,correct_answer_margin,vision_cls_attention,logit_concept,0.11197916666666669
3889::299::cub_attribute_yes_no_v1,3889,67,299,0,vision.late,32,raw_yes_minus_no,vision_cls_attention,logit_concept,-0.11197916666666669
3889::299::cub_attribute_yes_no_v1,3889,67,299,0,projector.output,32,correct_answer_margin,vision_cls_attention,logit_concept,0.203125
3889::299::cub_attribute_yes_no_v1,3889,67,299,0,projector.output,32,raw_yes_minus_no,vision_cls_attention,logit_concept,-0.203125
3889::305::cub_attribute_yes_no_v1,3889,67,305,1,vision.late,32,correct_answer_margin,vision_cls_attention,logit_concept,0.033854166666666664
3889::305::cub_attribute_yes_no_v1,3889,67,305,1,vision.late,32,raw_yes_minus_no,vision_cls_attention,logit_concept,0.033854166666666664
3889::305::cub_attribute_yes_no_v1,3889,67,305,1,projector.output,32,correct_answer_margin,vision_cls_attention,logit_concept,0.041666666666666664
3889::305::cub_attribute_yes_no_v1,3889,67,305,1,projector.output,32,raw_yes_minus_no,vision_cls_attention,logit_concept,0.041666666666666664
3889::311::cub_attribute_yes_no_v1,3889,67,311,0,vision.late,32,correct_answer_margin,vision_cls_attention,logit_concept,0.21354166666666669
3889::311::cub_attribute_yes_no_v1,3889,67,311,0,vision.late,32,raw_yes_minus_no,vision_cls_attention,logit_concept,-0.21354166666666669
3889::311::cub_attribute_yes_no_v1,3889,67,311,0,projector.output,32,correct_answer_margin,vision_cls_attention,logit_concept,0.23958333333333334
3889::311::cub_attribute_yes_no_v1,3889,67,311,0,projector.output,32,raw_yes_minus_no,vision_cls_attention,logit_concept,-0.23958333333333334
3889::312::cub_attribute_yes_no_v1,3889,67,312,1,vision.late,32,correct_answer_margin,vision_cls_attention,logit_concept,-0.11979166666666666
3889::312::cub_attribute_yes_no_v1,3889,67,312,1,vision.late,32,raw_yes_minus_no,vision_cls_attention,logit_concept,-0.11979166666666666
3889::312::cub_attribute_yes_no_v1,3889,67,312,1,projector.output,32,correct_answer_margin,vision_cls_attention,logit_concept,-0.12239583333333334
3889::312::cub_attribute_yes_no_v1,3889,67,312,1,projector.output,32,raw_yes_minus_no,vision_cls_attention,logit_concept,-0.12239583333333334
3889::7::cub_attribute_yes_no_v1,3889,67,7,0,vision.late,32,correct_answer_margin,vision_cls_attention,logit_concept,-0.4322916666666667
3889::7::cub_attribute_yes_no_v1,3889,67,7,0,vision.late,32,raw_yes_minus_no,vision_cls_attention,logit_concept,0.4322916666666667
3889::7::cub_attribute_yes_no_v1,3889,67,7,0,projector.output,32,correct_answer_margin,vision_cls_attention,logit_concept,-0.4270833333333333
3889::7::cub_attribute_yes_no_v1,3889,67,7,0,projector.output,32,raw_yes_minus_no,vision_cls_attention,logit_concept,0.4270833333333333
3889::8::cub_attribute_yes_no_v1,3889,67,8,0,vision.late,32,correct_answer_margin,vision_cls_attention,logit_concept,-0.9635416666666666
3889::8::cub_attribute_yes_no_v1,3889,67,8,0,vision.late,32,raw_yes_minus_no,vision_cls_attention,logit_concept,0.9635416666666666
3889::8::cub_attribute_yes_no_v1,3889,67,8,0,projector.output,32,correct_answer_margin,vision_cls_attention,logit_concept,-0.9817708333333334
3889::8::cub_attribute_yes_no_v1,3889,67,8,0,projector.output,32,raw_yes_minus_no,vision_cls_attention,logit_concept,0.9817708333333334
3890::111::cub_attribute_yes_no_v1,3890,67,111,0,vision.late,32,correct_answer_margin,vision_cls_attention,logit_concept,0.03645833333333333
3890::111::cub_attribute_yes_no_v1,3890,67,111,0,vision.late,32,raw_yes_minus_no,vision_cls_attention,logit_concept,-0.03645833333333333
3890::111::cub_attribute_yes_no_v1,3890,67,111,0,projector.output,32,correct_answer_margin,vision_cls_attention,logit_concept,0.03125
3890::111::cub_attribute_yes_no_v1,3890,67,111,0,projector.output,32,raw_yes_minus_no,vision_cls_attention,logit_concept,-0.03125
3890::117::cub_attribute_yes_no_v1,3890,67,117,0,vision.late,32,correct_answer_margin,vision_cls_attention,logit_concept,0.09635416666666666
3890::117::cub_attribute_yes_no_v1,3890,67,117,0,vision.late,32,raw_yes_minus_no,vision_cls_attention,logit_concept,-0.09635416666666666
3890::117::cub_attribute_yes_no_v1,3890,67,117,0,projector.output,32,correct_answer_margin,vision_cls_attention,logit_concept,0.12760416666666666
3890::117::cub_attribute_yes_no_v1,3890,67,117,0,projector.output,32,raw_yes_minus_no,vision_cls_attention,logit_concept,-0.12760416666666666
3890::118::cub_attribute_yes_no_v1,3890,67,118,1,vision.late,32,correct_answer_margin,vision_cls_attention,logit_concept,0.24479166666666666
3890::118::cub_attribute_yes_no_v1,3890,67,118,1,vision.late,32,raw_yes_minus_no,vision_cls_attention,logit_concept,0.24479166666666666
3890::118::cub_attribute_yes_no_v1,3890,67,118,1,projector.output,32,correct_answer_margin,vision_cls_attention,logit_concept,0.21614583333333331
3890::118::cub_attribute_yes_no_v1,3890,67,118,1,projector.output,32,raw_yes_minus_no,vision_cls_attention,logit_concept,0.21614583333333331
3890::120::cub_attribute_yes_no_v1,3890,67,120,0,vision.late,32,correct_answer_margin,vision_cls_attention,logit_concept,-0.2760416666666667
3890::120::cub_attribute_yes_no_v1,3890,67,120,0,vision.late,32,raw_yes_minus_no,vision_cls_attention,logit_concept,0.2760416666666667
3890::120::cub_attribute_yes_no_v1,3890,67,120,0,projector.output,32,correct_answer_margin,vision_cls_attention,logit_concept,-0.23958333333333334
3890::120::cub_attribute_yes_no_v1,3890,67,120,0,projector.output,32,raw_yes_minus_no,vision_cls_attention,logit_concept,0.23958333333333334
3890::295::cub_attribute_yes_no_v1,3890,67,295,0,vision.late,32,correct_answer_margin,vision_cls_attention,logit_concept,-0.06510416666666667
3890::295::cub_attribute_yes_no_v1,3890,67,295,0,vision.late,32,raw_yes_minus_no,vision_cls_attention,logit_concept,0.06510416666666667
3890::295::cub_attribute_yes_no_v1,3890,67,295,0,projector.output,32,correct_answer_margin,vision_cls_attention,logit_concept,-0.0703125
3890::295::cub_attribute_yes_no_v1,3890,67,295,0,projector.output,32,raw_yes_minus_no,vision_cls_attention,logit_concept,0.0703125
3890::299::cub_attribute_yes_no_v1,3890,67,299,1,vision.late,32,correct_answer_margin,vision_cls_attention,logit_concept,-0.1015625
3890::299::cub_attribute_yes_no_v1,3890,67,299,1,vision.late,32,raw_yes_minus_no,vision_cls_attention,logit_concept,-0.1015625
3890::299::cub_attribute_yes_no_v1,3890,67,299,1,projector.output,32,correct_answer_margin,vision_cls_attention,logit_concept,-0.109375
3890::299::cub_attribute_yes_no_v1,3890,67,299,1,projector.output,32,raw_yes_minus_no,vision_cls_attention,logit_concept,-0.109375
3890::305::cub_attribute_yes_no_v1,3890,67,305,0,vision.late,32,correct_answer_margin,vision_cls_attention,logit_concept,0.2682291666666667
3890::305::cub_attribute_yes_no_v1,3890,67,305,0,vision.late,32,raw_yes_minus_no,vision_cls_attention,logit_concept,-0.2682291666666667
3890::305::cub_attribute_yes_no_v1,3890,67,305,0,projector.output,32,correct_answer_margin,vision_cls_attention,logit_concept,0.29427083333333337
3890::305::cub_attribute_yes_no_v1,3890,67,305,0,projector.output,32,raw_yes_minus_no,vision_cls_attention,logit_concept,-0.29427083333333337
3890::306::cub_attribute_yes_no_v1,3890,67,306,0,vision.late,32,correct_answer_margin,vision_cls_attention,logit_concept,-0.140625
3890::306::cub_attribute_yes_no_v1,3890,67,306,0,vision.late,32,raw_yes_minus_no,vision_cls_attention,logit_concept,0.140625
3890::306::cub_attribute_yes_no_v1,3890,67,306,0,projector.output,32,correct_answer_margin,vision_cls_attention,logit_concept,-0.13541666666666669
3890::306::cub_attribute_yes_no_v1,3890,67,306,0,projector.output,32,raw_yes_minus_no,vision_cls_attention,logit_concept,0.13541666666666669
3890::308::cub_attribute_yes_no_v1,3890,67,308,0,vision.late,32,correct_answer_margin,vision_cls_attention,logit_concept,-0.20312499999999997
3890::308::cub_attribute_yes_no_v1,3890,67,308,0,vision.late,32,raw_yes_minus_no,vision_cls_attention,logit_concept,0.20312499999999997
3890::308::cub_attribute_yes_no_v1,3890,67,308,0,projector.output,32,correct_answer_margin,vision_cls_attention,logit_concept,-0.20052083333333334
3890::308::cub_attribute_yes_no_v1,3890,67,308,0,projector.output,32,raw_yes_minus_no,vision_cls_attention,logit_concept,0.20052083333333334
3890::309::cub_attribute_yes_no_v1,3890,67,309,1,vision.late,32,correct_answer_margin,vision_cls_attention,logit_concept,0.015625000000000003
3890::309::cub_attribute_yes_no_v1,3890,67,309,1,vision.late,32,raw_yes_minus_no,vision_cls_attention,logit_concept,0.015625000000000003
3890::309::cub_attribute_yes_no_v1,3890,67,309,1,projector.output,32,correct_answer_margin,vision_cls_attention,logit_concept,-0.010416666666666671
3890::309::cub_attribute_yes_no_v1,3890,67,309,1,projector.output,32,raw_yes_minus_no,vision_cls_attention,logit_concept,-0.010416666666666671
3890::311::cub_attribute_yes_no_v1,3890,67,311,0,vision.late,32,correct_answer_margin,vision_cls_attention,logit_concept,-0.028645833333333315
3890::311::cub_attribute_yes_no_v1,3890,67,311,0,vision.late,32,raw_yes_minus_no,vision_cls_attention,logit_concept,0.028645833333333315
3890::311::cub_attribute_yes_no_v1,3890,67,311,0,projector.output,32,correct_answer_margin,vision_cls_attention,logit_concept,-0.03125
3890::311::cub_attribute_yes_no_v1,3890,67,311,0,projector.output,32,raw_yes_minus_no,vision_cls_attention,logit_concept,0.03125
3890::7::cub_attribute_yes_no_v1,3890,67,7,0,vision.late,32,correct_answer_margin,vision_cls_attention,logit_concept,0.2265625
3890::7::cub_attribute_yes_no_v1,3890,67,7,0,vision.late,32,raw_yes_minus_no,vision_cls_attention,logit_concept,-0.2265625
3890::7::cub_attribute_yes_no_v1,3890,67,7,0,projector.output,32,correct_answer_margin,vision_cls_attention,logit_concept,0.25520833333333337
3890::7::cub_attribute_yes_no_v1,3890,67,7,0,projector.output,32,raw_yes_minus_no,vision_cls_attention,logit_concept,-0.25520833333333337
3890::8::cub_attribute_yes_no_v1,3890,67,8,0,vision.late,32,correct_answer_margin,vision_cls_attention,logit_concept,0.5260416666666667
3890::8::cub_attribute_yes_no_v1,3890,67,8,0,vision.late,32,raw_yes_minus_no,vision_cls_attention,logit_concept,-0.5260416666666667
3890::8::cub_attribute_yes_no_v1,3890,67,8,0,projector.output,32,correct_answer_margin,vision_cls_attention,logit_concept,0.6067708333333334
3890::8::cub_attribute_yes_no_v1,3890,67,8,0,projector.output,32,raw_yes_minus_no,vision_cls_attention,logit_concept,-0.6067708333333334
3893::101::cub_attribute_yes_no_v1,3893,67,101,1,vision.late,32,correct_answer_margin,vision_cls_attention,logit_concept,-0.08854166666666666
3893::101::cub_attribute_yes_no_v1,3893,67,101,1,vision.late,32,raw_yes_minus_no,vision_cls_attention,logit_concept,-0.08854166666666666
3893::101::cub_attribute_yes_no_v1,3893,67,101,1,projector.output,32,correct_answer_margin,vision_cls_attention,logit_concept,-0.0859375
3893::101::cub_attribute_yes_no_v1,3893,67,101,1,projector.output,32,raw_yes_minus_no,vision_cls_attention,logit_concept,-0.0859375
3893::107::cub_attribute_yes_no_v1,3893,67,107,1,vision.late,32,correct_answer_margin,vision_cls_attention,logit_concept,0.13020833333333331
3893::107::cub_attribute_yes_no_v1,3893,67,107,1,vision.late,32,raw_yes_minus_no,vision_cls_attention,logit_concept,0.13020833333333331
3893::107::cub_attribute_yes_no_v1,3893,67,107,1,projector.output,32,correct_answer_margin,vision_cls_attention,logit_concept,0.171875
3893::107::cub_attribute_yes_no_v1,3893,67,107,1,projector.output,32,raw_yes_minus_no,vision_cls_attention,logit_concept,0.171875
3893::118::cub_attribute_yes_no_v1,3893,67,118,1,vision.late,32,correct_answer_margin,vision_cls_attention,logit_concept,-0.7291666666666666
3893::118::cub_attribute_yes_no_v1,3893,67,118,1,vision.late,32,raw_yes_minus_no,vision_cls_attention,logit_concept,-0.7291666666666666
3893::118::cub_attribute_yes_no_v1,3893,67,118,1,projector.output,32,correct_answer_margin,vision_cls_attention,logit_concept,-0.7005208333333333
3893::118::cub_attribute_yes_no_v1,3893,67,118,1,projector.output,32,raw_yes_minus_no,vision_cls_attention,logit_concept,-0.7005208333333333
3893::295::cub_attribute_yes_no_v1,3893,67,295,1,vision.late,32,correct_answer_margin,vision_cls_attention,logit_concept,-0.140625
3893::295::cub_attribute_yes_no_v1,3893,67,295,1,vision.late,32,raw_yes_minus_no,vision_cls_attention,logit_concept,-0.140625
3893::295::cub_attribute_yes_no_v1,3893,67,295,1,projector.output,32,correct_answer_margin,vision_cls_attention,logit_concept,-0.0859375
3893::295::cub_attribute_yes_no_v1,3893,67,295,1,projector.output,32,raw_yes_minus_no,vision_cls_attention,logit_concept,-0.0859375
3893::305::cub_attribute_yes_no_v1,3893,67,305,0,vision.late,32,correct_answer_margin,vision_cls_attention,logit_concept,0.5807291666666666
3893::305::cub_attribute_yes_no_v1,3893,67,305,0,vision.late,32,raw_yes_minus_no,vision_cls_attention,logit_concept,-0.5807291666666666
3893::305::cub_attribute_yes_no_v1,3893,67,305,0,projector.output,32,correct_answer_margin,vision_cls_attention,logit_concept,0.5755208333333333
3893::305::cub_attribute_yes_no_v1,3893,67,305,0,projector.output,32,raw_yes_minus_no,vision_cls_attention,logit_concept,-0.5755208333333333
3893::311::cub_attribute_yes_no_v1,3893,67,311,0,vision.late,32,correct_answer_margin,vision_cls_attention,logit_concept,0.5234375
3893::311::cub_attribute_yes_no_v1,3893,67,311,0,vision.late,32,raw_yes_minus_no,vision_cls_attention,logit_concept,-0.5234375
3893::311::cub_attribute_yes_no_v1,3893,67,311,0,projector.output,32,correct_answer_margin,vision_cls_attention,logit_concept,0.5416666666666666
3893::311::cub_attribute_yes_no_v1,3893,67,311,0,projector.output,32,raw_yes_minus_no,vision_cls_attention,logit_concept,-0.5416666666666666
3893::312::cub_attribute_yes_no_v1,3893,67,312,1,vision.late,32,correct_answer_margin,vision_cls_attention,logit_concept,0.48177083333333326
3893::312::cub_attribute_yes_no_v1,3893,67,312,1,vision.late,32,raw_yes_minus_no,vision_cls_attention,logit_concept,0.48177083333333326
3893::312::cub_attribute_yes_no_v1,3893,67,312,1,projector.output,32,correct_answer_margin,vision_cls_attention,logit_concept,0.46875
3893::312::cub_attribute_yes_no_v1,3893,67,312,1,projector.output,32,raw_yes_minus_no,vision_cls_attention,logit_concept,0.46875
4197::102::cub_attribute_yes_no_v1,4197,73,102,0,vision.late,32,correct_answer_margin,vision_cls_attention,logit_concept,-0.046875
4197::102::cub_attribute_yes_no_v1,4197,73,102,0,vision.late,32,raw_yes_minus_no,vision_cls_attention,logit_concept,0.046875
4197::102::cub_attribute_yes_no_v1,4197,73,102,0,projector.output,32,correct_answer_margin,vision_cls_attention,logit_concept,-0.05989583333333334
4197::102::cub_attribute_yes_no_v1,4197,73,102,0,projector.output,32,raw_yes_minus_no,vision_cls_attention,logit_concept,0.05989583333333334
4197::105::cub_attribute_yes_no_v1,4197,73,105,1,vision.late,32,correct_answer_margin,vision_cls_attention,logit_concept,0.13541666666666666
4197::105::cub_attribute_yes_no_v1,4197,73,105,1,vision.late,32,raw_yes_minus_no,vision_cls_attention,logit_concept,0.13541666666666666
4197::105::cub_attribute_yes_no_v1,4197,73,105,1,projector.output,32,correct_answer_margin,vision_cls_attention,logit_concept,0.20052083333333331
4197::105::cub_attribute_yes_no_v1,4197,73,105,1,projector.output,32,raw_yes_minus_no,vision_cls_attention,logit_concept,0.20052083333333331
4197::111::cub_attribute_yes_no_v1,4197,73,111,1,vision.late,32,correct_answer_margin,vision_cls_attention,logit_concept,0.21614583333333331
4197::111::cub_attribute_yes_no_v1,4197,73,111,1,vision.late,32,raw_yes_minus_no,vision_cls_attention,logit_concept,0.21614583333333331
4197::111::cub_attribute_yes_no_v1,4197,73,111,1,projector.output,32,correct_answer_margin,vision_cls_attention,logit_concept,0.2708333333333333
4197::111::cub_attribute_yes_no_v1,4197,73,111,1,projector.output,32,raw_yes_minus_no,vision_cls_attention,logit_concept,0.2708333333333333
4197::117::cub_attribute_yes_no_v1,4197,73,117,1,vision.late,32,correct_answer_margin,vision_cls_attention,logit_concept,-0.15885416666666669
4197::117::cub_attribute_yes_no_v1,4197,73,117,1,vision.late,32,raw_yes_minus_no,vision_cls_attention,logit_concept,-0.15885416666666669
4197::117::cub_attribute_yes_no_v1,4197,73,117,1,projector.output,32,correct_answer_margin,vision_cls_attention,logit_concept,-0.10677083333333334
4197::117::cub_attribute_yes_no_v1,4197,73,117,1,projector.output,32,raw_yes_minus_no,vision_cls_attention,logit_concept,-0.10677083333333334
4197::294::cub_attribute_yes_no_v1,4197,73,294,1,vision.late,32,correct_answer_margin,vision_cls_attention,logit_concept,-0.109375
4197::294::cub_attribute_yes_no_v1,4197,73,294,1,vision.late,32,raw_yes_minus_no,vision_cls_attention,logit_concept,-0.109375
4197::294::cub_attribute_yes_no_v1,4197,73,294,1,projector.output,32,correct_answer_margin,vision_cls_attention,logit_concept,-0.09374999999999999
4197::294::cub_attribute_yes_no_v1,4197,73,294,1,projector.output,32,raw_yes_minus_no,vision_cls_attention,logit_concept,-0.09374999999999999
4197::305::cub_attribute_yes_no_v1,4197,73,305,0,vision.late,32,correct_answer_margin,vision_cls_attention,logit_concept,0.203125
4197::305::cub_attribute_yes_no_v1,4197,73,305,0,vision.late,32,raw_yes_minus_no,vision_cls_attention,logit_concept,-0.203125
4197::305::cub_attribute_yes_no_v1,4197,73,305,0,projector.output,32,correct_answer_margin,vision_cls_attention,logit_concept,0.15104166666666666
4197::305::cub_attribute_yes_no_v1,4197,73,305,0,projector.output,32,raw_yes_minus_no,vision_cls_attention,logit_concept,-0.15104166666666666
4197::308::cub_attribute_yes_no_v1,4197,73,308,0,vision.late,32,correct_answer_margin,vision_cls_attention,logit_concept,0.19010416666666666
4197::308::cub_attribute_yes_no_v1,4197,73,308,0,vision.late,32,raw_yes_minus_no,vision_cls_attention,logit_concept,-0.19010416666666666
4197::308::cub_attribute_yes_no_v1,4197,73,308,0,projector.output,32,correct_answer_margin,vision_cls_attention,logit_concept,0.12239583333333334
4197::308::cub_attribute_yes_no_v1,4197,73,308,0,projector.output,32,raw_yes_minus_no,vision_cls_attention,logit_concept,-0.12239583333333334
4197::309::cub_attribute_yes_no_v1,4197,73,309,0,vision.late,32,correct_answer_margin,vision_cls_attention,logit_concept,0.0703125
4197::309::cub_attribute_yes_no_v1,4197,73,309,0,vision.late,32,raw_yes_minus_no,vision_cls_attention,logit_concept,-0.0703125
4197::309::cub_attribute_yes_no_v1,4197,73,309,0,projector.output,32,correct_answer_margin,vision_cls_attention,logit_concept,0.0390625
4197::309::cub_attribute_yes_no_v1,4197,73,309,0,projector.output,32,raw_yes_minus_no,vision_cls_attention,logit_concept,-0.0390625
4197::310::cub_attribute_yes_no_v1,4197,73,310,1,vision.late,32,correct_answer_margin,vision_cls_attention,logit_concept,-0.07031250000000006
4197::310::cub_attribute_yes_no_v1,4197,73,310,1,vision.late,32,raw_yes_minus_no,vision_cls_attention,logit_concept,-0.07031250000000006
4197::310::cub_attribute_yes_no_v1,4197,73,310,1,projector.output,32,correct_answer_margin,vision_cls_attention,logit_concept,-0.15364583333333337
4197::310::cub_attribute_yes_no_v1,4197,73,310,1,projector.output,32,raw_yes_minus_no,vision_cls_attention,logit_concept,-0.15364583333333337
4197::311::cub_attribute_yes_no_v1,4197,73,311,0,vision.late,32,correct_answer_margin,vision_cls_attention,logit_concept,0.359375
4197::311::cub_attribute_yes_no_v1,4197,73,311,0,vision.late,32,raw_yes_minus_no,vision_cls_attention,logit_concept,-0.359375
4197::311::cub_attribute_yes_no_v1,4197,73,311,0,projector.output,32,correct_answer_margin,vision_cls_attention,logit_concept,0.4375
4197::311::cub_attribute_yes_no_v1,4197,73,311,0,projector.output,32,raw_yes_minus_no,vision_cls_attention,logit_concept,-0.4375
4197::312::cub_attribute_yes_no_v1,4197,73,312,0,vision.late,32,correct_answer_margin,vision_cls_attention,logit_concept,0.5651041666666667
4197::312::cub_attribute_yes_no_v1,4197,73,312,0,vision.late,32,raw_yes_minus_no,vision_cls_attention,logit_concept,-0.5651041666666667
4197::312::cub_attribute_yes_no_v1,4197,73,312,0,projector.output,32,correct_answer_margin,vision_cls_attention,logit_concept,0.6536458333333334
4197::312::cub_attribute_yes_no_v1,4197,73,312,0,projector.output,32,raw_yes_minus_no,vision_cls_attention,logit_concept,-0.6536458333333334
4197::7::cub_attribute_yes_no_v1,4197,73,7,0,vision.late,32,correct_answer_margin,vision_cls_attention,logit_concept,0.0390625
4197::7::cub_attribute_yes_no_v1,4197,73,7,0,vision.late,32,raw_yes_minus_no,vision_cls_attention,logit_concept,-0.0390625
4197::7::cub_attribute_yes_no_v1,4197,73,7,0,projector.output,32,correct_answer_margin,vision_cls_attention,logit_concept,-0.005208333333333329
4197::7::cub_attribute_yes_no_v1,4197,73,7,0,projector.output,32,raw_yes_minus_no,vision_cls_attention,logit_concept,0.005208333333333329
4197::8::cub_attribute_yes_no_v1,4197,73,8,1,vision.late,32,correct_answer_margin,vision_cls_attention,logit_concept,0.08333333333333333
4197::8::cub_attribute_yes_no_v1,4197,73,8,1,vision.late,32,raw_yes_minus_no,vision_cls_attention,logit_concept,0.08333333333333333
4197::8::cub_attribute_yes_no_v1,4197,73,8,1,projector.output,32,correct_answer_margin,vision_cls_attention,logit_concept,0.12760416666666669
4197::8::cub_attribute_yes_no_v1,4197,73,8,1,projector.output,32,raw_yes_minus_no,vision_cls_attention,logit_concept,0.12760416666666669
4197::96::cub_attribute_yes_no_v1,4197,73,96,0,vision.late,32,correct_answer_margin,vision_cls_attention,logit_concept,-0.010416666666666664
4197::96::cub_attribute_yes_no_v1,4197,73,96,0,vision.late,32,raw_yes_minus_no,vision_cls_attention,logit_concept,0.010416666666666664
4197::96::cub_attribute_yes_no_v1,4197,73,96,0,projector.output,32,correct_answer_margin,vision_cls_attention,logit_concept,-0.018229166666666664
4197::96::cub_attribute_yes_no_v1,4197,73,96,0,projector.output,32,raw_yes_minus_no,vision_cls_attention,logit_concept,0.018229166666666664
4201::100::cub_attribute_yes_no_v1,4201,73,100,0,vision.late,32,correct_answer_margin,vision_cls_attention,logit_concept,-0.31510416666666663
4201::100::cub_attribute_yes_no_v1,4201,73,100,0,vision.late,32,raw_yes_minus_no,vision_cls_attention,logit_concept,0.31510416666666663
4201::100::cub_attribute_yes_no_v1,4201,73,100,0,projector.output,32,correct_answer_margin,vision_cls_attention,logit_concept,-0.359375
4201::100::cub_attribute_yes_no_v1,4201,73,100,0,projector.output,32,raw_yes_minus_no,vision_cls_attention,logit_concept,0.359375
4201::118::cub_attribute_yes_no_v1,4201,73,118,0,vision.late,32,correct_answer_margin,vision_cls_attention,logit_concept,0.125
4201::118::cub_attribute_yes_no_v1,4201,73,118,0,vision.late,32,raw_yes_minus_no,vision_cls_attention,logit_concept,-0.125
4201::118::cub_attribute_yes_no_v1,4201,73,118,0,projector.output,32,correct_answer_margin,vision_cls_attention,logit_concept,0.12499999999999997
4201::118::cub_attribute_yes_no_v1,4201,73,118,0,projector.output,32,raw_yes_minus_no,vision_cls_attention,logit_concept,-0.12499999999999997
4201::120::cub_attribute_yes_no_v1,4201,73,120,0,vision.late,32,correct_answer_margin,vision_cls_attention,logit_concept,0.06770833333333333
4201::120::cub_attribute_yes_no_v1,4201,73,120,0,vision.late,32,raw_yes_minus_no,vision_cls_attention,logit_concept,-0.06770833333333333
4201::120::cub_attribute_yes_no_v1,4201,73,120,0,projector.output,32,correct_answer_margin,vision_cls_attention,logit_concept,0.05729166666666666
4201::120::cub_attribute_yes_no_v1,4201,73,120,0,projector.output,32,raw_yes_minus_no,vision_cls_attention,logit_concept,-0.05729166666666666
4201::294::cub_attribute_yes_no_v1,4201,73,294,1,vision.late,32,correct_answer_margin,vision_cls_attention,logit_concept,0.41145833333333337
4201::294::cub_attribute_yes_no_v1,4201,73,294,1,vision.late,32,raw_yes_minus_no,vision_cls_attention,logit_concept,0.41145833333333337
4201::294::cub_attribute_yes_no_v1,4201,73,294,1,projector.output,32,correct_answer_margin,vision_cls_attention,logit_concept,0.45572916666666663
4201::294::cub_attribute_yes_no_v1,4201,73,294,1,projector.output,32,raw_yes_minus_no,vision_cls_attention,logit_concept,0.45572916666666663
4201::295::cub_attribute_yes_no_v1,4201,73,295,0,vision.late,32,correct_answer_margin,vision_cls_attention,logit_concept,-0.703125
4201::295::cub_attribute_yes_no_v1,4201,73,295,0,vision.late,32,raw_yes_minus_no,vision_cls_attention,logit_concept,0.703125
4201::295::cub_attribute_yes_no_v1,4201,73,295,0,projector.output,32,correct_answer_margin,vision_cls_attention,logit_concept,-0.6979166666666667
4201::295::cub_attribute_yes_no_v1,4201,73,295,0,projector.output,32,raw_yes_minus_no,vision_cls_attention,logit_concept,0.6979166666666667
4201::305::cub_attribute_yes_no_v1,4201,73,305,0,vision.late,32,correct_answer_margin,vision_cls_attention,logit_concept,-0.10416666666666669
4201::305::cub_attribute_yes_no_v1,4201,73,305,0,vision.late,32,raw_yes_minus_no,vision_cls_attention,logit_concept,0.10416666666666669
4201::305::cub_attribute_yes_no_v1,4201,73,305,0,projector.output,32,correct_answer_margin,vision_cls_attention,logit_concept,-0.15364583333333331
4201::305::cub_attribute_yes_no_v1,4201,73,305,0,projector.output,32,raw_yes_minus_no,vision_cls_attention,logit_concept,0.15364583333333331
4201::309::cub_attribute_yes_no_v1,4201,73,309,0,vision.late,32,correct_answer_margin,vision_cls_attention,logit_concept,0.1328125
4201::309::cub_attribute_yes_no_v1,4201,73,309,0,vision.late,32,raw_yes_minus_no,vision_cls_attention,logit_concept,-0.1328125
4201::309::cub_attribute_yes_no_v1,4201,73,309,0,projector.output,32,correct_answer_margin,vision_cls_attention,logit_concept,0.09375
4201::309::cub_attribute_yes_no_v1,4201,73,309,0,projector.output,32,raw_yes_minus_no,vision_cls_attention,logit_concept,-0.09375
4201::312::cub_attribute_yes_no_v1,4201,73,312,1,vision.late,32,correct_answer_margin,vision_cls_attention,logit_concept,-0.19791666666666666
4201::312::cub_attribute_yes_no_v1,4201,73,312,1,vision.late,32,raw_yes_minus_no,vision_cls_attention,logit_concept,-0.19791666666666666
4201::312::cub_attribute_yes_no_v1,4201,73,312,1,projector.output,32,correct_answer_margin,vision_cls_attention,logit_concept,-0.2421875
4201::312::cub_attribute_yes_no_v1,4201,73,312,1,projector.output,32,raw_yes_minus_no,vision_cls_attention,logit_concept,-0.2421875
4201::7::cub_attribute_yes_no_v1,4201,73,7,1,vision.late,32,correct_answer_margin,vision_cls_attention,logit_concept,-0.1484375
4201::7::cub_attribute_yes_no_v1,4201,73,7,1,vision.late,32,raw_yes_minus_no,vision_cls_attention,logit_concept,-0.1484375
4201::7::cub_attribute_yes_no_v1,4201,73,7,1,projector.output,32,correct_answer_margin,vision_cls_attention,logit_concept,-0.13541666666666666
4201::7::cub_attribute_yes_no_v1,4201,73,7,1,projector.output,32,raw_yes_minus_no,vision_cls_attention,logit_concept,-0.13541666666666666
4201::8::cub_attribute_yes_no_v1,4201,73,8,0,vision.late,32,correct_answer_margin,vision_cls_attention,logit_concept,0.265625
4201::8::cub_attribute_yes_no_v1,4201,73,8,0,vision.late,32,raw_yes_minus_no,vision_cls_attention,logit_concept,-0.265625
4201::8::cub_attribute_yes_no_v1,4201,73,8,0,projector.output,32,correct_answer_margin,vision_cls_attention,logit_concept,0.21354166666666666
4201::8::cub_attribute_yes_no_v1,4201,73,8,0,projector.output,32,raw_yes_minus_no,vision_cls_attention,logit_concept,-0.21354166666666666
4223::107::cub_attribute_yes_no_v1,4223,73,107,1,vision.late,32,correct_answer_margin,vision_cls_attention,logit_concept,0.6484375
4223::107::cub_attribute_yes_no_v1,4223,73,107,1,vision.late,32,raw_yes_minus_no,vision_cls_attention,logit_concept,0.6484375
4223::107::cub_attribute_yes_no_v1,4223,73,107,1,projector.output,32,correct_answer_margin,vision_cls_attention,logit_concept,0.65625
4223::107::cub_attribute_yes_no_v1,4223,73,107,1,projector.output,32,raw_yes_minus_no,vision_cls_attention,logit_concept,0.65625
4223::117::cub_attribute_yes_no_v1,4223,73,117,0,vision.late,32,correct_answer_margin,vision_cls_attention,logit_concept,-0.03125000000000001
4223::117::cub_attribute_yes_no_v1,4223,73,117,0,vision.late,32,raw_yes_minus_no,vision_cls_attention,logit_concept,0.03125000000000001
4223::117::cub_attribute_yes_no_v1,4223,73,117,0,projector.output,32,correct_answer_margin,vision_cls_attention,logit_concept,-0.033854166666666664
4223::117::cub_attribute_yes_no_v1,4223,73,117,0,projector.output,32,raw_yes_minus_no,vision_cls_attention,logit_concept,0.033854166666666664
4223::118::cub_attribute_yes_no_v1,4223,73,118,0,vision.late,32,correct_answer_margin,vision_cls_attention,logit_concept,0.078125
4223::118::cub_attribute_yes_no_v1,4223,73,118,0,vision.late,32,raw_yes_minus_no,vision_cls_attention,logit_concept,-0.078125
4223::118::cub_attribute_yes_no_v1,4223,73,118,0,projector.output,32,correct_answer_margin,vision_cls_attention,logit_concept,0.05989583333333334
4223::118::cub_attribute_yes_no_v1,4223,73,118,0,projector.output,32,raw_yes_minus_no,vision_cls_attention,logit_concept,-0.05989583333333334
4223::294::cub_attribute_yes_no_v1,4223,73,294,1,vision.late,32,correct_answer_margin,vision_cls_attention,logit_concept,0.47135416666666663
4223::294::cub_attribute_yes_no_v1,4223,73,294,1,vision.late,32,raw_yes_minus_no,vision_cls_attention,logit_concept,0.47135416666666663
4223::294::cub_attribute_yes_no_v1,4223,73,294,1,projector.output,32,correct_answer_margin,vision_cls_attention,logit_concept,0.5286458333333333
4223::294::cub_attribute_yes_no_v1,4223,73,294,1,projector.output,32,raw_yes_minus_no,vision_cls_attention,logit_concept,0.5286458333333333
4223::295::cub_attribute_yes_no_v1,4223,73,295,1,vision.late,32,correct_answer_margin,vision_cls_attention,logit_concept,0.8098958333333334
4223::295::cub_attribute_yes_no_v1,4223,73,295,1,vision.late,32,raw_yes_minus_no,vision_cls_attention,logit_concept,0.8098958333333334
4223::295::cub_attribute_yes_no_v1,4223,73,295,1,projector.output,32,correct_answer_margin,vision_cls_attention,logit_concept,0.8020833333333333
4223::295::cub_attribute_yes_no_v1,4223,73,295,1,projector.output,32,raw_yes_minus_no,vision_cls_attention,logit_concept,0.8020833333333333
4223::299::cub_attribute_yes_no_v1,4223,73,299,0,vision.late,32,correct_answer_margin,vision_cls_attention,logit_concept,-0.046875
4223::299::cub_attribute_yes_no_v1,4223,73,299,0,vision.late,32,raw_yes_minus_no,vision_cls_attention,logit_concept,0.046875
4223::299::cub_attribute_yes_no_v1,4223,73,299,0,projector.output,32,correct_answer_margin,vision_cls_attention,logit_concept,-0.01822916666666666
4223::299::cub_attribute_yes_no_v1,4223,73,299,0,projector.output,32,raw_yes_minus_no,vision_cls_attention,logit_concept,0.01822916666666666
4223::305::cub_attribute_yes_no_v1,4223,73,305,0,vision.late,32,correct_answer_margin,vision_cls_attention,logit_concept,-0.15104166666666669
4223::305::cub_attribute_yes_no_v1,4223,73,305,0,vision.late,32,raw_yes_minus_no,vision_cls_attention,logit_concept,0.15104166666666669
4223::305::cub_attribute_yes_no_v1,4223,73,305,0,projector.output,32,correct_answer_margin,vision_cls_attention,logit_concept,-0.14583333333333331
4223::305::cub_attribute_yes_no_v1,4223,73,305,0,projector.output,32,raw_yes_minus_no,vision_cls_attention,logit_concept,0.14583333333333331
4223::306::cub_attribute_yes_no_v1,4223,73,306,0,vision.late,32,correct_answer_margin,vision_cls_attention,logit_concept,0.005208333333333343
4223::306::cub_attribute_yes_no_v1,4223,73,306,0,vision.late,32,raw_yes_minus_no,vision_cls_attention,logit_concept,-0.005208333333333343
4223::306::cub_attribute_yes_no_v1,4223,73,306,0,projector.output,32,correct_answer_margin,vision_cls_attention,logit_concept,-0.0546875
4223::306::cub_attribute_yes_no_v1,4223,73,306,0,projector.output,32,raw_yes_minus_no,vision_cls_attention,logit_concept,0.0546875
4223::311::cub_attribute_yes_no_v1,4223,73,311,0,vision.late,32,correct_answer_margin,vision_cls_attention,logit_concept,0.03385416666666666
4223::311::cub_attribute_yes_no_v1,4223,73,311,0,vision.late,32,raw_yes_minus_no,vision_cls_attention,logit_concept,-0.03385416666666666
4223::311::cub_attribute_yes_no_v1,4223,73,311,0,projector.output,32,correct_answer_margin,vision_cls_attention,logit_concept,-0.015625
4223::311::cub_attribute_yes_no_v1,4223,73,311,0,projector.output,32,raw_yes_minus_no,vision_cls_attention,logit_concept,0.015625
4223::312::cub_attribute_yes_no_v1,4223,73,312,1,vision.late,32,correct_answer_margin,vision_cls_attention,logit_concept,-0.4375
4223::312::cub_attribute_yes_no_v1,4223,73,312,1,vision.late,32,raw_yes_minus_no,vision_cls_attention,logit_concept,-0.4375
4223::312::cub_attribute_yes_no_v1,4223,73,312,1,projector.output,32,correct_answer_margin,vision_cls_attention,logit_concept,-0.4609375
4223::312::cub_attribute_yes_no_v1,4223,73,312,1,projector.output,32,raw_yes_minus_no,vision_cls_attention,logit_concept,-0.4609375
4223::7::cub_attribute_yes_no_v1,4223,73,7,1,vision.late,32,correct_answer_margin,vision_cls_attention,logit_concept,-0.0026041666666666644
4223::7::cub_attribute_yes_no_v1,4223,73,7,1,vision.late,32,raw_yes_minus_no,vision_cls_attention,logit_concept,-0.0026041666666666644
4223::7::cub_attribute_yes_no_v1,4223,73,7,1,projector.output,32,correct_answer_margin,vision_cls_attention,logit_concept,0.0234375
4223::7::cub_attribute_yes_no_v1,4223,73,7,1,projector.output,32,raw_yes_minus_no,vision_cls_attention,logit_concept,0.0234375
4233::100::cub_attribute_yes_no_v1,4233,73,100,0,vision.late,32,correct_answer_margin,vision_cls_attention,logit_concept,-0.09895833333333334
4233::100::cub_attribute_yes_no_v1,4233,73,100,0,vision.late,32,raw_yes_minus_no,vision_cls_attention,logit_concept,0.09895833333333334
4233::100::cub_attribute_yes_no_v1,4233,73,100,0,projector.output,32,correct_answer_margin,vision_cls_attention,logit_concept,-0.08333333333333333
4233::100::cub_attribute_yes_no_v1,4233,73,100,0,projector.output,32,raw_yes_minus_no,vision_cls_attention,logit_concept,0.08333333333333333
4233::102::cub_attribute_yes_no_v1,4233,73,102,1,vision.late,32,correct_answer_margin,vision_cls_attention,logit_concept,-0.3567708333333333
4233::102::cub_attribute_yes_no_v1,4233,73,102,1,vision.late,32,raw_yes_minus_no,vision_cls_attention,logit_concept,-0.3567708333333333
4233::102::cub_attribute_yes_no_v1,4233,73,102,1,projector.output,32,correct_answer_margin,vision_cls_attention,logit_concept,-0.3203125
4233::102::cub_attribute_yes_no_v1,4233,73,102,1,projector.output,32,raw_yes_minus_no,vision_cls_attention,logit_concept,-0.3203125
4233::111::cub_attribute_yes_no_v1,4233,73,111,0,vision.late,32,correct_answer_margin,vision_cls_attention,logit_concept,0.27864583333333337
4233::111::cub_attribute_yes_no_v1,4233,73,111,0,vision.late,32,raw_yes_minus_no,vision_cls_attention,logit_concept,-0.27864583333333337
4233::111::cub_attribute_yes_no_v1,4233,73,111,0,projector.output,32,correct_answer_margin,vision_cls_attention,logit_concept,0.21875
4233::111::cub_attribute_yes_no_v1,4233,73,111,0,projector.output,32,raw_yes_minus_no,vision_cls_attention,logit_concept,-0.21875
4233::117::cub_attribute_yes_no_v1,4233,73,117,0,vision.late,32,correct_answer_margin,vision_cls_attention,logit_concept,0.20052083333333331
4233::117::cub_attribute_yes_no_v1,4233,73,117,0,vision.late,32,raw_yes_minus_no,vision_cls_attention,logit_concept,-0.20052083333333331
4233::117::cub_attribute_yes_no_v1,4233,73,117,0,projector.output,32,correct_answer_margin,vision_cls_attention,logit_concept,0.11458333333333333
4233::117::cub_attribute_yes_no_v1,4233,73,117,0,projector.output,32,raw_yes_minus_no,vision_cls_attention,logit_concept,-0.11458333333333333
4233::120::cub_attribute_yes_no_v1,4233,73,120,0,vision.late,32,correct_answer_margin,vision_cls_attention,logit_concept,0.15104166666666669
4233::120::cub_attribute_yes_no_v1,4233,73,120,0,vision.late,32,raw_yes_minus_no,vision_cls_attention,logit_concept,-0.15104166666666669
4233::120::cub_attribute_yes_no_v1,4233,73,120,0,projector.output,32,correct_answer_margin,vision_cls_attention,logit_concept,0.15625
4233::120::cub_attribute_yes_no_v1,4233,73,120,0,projector.output,32,raw_yes_minus_no,vision_cls_attention,logit_concept,-0.15625
4233::294::cub_attribute_yes_no_v1,4233,73,294,1,vision.late,32,correct_answer_margin,vision_cls_attention,logit_concept,1.1510416666666665
4233::294::cub_attribute_yes_no_v1,4233,73,294,1,vision.late,32,raw_yes_minus_no,vision_cls_attention,logit_concept,1.1510416666666665
4233::294::cub_attribute_yes_no_v1,4233,73,294,1,projector.output,32,correct_answer_margin,vision_cls_attention,logit_concept,1.1770833333333335
4233::294::cub_attribute_yes_no_v1,4233,73,294,1,projector.output,32,raw_yes_minus_no,vision_cls_attention,logit_concept,1.1770833333333335
4233::305::cub_attribute_yes_no_v1,4233,73,305,0,vision.late,32,correct_answer_margin,vision_cls_attention,logit_concept,0.3203125
4233::305::cub_attribute_yes_no_v1,4233,73,305,0,vision.late,32,raw_yes_minus_no,vision_cls_attention,logit_concept,-0.3203125
4233::305::cub_attribute_yes_no_v1,4233,73,305,0,projector.output,32,correct_answer_margin,vision_cls_attention,logit_concept,0.19791666666666669
4233::305::cub_attribute_yes_no_v1,4233,73,305,0,projector.output,32,raw_yes_minus_no,vision_cls_attention,logit_concept,-0.19791666666666669
4233::309::cub_attribute_yes_no_v1,4233,73,309,0,vision.late,32,correct_answer_margin,vision_cls_attention,logit_concept,0.23177083333333331
4233::309::cub_attribute_yes_no_v1,4233,73,309,0,vision.late,32,raw_yes_minus_no,vision_cls_attention,logit_concept,-0.23177083333333331
4233::309::cub_attribute_yes_no_v1,4233,73,309,0,projector.output,32,correct_answer_margin,vision_cls_attention,logit_concept,0.25
4233::309::cub_attribute_yes_no_v1,4233,73,309,0,projector.output,32,raw_yes_minus_no,vision_cls_attention,logit_concept,-0.25
4233::310::cub_attribute_yes_no_v1,4233,73,310,0,vision.late,32,correct_answer_margin,vision_cls_attention,logit_concept,0.21354166666666669
4233::310::cub_attribute_yes_no_v1,4233,73,310,0,vision.late,32,raw_yes_minus_no,vision_cls_attention,logit_concept,-0.21354166666666669
4233::310::cub_attribute_yes_no_v1,4233,73,310,0,projector.output,32,correct_answer_margin,vision_cls_attention,logit_concept,0.3645833333333333
4233::310::cub_attribute_yes_no_v1,4233,73,310,0,projector.output,32,raw_yes_minus_no,vision_cls_attention,logit_concept,-0.3645833333333333
4233::311::cub_attribute_yes_no_v1,4233,73,311,0,vision.late,32,correct_answer_margin,vision_cls_attention,logit_concept,0.34375
4233::311::cub_attribute_yes_no_v1,4233,73,311,0,vision.late,32,raw_yes_minus_no,vision_cls_attention,logit_concept,-0.34375
4233::311::cub_attribute_yes_no_v1,4233,73,311,0,projector.output,32,correct_answer_margin,vision_cls_attention,logit_concept,0.3932291666666667
4233::311::cub_attribute_yes_no_v1,4233,73,311,0,projector.output,32,raw_yes_minus_no,vision_cls_attention,logit_concept,-0.3932291666666667
4233::312::cub_attribute_yes_no_v1,4233,73,312,1,vision.late,32,correct_answer_margin,vision_cls_attention,logit_concept,-0.3645833333333333
4233::312::cub_attribute_yes_no_v1,4233,73,312,1,vision.late,32,raw_yes_minus_no,vision_cls_attention,logit_concept,-0.3645833333333333
4233::312::cub_attribute_yes_no_v1,4233,73,312,1,projector.output,32,correct_answer_margin,vision_cls_attention,logit_concept,-0.40625000000000006
4233::312::cub_attribute_yes_no_v1,4233,73,312,1,projector.output,32,raw_yes_minus_no,vision_cls_attention,logit_concept,-0.40625000000000006
4233::7::cub_attribute_yes_no_v1,4233,73,7,1,vision.late,32,correct_answer_margin,vision_cls_attention,logit_concept,-0.08333333333333334
4233::7::cub_attribute_yes_no_v1,4233,73,7,1,vision.late,32,raw_yes_minus_no,vision_cls_attention,logit_concept,-0.08333333333333334
4233::7::cub_attribute_yes_no_v1,4233,73,7,1,projector.output,32,correct_answer_margin,vision_cls_attention,logit_concept,-0.0859375
4233::7::cub_attribute_yes_no_v1,4233,73,7,1,projector.output,32,raw_yes_minus_no,vision_cls_attention,logit_concept,-0.0859375
4233::8::cub_attribute_yes_no_v1,4233,73,8,0,vision.late,32,correct_answer_margin,vision_cls_attention,logit_concept,-0.15625
4233::8::cub_attribute_yes_no_v1,4233,73,8,0,vision.late,32,raw_yes_minus_no,vision_cls_attention,logit_concept,0.15625
4233::8::cub_attribute_yes_no_v1,4233,73,8,0,projector.output,32,correct_answer_margin,vision_cls_attention,logit_concept,-0.13541666666666669
4233::8::cub_attribute_yes_no_v1,4233,73,8,0,projector.output,32,raw_yes_minus_no,vision_cls_attention,logit_concept,0.13541666666666669
4510::107::cub_attribute_yes_no_v1,4510,78,107,0,vision.late,32,correct_answer_margin,vision_cls_attention,logit_concept,-1.0833333333333333
4510::107::cub_attribute_yes_no_v1,4510,78,107,0,vision.late,32,raw_yes_minus_no,vision_cls_attention,logit_concept,1.0833333333333333
4510::107::cub_attribute_yes_no_v1,4510,78,107,0,projector.output,32,correct_answer_margin,vision_cls_attention,logit_concept,-1.1328125
4510::107::cub_attribute_yes_no_v1,4510,78,107,0,projector.output,32,raw_yes_minus_no,vision_cls_attention,logit_concept,1.1328125
4510::117::cub_attribute_yes_no_v1,4510,78,117,0,vision.late,32,correct_answer_margin,vision_cls_attention,logit_concept,-0.0703125
4510::117::cub_attribute_yes_no_v1,4510,78,117,0,vision.late,32,raw_yes_minus_no,vision_cls_attention,logit_concept,0.0703125
4510::117::cub_attribute_yes_no_v1,4510,78,117,0,projector.output,32,correct_answer_margin,vision_cls_attention,logit_concept,-0.10416666666666667
4510::117::cub_attribute_yes_no_v1,4510,78,117,0,projector.output,32,raw_yes_minus_no,vision_cls_attention,logit_concept,0.10416666666666667
4510::118::cub_attribute_yes_no_v1,4510,78,118,1,vision.late,32,correct_answer_margin,vision_cls_attention,logit_concept,-0.2109375
4510::118::cub_attribute_yes_no_v1,4510,78,118,1,vision.late,32,raw_yes_minus_no,vision_cls_attention,logit_concept,-0.2109375
4510::118::cub_attribute_yes_no_v1,4510,78,118,1,projector.output,32,correct_answer_margin,vision_cls_attention,logit_concept,-0.265625
4510::118::cub_attribute_yes_no_v1,4510,78,118,1,projector.output,32,raw_yes_minus_no,vision_cls_attention,logit_concept,-0.265625
4510::295::cub_attribute_yes_no_v1,4510,78,295,0,vision.late,32,correct_answer_margin,vision_cls_attention,logit_concept,-0.29166666666666663
4510::295::cub_attribute_yes_no_v1,4510,78,295,0,vision.late,32,raw_yes_minus_no,vision_cls_attention,logit_concept,0.29166666666666663
4510::295::cub_attribute_yes_no_v1,4510,78,295,0,projector.output,32,correct_answer_margin,vision_cls_attention,logit_concept,-0.3255208333333333
4510::295::cub_attribute_yes_no_v1,4510,78,295,0,projector.output,32,raw_yes_minus_no,vision_cls_attention,logit_concept,0.3255208333333333
4510::299::cub_attribute_yes_no_v1,4510,78,299,1,vision.late,32,correct_answer_margin,vision_cls_attention,logit_concept,0.14322916666666669
4510::299::cub_attribute_yes_no_v1,4510,78,299,1,vision.late,32,raw_yes_minus_no,vision_cls_attention,logit_concept,0.14322916666666669
4510::299::cub_attribute_yes_no_v1,4510,78,299,1,projector.output,32,correct_answer_margin,vision_cls_attention,logit_concept,0.16927083333333334
4510::299::cub_attribute_yes_no_v1,4510,78,299,1,projector.output,32,raw_yes_minus_no,vision_cls_attention,logit_concept,0.16927083333333334
4510::308::cub_attribute_yes_no_v1,4510,78,308,0,vision.late,32,correct_answer_margin,vision_cls_attention,logit_concept,-0.044270833333333336
4510::308::cub_attribute_yes_no_v1,4510,78,308,0,vision.late,32,raw_yes_minus_no,vision_cls_attention,logit_concept,0.044270833333333336
4510::308::cub_attribute_yes_no_v1,4510,78,308,0,projector.output,32,correct_answer_margin,vision_cls_attention,logit_concept,-0.08333333333333334
4510::308::cub_attribute_yes_no_v1,4510,78,308,0,projector.output,32,raw_yes_minus_no,vision_cls_attention,logit_concept,0.08333333333333334
4510::309::cub_attribute_yes_no_v1,4510,78,309,0,vision.late,32,correct_answer_margin,vision_cls_attention,logit_concept,0.03125
4510::309::cub_attribute_yes_no_v1,4510,78,309,0,vision.late,32,raw_yes_minus_no,vision_cls_attention,logit_concept,-0.03125
4510::309::cub_attribute_yes_no_v1,4510,78,309,0,projector.output,32,correct_answer_margin,vision_cls_attention,logit_concept,0.03385416666666667
4510::309::cub_attribute_yes_no_v1,4510,78,309,0,projector.output,32,raw_yes_minus_no,vision_cls_attention,logit_concept,-0.03385416666666667
4510::311::cub_attribute_yes_no_v1,4510,78,311,1,vision.late,32,correct_answer_margin,vision_cls_attention,logit_concept,0.015625
4510::311::cub_attribute_yes_no_v1,4510,78,311,1,vision.late,32,raw_yes_minus_no,vision_cls_attention,logit_concept,0.015625
4510::311::cub_attribute_yes_no_v1,4510,78,311,1,projector.output,32,correct_answer_margin,vision_cls_attention,logit_concept,-0.05989583333333326
4510::311::cub_attribute_yes_no_v1,4510,78,311,1,projector.output,32,raw_yes_minus_no,vision_cls_attention,logit_concept,-0.05989583333333326
4510::7::cub_attribute_yes_no_v1,4510,78,7,1,vision.late,32,correct_answer_margin,vision_cls_attention,logit_concept,0.028645833333333332
4510::7::cub_attribute_yes_no_v1,4510,78,7,1,vision.late,32,raw_yes_minus_no,vision_cls_attention,logit_concept,0.028645833333333332
4510::7::cub_attribute_yes_no_v1,4510,78,7,1,projector.output,32,correct_answer_margin,vision_cls_attention,logit_concept,0.03385416666666667
4510::7::cub_attribute_yes_no_v1,4510,78,7,1,projector.output,32,raw_yes_minus_no,vision_cls_attention,logit_concept,0.03385416666666667
4510::8::cub_attribute_yes_no_v1,4510,78,8,0,vision.late,32,correct_answer_margin,vision_cls_attention,logit_concept,-0.125
4510::8::cub_attribute_yes_no_v1,4510,78,8,0,vision.late,32,raw_yes_minus_no,vision_cls_attention,logit_concept,0.125
4510::8::cub_attribute_yes_no_v1,4510,78,8,0,projector.output,32,correct_answer_margin,vision_cls_attention,logit_concept,-0.10416666666666666
4510::8::cub_attribute_yes_no_v1,4510,78,8,0,projector.output,32,raw_yes_minus_no,vision_cls_attention,logit_concept,0.10416666666666666
4523::100::cub_attribute_yes_no_v1,4523,78,100,0,vision.late,32,correct_answer_margin,vision_cls_attention,logit_concept,-0.10416666666666666
4523::100::cub_attribute_yes_no_v1,4523,78,100,0,vision.late,32,raw_yes_minus_no,vision_cls_attention,logit_concept,0.10416666666666666
4523::100::cub_attribute_yes_no_v1,4523,78,100,0,projector.output,32,correct_answer_margin,vision_cls_attention,logit_concept,-0.12760416666666669
4523::100::cub_attribute_yes_no_v1,4523,78,100,0,projector.output,32,raw_yes_minus_no,vision_cls_attention,logit_concept,0.12760416666666669
4523::101::cub_attribute_yes_no_v1,4523,78,101,1,vision.late,32,correct_answer_margin,vision_cls_attention,logit_concept,-0.04947916666666667
4523::101::cub_attribute_yes_no_v1,4523,78,101,1,vision.late,32,raw_yes_minus_no,vision_cls_attention,logit_concept,-0.04947916666666667
4523::101::cub_attribute_yes_no_v1,4523,78,101,1,projector.output,32,correct_answer_margin,vision_cls_attention,logit_concept,0.015625
4523::101::cub_attribute_yes_no_v1,4523,78,101,1,projector.output,32,raw_yes_minus_no,vision_cls_attention,logit_concept,0.015625
4523::105::cub_attribute_yes_no_v1,4523,78,105,0,vision.late,32,correct_answer_margin,vision_cls_attention,logit_concept,-0.0625
4523::105::cub_attribute_yes_no_v1,4523,78,105,0,vision.late,32,raw_yes_minus_no,vision_cls_attention,logit_concept,0.0625
4523::105::cub_attribute_yes_no_v1,4523,78,105,0,projector.output,32,correct_answer_margin,vision_cls_attention,logit_concept,-0.05989583333333334
4523::105::cub_attribute_yes_no_v1,4523,78,105,0,projector.output,32,raw_yes_minus_no,vision_cls_attention,logit_concept,0.05989583333333334
4523::107::cub_attribute_yes_no_v1,4523,78,107,0,vision.late,32,correct_answer_margin,vision_cls_attention,logit_concept,-0.044270833333333336
4523::107::cub_attribute_yes_no_v1,4523,78,107,0,vision.late,32,raw_yes_minus_no,vision_cls_attention,logit_concept,0.044270833333333336
4523::107::cub_attribute_yes_no_v1,4523,78,107,0,projector.output,32,correct_answer_margin,vision_cls_attention,logit_concept,-0.10416666666666669
4523::107::cub_attribute_yes_no_v1,4523,78,107,0,projector.output,32,raw_yes_minus_no,vision_cls_attention,logit_concept,0.10416666666666669
4523::118::cub_attribute_yes_no_v1,4523,78,118,1,vision.late,32,correct_answer_margin,vision_cls_attention,logit_concept,-0.140625
4523::118::cub_attribute_yes_no_v1,4523,78,118,1,vision.late,32,raw_yes_minus_no,vision_cls_attention,logit_concept,-0.140625
4523::118::cub_attribute_yes_no_v1,4523,78,118,1,projector.output,32,correct_answer_margin,vision_cls_attention,logit_concept,-0.14322916666666666
4523::118::cub_attribute_yes_no_v1,4523,78,118,1,projector.output,32,raw_yes_minus_no,vision_cls_attention,logit_concept,-0.14322916666666666
4523::295::cub_attribute_yes_no_v1,4523,78,295,1,vision.late,32,correct_answer_margin,vision_cls_attention,logit_concept,0.16927083333333334
4523::295::cub_attribute_yes_no_v1,4523,78,295,1,vision.late,32,raw_yes_minus_no,vision_cls_attention,logit_concept,0.16927083333333334
4523::295::cub_attribute_yes_no_v1,4523,78,295,1,projector.output,32,correct_answer_margin,vision_cls_attention,logit_concept,0.21354166666666666
4523::295::cub_attribute_yes_no_v1,4523,78,295,1,projector.output,32,raw_yes_minus_no,vision_cls_attention,logit_concept,0.21354166666666666
4523::299::cub_attribute_yes_no_v1,4523,78,299,1,vision.late,32,correct_answer_margin,vision_cls_attention,logit_concept,0.2734375
4523::299::cub_attribute_yes_no_v1,4523,78,299,1,vision.late,32,raw_yes_minus_no,vision_cls_attention,logit_concept,0.2734375
4523::299::cub_attribute_yes_no_v1,4523,78,299,1,projector.output,32,correct_answer_margin,vision_cls_attention,logit_concept,0.3151041666666667
4523::299::cub_attribute_yes_no_v1,4523,78,299,1,projector.output,32,raw_yes_minus_no,vision_cls_attention,logit_concept,0.3151041666666667
4523::306::cub_attribute_yes_no_v1,4523,78,306,0,vision.late,32,correct_answer_margin,vision_cls_attention,logit_concept,-0.0625
4523::306::cub_attribute_yes_no_v1,4523,78,306,0,vision.late,32,raw_yes_minus_no,vision_cls_attention,logit_concept,0.0625
4523::306::cub_attribute_yes_no_v1,4523,78,306,0,projector.output,32,correct_answer_margin,vision_cls_attention,logit_concept,-0.09895833333333333
4523::306::cub_attribute_yes_no_v1,4523,78,306,0,projector.output,32,raw_yes_minus_no,vision_cls_attention,logit_concept,0.09895833333333333
4523::308::cub_attribute_yes_no_v1,4523,78,308,0,vision.late,32,correct_answer_margin,vision_cls_attention,logit_concept,-0.041666666666666664
4523::308::cub_attribute_yes_no_v1,4523,78,308,0,vision.late,32,raw_yes_minus_no,vision_cls_attention,logit_concept,0.041666666666666664
4523::308::cub_attribute_yes_no_v1,4523,78,308,0,projector.output,32,correct_answer_margin,vision_cls_attention,logit_concept,-0.078125
4523::308::cub_attribute_yes_no_v1,4523,78,308,0,projector.output,32,raw_yes_minus_no,vision_cls_attention,logit_concept,0.078125
4523::311::cub_attribute_yes_no_v1,4523,78,311,1,vision.late,32,correct_answer_margin,vision_cls_attention,logit_concept,0.14583333333333331
4523::311::cub_attribute_yes_no_v1,4523,78,311,1,vision.late,32,raw_yes_minus_no,vision_cls_attention,logit_concept,0.14583333333333331
4523::311::cub_attribute_yes_no_v1,4523,78,311,1,projector.output,32,correct_answer_margin,vision_cls_attention,logit_concept,0.12760416666666663
4523::311::cub_attribute_yes_no_v1,4523,78,311,1,projector.output,32,raw_yes_minus_no,vision_cls_attention,logit_concept,0.12760416666666663
4523::312::cub_attribute_yes_no_v1,4523,78,312,0,vision.late,32,correct_answer_margin,vision_cls_attention,logit_concept,-0.020833333333333315
4523::312::cub_attribute_yes_no_v1,4523,78,312,0,vision.late,32,raw_yes_minus_no,vision_cls_attention,logit_concept,0.020833333333333315
4523::312::cub_attribute_yes_no_v1,4523,78,312,0,projector.output,32,correct_answer_margin,vision_cls_attention,logit_concept,0.03385416666666667
4523::312::cub_attribute_yes_no_v1,4523,78,312,0,projector.output,32,raw_yes_minus_no,vision_cls_attention,logit_concept,-0.03385416666666667
4523::7::cub_attribute_yes_no_v1,4523,78,7,1,vision.late,32,correct_answer_margin,vision_cls_attention,logit_concept,0.11197916666666666
4523::7::cub_attribute_yes_no_v1,4523,78,7,1,vision.late,32,raw_yes_minus_no,vision_cls_attention,logit_concept,0.11197916666666666
4523::7::cub_attribute_yes_no_v1,4523,78,7,1,projector.output,32,correct_answer_margin,vision_cls_attention,logit_concept,0.125
4523::7::cub_attribute_yes_no_v1,4523,78,7,1,projector.output,32,raw_yes_minus_no,vision_cls_attention,logit_concept,0.125
4523::8::cub_attribute_yes_no_v1,4523,78,8,0,vision.late,32,correct_answer_margin,vision_cls_attention,logit_concept,-0.140625
4523::8::cub_attribute_yes_no_v1,4523,78,8,0,vision.late,32,raw_yes_minus_no,vision_cls_attention,logit_concept,0.140625
4523::8::cub_attribute_yes_no_v1,4523,78,8,0,projector.output,32,correct_answer_margin,vision_cls_attention,logit_concept,-0.16145833333333334
4523::8::cub_attribute_yes_no_v1,4523,78,8,0,projector.output,32,raw_yes_minus_no,vision_cls_attention,logit_concept,0.16145833333333334
4544::102::cub_attribute_yes_no_v1,4544,78,102,1,vision.late,32,correct_answer_margin,vision_cls_attention,logit_concept,-0.38281250000000006
4544::102::cub_attribute_yes_no_v1,4544,78,102,1,vision.late,32,raw_yes_minus_no,vision_cls_attention,logit_concept,-0.38281250000000006
4544::102::cub_attribute_yes_no_v1,4544,78,102,1,projector.output,32,correct_answer_margin,vision_cls_attention,logit_concept,-0.41666666666666663
4544::102::cub_attribute_yes_no_v1,4544,78,102,1,projector.output,32,raw_yes_minus_no,vision_cls_attention,logit_concept,-0.41666666666666663
4544::107::cub_attribute_yes_no_v1,4544,78,107,0,vision.late,32,correct_answer_margin,vision_cls_attention,logit_concept,-0.15625
4544::107::cub_attribute_yes_no_v1,4544,78,107,0,vision.late,32,raw_yes_minus_no,vision_cls_attention,logit_concept,0.15625
4544::107::cub_attribute_yes_no_v1,4544,78,107,0,projector.output,32,correct_answer_margin,vision_cls_attention,logit_concept,-0.19010416666666666
4544::107::cub_attribute_yes_no_v1,4544,78,107,0,projector.output,32,raw_yes_minus_no,vision_cls_attention,logit_concept,0.19010416666666666
4544::117::cub_attribute_yes_no_v1,4544,78,117,0,vision.late,32,correct_answer_margin,vision_cls_attention,logit_concept,-0.09375
4544::117::cub_attribute_yes_no_v1,4544,78,117,0,vision.late,32,raw_yes_minus_no,vision_cls_attention,logit_concept,0.09375
4544::117::cub_attribute_yes_no_v1,4544,78,117,0,projector.output,32,correct_answer_margin,vision_cls_attention,logit_concept,-0.140625
4544::117::cub_attribute_yes_no_v1,4544,78,117,0,projector.output,32,raw_yes_minus_no,vision_cls_attention,logit_concept,0.140625
4544::118::cub_attribute_yes_no_v1,4544,78,118,1,vision.late,32,correct_answer_margin,vision_cls_attention,logit_concept,-1.0520833333333333
4544::118::cub_attribute_yes_no_v1,4544,78,118,1,vision.late,32,raw_yes_minus_no,vision_cls_attention,logit_concept,-1.0520833333333333
4544::118::cub_attribute_yes_no_v1,4544,78,118,1,projector.output,32,correct_answer_margin,vision_cls_attention,logit_concept,-0.8333333333333334
4544::118::cub_attribute_yes_no_v1,4544,78,118,1,projector.output,32,raw_yes_minus_no,vision_cls_attention,logit_concept,-0.8333333333333334
4544::295::cub_attribute_yes_no_v1,4544,78,295,0,vision.late,32,correct_answer_margin,vision_cls_attention,logit_concept,-0.4947916666666667
4544::295::cub_attribute_yes_no_v1,4544,78,295,0,vision.late,32,raw_yes_minus_no,vision_cls_attention,logit_concept,0.4947916666666667
4544::295::cub_attribute_yes_no_v1,4544,78,295,0,projector.output,32,correct_answer_margin,vision_cls_attention,logit_concept,-0.48177083333333337
4544::295::cub_attribute_yes_no_v1,4544,78,295,0,projector.output,32,raw_yes_minus_no,vision_cls_attention,logit_concept,0.48177083333333337
4544::299::cub_attribute_yes_no_v1,4544,78,299,1,vision.late,32,correct_answer_margin,vision_cls_attention,logit_concept,0.14583333333333337
4544::299::cub_attribute_yes_no_v1,4544,78,299,1,vision.late,32,raw_yes_minus_no,vision_cls_attention,logit_concept,0.14583333333333337
4544::299::cub_attribute_yes_no_v1,4544,78,299,1,projector.output,32,correct_answer_margin,vision_cls_attention,logit_concept,0.15624999999999997
4544::299::cub_attribute_yes_no_v1,4544,78,299,1,projector.output,32,raw_yes_minus_no,vision_cls_attention,logit_concept,0.15624999999999997
4544::2::cub_attribute_yes_no_v1,4544,78,2,1,vision.late,32,correct_answer_margin,vision_cls_attention,logit_concept,1.59375
4544::2::cub_attribute_yes_no_v1,4544,78,2,1,vision.late,32,raw_yes_minus_no,vision_cls_attention,logit_concept,1.59375
4544::2::cub_attribute_yes_no_v1,4544,78,2,1,projector.output,32,correct_answer_margin,vision_cls_attention,logit_concept,1.6614583333333335
4544::2::cub_attribute_yes_no_v1,4544,78,2,1,projector.output,32,raw_yes_minus_no,vision_cls_attention,logit_concept,1.6614583333333335
4544::305::cub_attribute_yes_no_v1,4544,78,305,0,vision.late,32,correct_answer_margin,vision_cls_attention,logit_concept,-0.5807291666666667
4544::305::cub_attribute_yes_no_v1,4544,78,305,0,vision.late,32,raw_yes_minus_no,vision_cls_attention,logit_concept,0.5807291666666667
4544::305::cub_attribute_yes_no_v1,4544,78,305,0,projector.output,32,correct_answer_margin,vision_cls_attention,logit_concept,-0.6223958333333334
4544::305::cub_attribute_yes_no_v1,4544,78,305,0,projector.output,32,raw_yes_minus_no,vision_cls_attention,logit_concept,0.6223958333333334
4544::306::cub_attribute_yes_no_v1,4544,78,306,0,vision.late,32,correct_answer_margin,vision_cls_attention,logit_concept,0.40625
4544::306::cub_attribute_yes_no_v1,4544,78,306,0,vision.late,32,raw_yes_minus_no,vision_cls_attention,logit_concept,-0.40625
4544::306::cub_attribute_yes_no_v1,4544,78,306,0,projector.output,32,correct_answer_margin,vision_cls_attention,logit_concept,0.2604166666666667
4544::306::cub_attribute_yes_no_v1,4544,78,306,0,projector.output,32,raw_yes_minus_no,vision_cls_attention,logit_concept,-0.2604166666666667
4544::308::cub_attribute_yes_no_v1,4544,78,308,0,vision.late,32,correct_answer_margin,vision_cls_attention,logit_concept,-0.328125
4544::308::cub_attribute_yes_no_v1,4544,78,308,0,vision.late,32,raw_yes_minus_no,vision_cls_attention,logit_concept,0.328125
4544::308::cub_attribute_yes_no_v1,4544,78,308,0,projector.output,32,correct_answer_margin,vision_cls_attention,logit_concept,-0.3489583333333333
4544::308::cub_attribute_yes_no_v1,4544,78,308,0,projector.output,32,raw_yes_minus_no,vision_cls_attention,logit_concept,0.3489583333333333
4544::309::cub_attribute_yes_no_v1,4544,78,309,1,vision.late,32,correct_answer_margin,vision_cls_attention,logit_concept,-0.125
4544::309::cub_attribute_yes_no_v1,4544,78,309,1,vision.late,32,raw_yes_minus_no,vision_cls_attention,logit_concept,-0.125
4544::309::cub_attribute_yes_no_v1,4544,78,309,1,projector.output,32,correct_answer_margin,vision_cls_attention,logit_concept,-0.14322916666666669
4544::309::cub_attribute_yes_no_v1,4544,78,309,1,projector.output,32,raw_yes_minus_no,vision_cls_attention,logit_concept,-0.14322916666666669
4546::100::cub_attribute_yes_no_v1,4546,78,100,0,vision.late,32,correct_answer_margin,vision_cls_attention,logit_concept,-0.3151041666666667
4546::100::cub_attribute_yes_no_v1,4546,78,100,0,vision.late,32,raw_yes_minus_no,vision_cls_attention,logit_concept,0.3151041666666667
4546::100::cub_attribute_yes_no_v1,4546,78,100,0,projector.output,32,correct_answer_margin,vision_cls_attention,logit_concept,-0.375
4546::100::cub_attribute_yes_no_v1,4546,78,100,0,projector.output,32,raw_yes_minus_no,vision_cls_attention,logit_concept,0.375
4546::103::cub_attribute_yes_no_v1,4546,78,103,0,vision.late,32,correct_answer_margin,vision_cls_attention,logit_concept,-0.05208333333333333
4546::103::cub_attribute_yes_no_v1,4546,78,103,0,vision.late,32,raw_yes_minus_no,vision_cls_attention,logit_concept,0.05208333333333333
4546::103::cub_attribute_yes_no_v1,4546,78,103,0,projector.output,32,correct_answer_margin,vision_cls_attention,logit_concept,-0.10416666666666666
4546::103::cub_attribute_yes_no_v1,4546,78,103,0,projector.output,32,raw_yes_minus_no,vision_cls_attention,logit_concept,0.10416666666666666
4546::105::cub_attribute_yes_no_v1,4546,78,105,1,vision.late,32,correct_answer_margin,vision_cls_attention,logit_concept,0.7708333333333333
4546::105::cub_attribute_yes_no_v1,4546,78,105,1,vision.late,32,raw_yes_minus_no,vision_cls_attention,logit_concept,0.7708333333333333
4546::105::cub_attribute_yes_no_v1,4546,78,105,1,projector.output,32,correct_answer_margin,vision_cls_attention,logit_concept,0.7838541666666667
4546::105::cub_attribute_yes_no_v1,4546,78,105,1,projector.output,32,raw_yes_minus_no,vision_cls_attention,logit_concept,0.7838541666666667
4546::111::cub_attribute_yes_no_v1,4546,78,111,0,vision.late,32,correct_answer_margin,vision_cls_attention,logit_concept,-0.171875
4546::111::cub_attribute_yes_no_v1,4546,78,111,0,vision.late,32,raw_yes_minus_no,vision_cls_attention,logit_concept,0.171875
4546::111::cub_attribute_yes_no_v1,4546,78,111,0,projector.output,32,correct_answer_margin,vision_cls_attention,logit_concept,-0.23958333333333331
4546::111::cub_attribute_yes_no_v1,4546,78,111,0,projector.output,32,raw_yes_minus_no,vision_cls_attention,logit_concept,0.23958333333333331
4546::117::cub_attribute_yes_no_v1,4546,78,117,0,vision.late,32,correct_answer_margin,vision_cls_attention,logit_concept,0.020833333333333336
4546::117::cub_attribute_yes_no_v1,4546,78,117,0,vision.late,32,raw_yes_minus_no,vision_cls_attention,logit_concept,-0.020833333333333336
4546::117::cub_attribute_yes_no_v1,4546,78,117,0,projector.output,32,correct_answer_margin,vision_cls_attention,logit_concept,-0.05729166666666667
4546::117::cub_attribute_yes_no_v1,4546,78,117,0,projector.output,32,raw_yes_minus_no,vision_cls_attention,logit_concept,0.05729166666666667
4546::118::cub_attribute_yes_no_v1,4546,78,118,1,vision.late,32,correct_answer_margin,vision_cls_attention,logit_concept,-0.1796875
4546::118::cub_attribute_yes_no_v1,4546,78,118,1,vision.late,32,raw_yes_minus_no,vision_cls_attention,logit_concept,-0.1796875
4546::118::cub_attribute_yes_no_v1,4546,78,118,1,projector.output,32,correct_answer_margin,vision_cls_attention,logit_concept,-0.27604166666666663
4546::118::cub_attribute_yes_no_v1,4546,78,118,1,projector.output,32,raw_yes_minus_no,vision_cls_attention,logit_concept,-0.27604166666666663
4546::120::cub_attribute_yes_no_v1,4546,78,120,0,vision.late,32,correct_answer_margin,vision_cls_attention,logit_concept,0.0703125
4546::120::cub_attribute_yes_no_v1,4546,78,120,0,vision.late,32,raw_yes_minus_no,vision_cls_attention,logit_concept,-0.0703125
4546::120::cub_attribute_yes_no_v1,4546,78,120,0,projector.output,32,correct_answer_margin,vision_cls_attention,logit_concept,0.05729166666666667
4546::120::cub_attribute_yes_no_v1,4546,78,120,0,projector.output,32,raw_yes_minus_no,vision_cls_attention,logit_concept,-0.05729166666666667
4546::295::cub_attribute_yes_no_v1,4546,78,295,0,vision.late,32,correct_answer_margin,vision_cls_attention,logit_concept,-0.4817708333333333
4546::295::cub_attribute_yes_no_v1,4546,78,295,0,vision.late,32,raw_yes_minus_no,vision_cls_attention,logit_concept,0.4817708333333333
4546::295::cub_attribute_yes_no_v1,4546,78,295,0,projector.output,32,correct_answer_margin,vision_cls_attention,logit_concept,-0.6015625
4546::295::cub_attribute_yes_no_v1,4546,78,295,0,projector.output,32,raw_yes_minus_no,vision_cls_attention,logit_concept,0.6015625
4546::299::cub_attribute_yes_no_v1,4546,78,299,1,vision.late,32,correct_answer_margin,vision_cls_attention,logit_concept,0.7552083333333333
4546::299::cub_attribute_yes_no_v1,4546,78,299,1,vision.late,32,raw_yes_minus_no,vision_cls_attention,logit_concept,0.7552083333333333
4546::299::cub_attribute_yes_no_v1,4546,78,299,1,projector.output,32,correct_answer_margin,vision_cls_attention,logit_concept,0.859375
4546::299::cub_attribute_yes_no_v1,4546,78,299,1,projector.output,32,raw_yes_minus_no,vision_cls_attention,logit_concept,0.859375
4546::2::cub_attribute_yes_no_v1,4546,78,2,0,vision.late,32,correct_answer_margin,vision_cls_attention,logit_concept,-1.0963541666666665
4546::2::cub_attribute_yes_no_v1,4546,78,2,0,vision.late,32,raw_yes_minus_no,vision_cls_attention,logit_concept,1.0963541666666665
4546::2::cub_attribute_yes_no_v1,4546,78,2,0,projector.output,32,correct_answer_margin,vision_cls_attention,logit_concept,-1.1041666666666665
4546::2::cub_attribute_yes_no_v1,4546,78,2,0,projector.output,32,raw_yes_minus_no,vision_cls_attention,logit_concept,1.1041666666666665
4546::305::cub_attribute_yes_no_v1,4546,78,305,0,vision.late,32,correct_answer_margin,vision_cls_attention,logit_concept,-0.5260416666666666
4546::305::cub_attribute_yes_no_v1,4546,78,305,0,vision.late,32,raw_yes_minus_no,vision_cls_attention,logit_concept,0.5260416666666666
4546::305::cub_attribute_yes_no_v1,4546,78,305,0,projector.output,32,correct_answer_margin,vision_cls_attention,logit_concept,-0.6510416666666667
4546::305::cub_attribute_yes_no_v1,4546,78,305,0,projector.output,32,raw_yes_minus_no,vision_cls_attention,logit_concept,0.6510416666666667
4546::306::cub_attribute_yes_no_v1,4546,78,306,0,vision.late,32,correct_answer_margin,vision_cls_attention,logit_concept,-0.09375
4546::306::cub_attribute_yes_no_v1,4546,78,306,0,vision.late,32,raw_yes_minus_no,vision_cls_attention,logit_concept,0.09375
4546::306::cub_attribute_yes_no_v1,4546,78,306,0,projector.output,32,correct_answer_margin,vision_cls_attention,logit_concept,-0.109375
4546::306::cub_attribute_yes_no_v1,4546,78,306,0,projector.output,32,raw_yes_minus_no,vision_cls_attention,logit_concept,0.109375
4546::311::cub_attribute_yes_no_v1,4546,78,311,1,vision.late,32,correct_answer_margin,vision_cls_attention,logit_concept,0.041666666666666664
4546::311::cub_attribute_yes_no_v1,4546,78,311,1,vision.late,32,raw_yes_minus_no,vision_cls_attention,logit_concept,0.041666666666666664
4546::311::cub_attribute_yes_no_v1,4546,78,311,1,projector.output,32,correct_answer_margin,vision_cls_attention,logit_concept,-0.0078125
4546::311::cub_attribute_yes_no_v1,4546,78,311,1,projector.output,32,raw_yes_minus_no,vision_cls_attention,logit_concept,-0.0078125
4546::312::cub_attribute_yes_no_v1,4546,78,312,0,vision.late,32,correct_answer_margin,vision_cls_attention,logit_concept,0.12760416666666669
4546::312::cub_attribute_yes_no_v1,4546,78,312,0,vision.late,32,raw_yes_minus_no,vision_cls_attention,logit_concept,-0.12760416666666669
4546::312::cub_attribute_yes_no_v1,4546,78,312,0,projector.output,32,correct_answer_margin,vision_cls_attention,logit_concept,0.21614583333333334
4546::312::cub_attribute_yes_no_v1,4546,78,312,0,projector.output,32,raw_yes_minus_no,vision_cls_attention,logit_concept,-0.21614583333333334
4546::7::cub_attribute_yes_no_v1,4546,78,7,1,vision.late,32,correct_answer_margin,vision_cls_attention,logit_concept,0.5182291666666667
4546::7::cub_attribute_yes_no_v1,4546,78,7,1,vision.late,32,raw_yes_minus_no,vision_cls_attention,logit_concept,0.5182291666666667
4546::7::cub_attribute_yes_no_v1,4546,78,7,1,projector.output,32,correct_answer_margin,vision_cls_attention,logit_concept,0.5234375
4546::7::cub_attribute_yes_no_v1,4546,78,7,1,projector.output,32,raw_yes_minus_no,vision_cls_attention,logit_concept,0.5234375
5340::107::cub_attribute_yes_no_v1,5340,92,107,1,vision.late,32,correct_answer_margin,vision_cls_attention,logit_concept,-0.18489583333333334
5340::107::cub_attribute_yes_no_v1,5340,92,107,1,vision.late,32,raw_yes_minus_no,vision_cls_attention,logit_concept,-0.18489583333333334
5340::107::cub_attribute_yes_no_v1,5340,92,107,1,projector.output,32,correct_answer_margin,vision_cls_attention,logit_concept,-0.1484375
5340::107::cub_attribute_yes_no_v1,5340,92,107,1,projector.output,32,raw_yes_minus_no,vision_cls_attention,logit_concept,-0.1484375
5340::118::cub_attribute_yes_no_v1,5340,92,118,0,vision.late,32,correct_answer_margin,vision_cls_attention,logit_concept,-1.9348958333333333
5340::118::cub_attribute_yes_no_v1,5340,92,118,0,vision.late,32,raw_yes_minus_no,vision_cls_attention,logit_concept,1.9348958333333333
5340::118::cub_attribute_yes_no_v1,5340,92,118,0,projector.output,32,correct_answer_margin,vision_cls_attention,logit_concept,-2.026041666666667
5340::118::cub_attribute_yes_no_v1,5340,92,118,0,projector.output,32,raw_yes_minus_no,vision_cls_attention,logit_concept,2.026041666666667
5340::120::cub_attribute_yes_no_v1,5340,92,120,1,vision.late,32,correct_answer_margin,vision_cls_attention,logit_concept,0.359375
5340::120::cub_attribute_yes_no_v1,5340,92,120,1,vision.late,32,raw_yes_minus_no,vision_cls_attention,logit_concept,0.359375
5340::120::cub_attribute_yes_no_v1,5340,92,120,1,projector.output,32,correct_answer_margin,vision_cls_attention,logit_concept,0.40885416666666663
5340::120::cub_attribute_yes_no_v1,5340,92,120,1,projector.output,32,raw_yes_minus_no,vision_cls_attention,logit_concept,0.40885416666666663
5340::295::cub_attribute_yes_no_v1,5340,92,295,1,vision.late,32,correct_answer_margin,vision_cls_attention,logit_concept,0.059895833333333336
5340::295::cub_attribute_yes_no_v1,5340,92,295,1,vision.late,32,raw_yes_minus_no,vision_cls_attention,logit_concept,0.059895833333333336
5340::295::cub_attribute_yes_no_v1,5340,92,295,1,projector.output,32,correct_answer_margin,vision_cls_attention,logit_concept,0.078125
5340::295::cub_attribute_yes_no_v1,5340,92,295,1,projector.output,32,raw_yes_minus_no,vision_cls_attention,logit_concept,0.078125
5340::308::cub_attribute_yes_no_v1,5340,92,308,1,vision.late,32,correct_answer_margin,vision_cls_attention,logit_concept,0.16145833333333334
5340::308::cub_attribute_yes_no_v1,5340,92,308,1,vision.late,32,raw_yes_minus_no,vision_cls_attention,logit_concept,0.16145833333333334
5340::308::cub_attribute_yes_no_v1,5340,92,308,1,projector.output,32,correct_answer_margin,vision_cls_attention,logit_concept,0.15625
5340::308::cub_attribute_yes_no_v1,5340,92,308,1,projector.output,32,raw_yes_minus_no,vision_cls_attention,logit_concept,0.15625
5340::310::cub_attribute_yes_no_v1,5340,92,310,1,vision.late,32,correct_answer_margin,vision_cls_attention,logit_concept,0.06770833333333331
5340::310::cub_attribute_yes_no_v1,5340,92,310,1,vision.late,32,raw_yes_minus_no,vision_cls_attention,logit_concept,0.06770833333333331
5340::310::cub_attribute_yes_no_v1,5340,92,310,1,projector.output,32,correct_answer_margin,vision_cls_attention,logit_concept,-0.0078125
5340::310::cub_attribute_yes_no_v1,5340,92,310,1,projector.output,32,raw_yes_minus_no,vision_cls_attention,logit_concept,-0.0078125
5340::311::cub_attribute_yes_no_v1,5340,92,311,0,vision.late,32,correct_answer_margin,vision_cls_attention,logit_concept,0.06250000000000001
5340::311::cub_attribute_yes_no_v1,5340,92,311,0,vision.late,32,raw_yes_minus_no,vision_cls_attention,logit_concept,-0.06250000000000001
5340::311::cub_attribute_yes_no_v1,5340,92,311,0,projector.output,32,correct_answer_margin,vision_cls_attention,logit_concept,0.08333333333333334
5340::311::cub_attribute_yes_no_v1,5340,92,311,0,projector.output,32,raw_yes_minus_no,vision_cls_attention,logit_concept,-0.08333333333333334
5340::7::cub_attribute_yes_no_v1,5340,92,7,0,vision.late,32,correct_answer_margin,vision_cls_attention,logit_concept,0.13020833333333331
5340::7::cub_attribute_yes_no_v1,5340,92,7,0,vision.late,32,raw_yes_minus_no,vision_cls_attention,logit_concept,-0.13020833333333331
5340::7::cub_attribute_yes_no_v1,5340,92,7,0,projector.output,32,correct_answer_margin,vision_cls_attention,logit_concept,0.16666666666666669
5340::7::cub_attribute_yes_no_v1,5340,92,7,0,projector.output,32,raw_yes_minus_no,vision_cls_attention,logit_concept,-0.16666666666666669
5340::8::cub_attribute_yes_no_v1,5340,92,8,1,vision.late,32,correct_answer_margin,vision_cls_attention,logit_concept,0.005208333333333334
5340::8::cub_attribute_yes_no_v1,5340,92,8,1,vision.late,32,raw_yes_minus_no,vision_cls_attention,logit_concept,0.005208333333333334
5340::8::cub_attribute_yes_no_v1,5340,92,8,1,projector.output,32,correct_answer_margin,vision_cls_attention,logit_concept,0.002604166666666668
5340::8::cub_attribute_yes_no_v1,5340,92,8,1,projector.output,32,raw_yes_minus_no,vision_cls_attention,logit_concept,0.002604166666666668
5348::101::cub_attribute_yes_no_v1,5348,92,101,1,vision.late,32,correct_answer_margin,vision_cls_attention,logit_concept,0.2109375
5348::101::cub_attribute_yes_no_v1,5348,92,101,1,vision.late,32,raw_yes_minus_no,vision_cls_attention,logit_concept,0.2109375
5348::101::cub_attribute_yes_no_v1,5348,92,101,1,projector.output,32,correct_answer_margin,vision_cls_attention,logit_concept,0.2734375
5348::101::cub_attribute_yes_no_v1,5348,92,101,1,projector.output,32,raw_yes_minus_no,vision_cls_attention,logit_concept,0.2734375
5348::102::cub_attribute_yes_no_v1,5348,92,102,0,vision.late,32,correct_answer_margin,vision_cls_attention,logit_concept,0.5546875
5348::102::cub_attribute_yes_no_v1,5348,92,102,0,vision.late,32,raw_yes_minus_no,vision_cls_attention,logit_concept,-0.5546875
5348::102::cub_attribute_yes_no_v1,5348,92,102,0,projector.output,32,correct_answer_margin,vision_cls_attention,logit_concept,0.49479166666666663
5348::102::cub_attribute_yes_no_v1,5348,92,102,0,projector.output,32,raw_yes_minus_no,vision_cls_attention,logit_concept,-0.49479166666666663
5348::107::cub_attribute_yes_no_v1,5348,92,107,1,vision.late,32,correct_answer_margin,vision_cls_attention,logit_concept,0.07291666666666669
5348::107::cub_attribute_yes_no_v1,5348,92,107,1,vision.late,32,raw_yes_minus_no,vision_cls_attention,logit_concept,0.07291666666666669
5348::107::cub_attribute_yes_no_v1,5348,92,107,1,projector.output,32,correct_answer_margin,vision_cls_attention,logit_concept,0.17708333333333334
5348::107::cub_attribute_yes_no_v1,5348,92,107,1,projector.output,32,raw_yes_minus_no,vision_cls_attention,logit_concept,0.17708333333333334
5348::111::cub_attribute_yes_no_v1,5348,92,111,0,vision.late,32,correct_answer_margin,vision_cls_attention,logit_concept,0.39843749999999994
5348::111::cub_attribute_yes_no_v1,5348,92,111,0,vision.late,32,raw_yes_minus_no,vision_cls_attention,logit_concept,-0.39843749999999994
5348::111::cub_attribute_yes_no_v1,5348,92,111,0,projector.output,32,correct_answer_margin,vision_cls_attention,logit_concept,0.32552083333333337
5348::111::cub_attribute_yes_no_v1,5348,92,111,0,projector.output,32,raw_yes_minus_no,vision_cls_attention,logit_concept,-0.32552083333333337
5348::117::cub_attribute_yes_no_v1,5348,92,117,1,vision.late,32,correct_answer_margin,vision_cls_attention,logit_concept,-0.5755208333333333
5348::117::cub_attribute_yes_no_v1,5348,92,117,1,vision.late,32,raw_yes_minus_no,vision_cls_attention,logit_concept,-0.5755208333333333
5348::117::cub_attribute_yes_no_v1,5348,92,117,1,projector.output,32,correct_answer_margin,vision_cls_attention,logit_concept,-0.4375
5348::117::cub_attribute_yes_no_v1,5348,92,117,1,projector.output,32,raw_yes_minus_no,vision_cls_attention,logit_concept,-0.4375
5348::118::cub_attribute_yes_no_v1,5348,92,118,0,vision.late,32,correct_answer_margin,vision_cls_attention,logit_concept,-0.5286458333333333
5348::118::cub_attribute_yes_no_v1,5348,92,118,0,vision.late,32,raw_yes_minus_no,vision_cls_attention,logit_concept,0.5286458333333333
5348::118::cub_attribute_yes_no_v1,5348,92,118,0,projector.output,32,correct_answer_margin,vision_cls_attention,logit_concept,-0.6145833333333334
5348::118::cub_attribute_yes_no_v1,5348,92,118,0,projector.output,32,raw_yes_minus_no,vision_cls_attention,logit_concept,0.6145833333333334
5348::295::cub_attribute_yes_no_v1,5348,92,295,1,vision.late,32,correct_answer_margin,vision_cls_attention,logit_concept,-0.05989583333333333
5348::295::cub_attribute_yes_no_v1,5348,92,295,1,vision.late,32,raw_yes_minus_no,vision_cls_attention,logit_concept,-0.05989583333333333
5348::295::cub_attribute_yes_no_v1,5348,92,295,1,projector.output,32,correct_answer_margin,vision_cls_attention,logit_concept,0.03645833333333333
5348::295::cub_attribute_yes_no_v1,5348,92,295,1,projector.output,32,raw_yes_minus_no,vision_cls_attention,logit_concept,0.03645833333333333
5348::305::cub_attribute_yes_no_v1,5348,92,305,1,vision.late,32,correct_answer_margin,vision_cls_attention,logit_concept,-0.7369791666666666
5348::305::cub_attribute_yes_no_v1,5348,92,305,1,vision.late,32,raw_yes_minus_no,vision_cls_attention,logit_concept,-0.7369791666666666
5348::305::cub_attribute_yes_no_v1,5348,92,305,1,projector.output,32,correct_answer_margin,vision_cls_attention,logit_concept,-0.5911458333333333
5348::305::cub_attribute_yes_no_v1,5348,92,305,1,projector.output,32,raw_yes_minus_no,vision_cls_attention,logit_concept,-0.5911458333333333
5348::311::cub_attribute_yes_no_v1,5348,92,311,1,vision.late,32,correct_answer_margin,vision_cls_attention,logit_concept,0.14322916666666666
5348::311::cub_attribute_yes_no_v1,5348,92,311,1,vision.late,32,raw_yes_minus_no,vision_cls_attention,logit_concept,0.14322916666666666
5348::311::cub_attribute_yes_no_v1,5348,92,311,1,projector.output,32,correct_answer_margin,vision_cls_attention,logit_concept,0.11979166666666666
5348::311::cub_attribute_yes_no_v1,5348,92,311,1,projector.output,32,raw_yes_minus_no,vision_cls_attention,logit_concept,0.11979166666666666
5348::7::cub_attribute_yes_no_v1,5348,92,7,1,vision.late,32,correct_answer_margin,vision_cls_attention,logit_concept,0.3046875
5348::7::cub_attribute_yes_no_v1,5348,92,7,1,vision.late,32,raw_yes_minus_no,vision_cls_attention,logit_concept,0.3046875
5348::7::cub_attribute_yes_no_v1,5348,92,7,1,projector.output,32,correct_answer_margin,vision_cls_attention,logit_concept,0.37239583333333337
5348::7::cub_attribute_yes_no_v1,5348,92,7,1,projector.output,32,raw_yes_minus_no,vision_cls_attention,logit_concept,0.37239583333333337
5359::101::cub_attribute_yes_no_v1,5359,92,101,1,vision.late,32,correct_answer_margin,vision_cls_attention,logit_concept,-0.07291666666666666
5359::101::cub_attribute_yes_no_v1,5359,92,101,1,vision.late,32,raw_yes_minus_no,vision_cls_attention,logit_concept,-0.07291666666666666
5359::101::cub_attribute_yes_no_v1,5359,92,101,1,projector.output,32,correct_answer_margin,vision_cls_attention,logit_concept,-0.052083333333333336
5359::101::cub_attribute_yes_no_v1,5359,92,101,1,projector.output,32,raw_yes_minus_no,vision_cls_attention,logit_concept,-0.052083333333333336
5359::295::cub_attribute_yes_no_v1,5359,92,295,1,vision.late,32,correct_answer_margin,vision_cls_attention,logit_concept,0.15364583333333331
5359::295::cub_attribute_yes_no_v1,5359,92,295,1,vision.late,32,raw_yes_minus_no,vision_cls_attention,logit_concept,0.15364583333333331
5359::295::cub_attribute_yes_no_v1,5359,92,295,1,projector.output,32,correct_answer_margin,vision_cls_attention,logit_concept,0.18489583333333331
5359::295::cub_attribute_yes_no_v1,5359,92,295,1,projector.output,32,raw_yes_minus_no,vision_cls_attention,logit_concept,0.18489583333333331
5359::299::cub_attribute_yes_no_v1,5359,92,299,0,vision.late,32,correct_answer_margin,vision_cls_attention,logit_concept,-0.002604166666666668
5359::299::cub_attribute_yes_no_v1,5359,92,299,0,vision.late,32,raw_yes_minus_no,vision_cls_attention,logit_concept,0.002604166666666668
5359::299::cub_attribute_yes_no_v1,5359,92,299,0,projector.output,32,correct_answer_margin,vision_cls_attention,logit_concept,-0.0026041666666666644
5359::299::cub_attribute_yes_no_v1,5359,92,299,0,projector.output,32,raw_yes_minus_no,vision_cls_attention,logit_concept,0.0026041666666666644
5359::305::cub_attribute_yes_no_v1,5359,92,305,0,vision.late,32,correct_answer_margin,vision_cls_attention,logit_concept,0.08333333333333334
5359::305::cub_attribute_yes_no_v1,5359,92,305,0,vision.late,32,raw_yes_minus_no,vision_cls_attention,logit_concept,-0.08333333333333334
5359::305::cub_attribute_yes_no_v1,5359,92,305,0,projector.output,32,correct_answer_margin,vision_cls_attention,logit_concept,0.04947916666666667
5359::305::cub_attribute_yes_no_v1,5359,92,305,0,projector.output,32,raw_yes_minus_no,vision_cls_attention,logit_concept,-0.04947916666666667
5359::308::cub_attribute_yes_no_v1,5359,92,308,0,vision.late,32,correct_answer_margin,vision_cls_attention,logit_concept,-0.002604166666666668
5359::308::cub_attribute_yes_no_v1,5359,92,308,0,vision.late,32,raw_yes_minus_no,vision_cls_attention,logit_concept,0.002604166666666668
5359::308::cub_attribute_yes_no_v1,5359,92,308,0,projector.output,32,correct_answer_margin,vision_cls_attention,logit_concept,-0.026041666666666668
5359::308::cub_attribute_yes_no_v1,5359,92,308,0,projector.output,32,raw_yes_minus_no,vision_cls_attention,logit_concept,0.026041666666666668
5359::7::cub_attribute_yes_no_v1,5359,92,7,1,vision.late,32,correct_answer_margin,vision_cls_attention,logit_concept,0.07291666666666667
5359::7::cub_attribute_yes_no_v1,5359,92,7,1,vision.late,32,raw_yes_minus_no,vision_cls_attention,logit_concept,0.07291666666666667
5359::7::cub_attribute_yes_no_v1,5359,92,7,1,projector.output,32,correct_answer_margin,vision_cls_attention,logit_concept,0.11458333333333334
5359::7::cub_attribute_yes_no_v1,5359,92,7,1,projector.output,32,raw_yes_minus_no,vision_cls_attention,logit_concept,0.11458333333333334
5371::100::cub_attribute_yes_no_v1,5371,92,100,0,vision.late,32,correct_answer_margin,vision_cls_attention,logit_concept,-0.2526041666666667
5371::100::cub_attribute_yes_no_v1,5371,92,100,0,vision.late,32,raw_yes_minus_no,vision_cls_attention,logit_concept,0.2526041666666667
5371::100::cub_attribute_yes_no_v1,5371,92,100,0,projector.output,32,correct_answer_margin,vision_cls_attention,logit_concept,-0.3229166666666667
5371::100::cub_attribute_yes_no_v1,5371,92,100,0,projector.output,32,raw_yes_minus_no,vision_cls_attention,logit_concept,0.3229166666666667
5371::101::cub_attribute_yes_no_v1,5371,92,101,0,vision.late,32,correct_answer_margin,vision_cls_attention,logit_concept,-1.1640625
5371::101::cub_attribute_yes_no_v1,5371,92,101,0,vision.late,32,raw_yes_minus_no,vision_cls_attention,logit_concept,1.1640625
5371::101::cub_attribute_yes_no_v1,5371,92,101,0,projector.output,32,correct_answer_margin,vision_cls_attention,logit_concept,-1.2447916666666667
5371::101::cub_attribute_yes_no_v1,5371,92,101,0,projector.output,32,raw_yes_minus_no,vision_cls_attention,logit_concept,1.2447916666666667
5371::102::cub_attribute_yes_no_v1,5371,92,102,1,vision.late,32,correct_answer_margin,vision_cls_attention,logit_concept,-0.859375
5371::102::cub_attribute_yes_no_v1,5371,92,102,1,vision.late,32,raw_yes_minus_no,vision_cls_attention,logit_concept,-0.859375
5371::102::cub_attribute_yes_no_v1,5371,92,102,1,projector.output,32,correct_answer_margin,vision_cls_attention,logit_concept,-0.7838541666666667
5371::102::cub_attribute_yes_no_v1,5371,92,102,1,projector.output,32,raw_yes_minus_no,vision_cls_attention,logit_concept,-0.7838541666666667
5371::107::cub_attribute_yes_no_v1,5371,92,107,1,vision.late,32,correct_answer_margin,vision_cls_attention,logit_concept,-0.26041666666666663
5371::107::cub_attribute_yes_no_v1,5371,92,107,1,vision.late,32,raw_yes_minus_no,vision_cls_attention,logit_concept,-0.26041666666666663
5371::107::cub_attribute_yes_no_v1,5371,92,107,1,projector.output,32,correct_answer_margin,vision_cls_attention,logit_concept,-0.14583333333333334
5371::107::cub_attribute_yes_no_v1,5371,92,107,1,projector.output,32,raw_yes_minus_no,vision_cls_attention,logit_concept,-0.14583333333333334
5371::117::cub_attribute_yes_no_v1,5371,92,117,0,vision.late,32,correct_answer_margin,vision_cls_attention,logit_concept,0.546875
5371::117::cub_attribute_yes_no_v1,5371,92,117,0,vision.late,32,raw_yes_minus_no,vision_cls_attention,logit_concept,-0.546875
5371::117::cub_attribute_yes_no_v1,5371,92,117,0,projector.output,32,correct_answer_margin,vision_cls_attention,logit_concept,0.5651041666666666
5371::117::cub_attribute_yes_no_v1,5371,92,117,0,projector.output,32,raw_yes_minus_no,vision_cls_attention,logit_concept,-0.5651041666666666
5371::118::cub_attribute_yes_no_v1,5371,92,118,1,vision.late,32,correct_answer_margin,vision_cls_attention,logit_concept,-0.6328125
5371::118::cub_attribute_yes_no_v1,5371,92,118,1,vision.late,32,raw_yes_minus_no,vision_cls_attention,logit_concept,-0.6328125
5371::118::cub_attribute_yes_no_v1,5371,92,118,1,projector.output,32,correct_answer_margin,vision_cls_attention,logit_concept,-0.5651041666666666
5371::118::cub_attribute_yes_no_v1,5371,92,118,1,projector.output,32,raw_yes_minus_no,vision_cls_attention,logit_concept,-0.5651041666666666
5371::120::cub_attribute_yes_no_v1,5371,92,120,0,vision.late,32,correct_answer_margin,vision_cls_attention,logit_concept,-0.0078125
5371::120::cub_attribute_yes_no_v1,5371,92,120,0,vision.late,32,raw_yes_minus_no,vision_cls_attention,logit_concept,0.0078125
5371::120::cub_attribute_yes_no_v1,5371,92,120,0,projector.output,32,correct_answer_margin,vision_cls_attention,logit_concept,-0.09635416666666667
5371::120::cub_attribute_yes_no_v1,5371,92,120,0,projector.output,32,raw_yes_minus_no,vision_cls_attention,logit_concept,0.09635416666666667
5371::309::cub_attribute_yes_no_v1,5371,92,309,0,vision.late,32,correct_answer_margin,vision_cls_attention,logit_concept,0.4114583333333333
5371::309::cub_attribute_yes_no_v1,5371,92,309,0,vision.late,32,raw_yes_minus_no,vision_cls_attention,logit_concept,-0.4114583333333333
5371::309::cub_attribute_yes_no_v1,5371,92,309,0,projector.output,32,correct_answer_margin,vision_cls_attention,logit_concept,0.4010416666666667
5371::309::cub_attribute_yes_no_v1,5371,92,309,0,projector.output,32,raw_yes_minus_no,vision_cls_attention,logit_concept,-0.4010416666666667
5371::310::cub_attribute_yes_no_v1,5371,92,310,1,vision.late,32,correct_answer_margin,vision_cls_attention,logit_concept,-0.19791666666666666
5371::310::cub_attribute_yes_no_v1,5371,92,310,1,vision.late,32,raw_yes_minus_no,vision_cls_attention,logit_concept,-0.19791666666666666
5371::310::cub_attribute_yes_no_v1,5371,92,310,1,projector.output,32,correct_answer_margin,vision_cls_attention,logit_concept,-0.20572916666666666
5371::310::cub_attribute_yes_no_v1,5371,92,310,1,projector.output,32,raw_yes_minus_no,vision_cls_attention,logit_concept,-0.20572916666666666
5371::311::cub_attribute_yes_no_v1,5371,92,311,0,vision.late,32,correct_answer_margin,vision_cls_attention,logit_concept,-0.3984375
5371::311::cub_attribute_yes_no_v1,5371,92,311,0,vision.late,32,raw_yes_minus_no,vision_cls_attention,logit_concept,0.3984375
5371::311::cub_attribute_yes_no_v1,5371,92,311,0,projector.output,32,correct_answer_margin,vision_cls_attention,logit_concept,-0.453125
5371::311::cub_attribute_yes_no_v1,5371,92,311,0,projector.output,32,raw_yes_minus_no,vision_cls_attention,logit_concept,0.453125
5371::312::cub_attribute_yes_no_v1,5371,92,312,0,vision.late,32,correct_answer_margin,vision_cls_attention,logit_concept,-0.16927083333333334
5371::312::cub_attribute_yes_no_v1,5371,92,312,0,vision.late,32,raw_yes_minus_no,vision_cls_attention,logit_concept,0.16927083333333334
5371::312::cub_attribute_yes_no_v1,5371,92,312,0,projector.output,32,correct_answer_margin,vision_cls_attention,logit_concept,-0.2890625
5371::312::cub_attribute_yes_no_v1,5371,92,312,0,projector.output,32,raw_yes_minus_no,vision_cls_attention,logit_concept,0.2890625
5371::7::cub_attribute_yes_no_v1,5371,92,7,0,vision.late,32,correct_answer_margin,vision_cls_attention,logit_concept,-0.43229166666666663
5371::7::cub_attribute_yes_no_v1,5371,92,7,0,vision.late,32,raw_yes_minus_no,vision_cls_attention,logit_concept,0.43229166666666663
5371::7::cub_attribute_yes_no_v1,5371,92,7,0,projector.output,32,correct_answer_margin,vision_cls_attention,logit_concept,-0.46614583333333337
5371::7::cub_attribute_yes_no_v1,5371,92,7,0,projector.output,32,raw_yes_minus_no,vision_cls_attention,logit_concept,0.46614583333333337
557::102::cub_attribute_yes_no_v1,557,11,102,1,vision.late,32,correct_answer_margin,vision_cls_attention,logit_concept,-0.4661458333333333
557::102::cub_attribute_yes_no_v1,557,11,102,1,vision.late,32,raw_yes_minus_no,vision_cls_attention,logit_concept,-0.4661458333333333
557::102::cub_attribute_yes_no_v1,557,11,102,1,projector.output,32,correct_answer_margin,vision_cls_attention,logit_concept,-0.45833333333333337
557::102::cub_attribute_yes_no_v1,557,11,102,1,projector.output,32,raw_yes_minus_no,vision_cls_attention,logit_concept,-0.45833333333333337
557::103::cub_attribute_yes_no_v1,557,11,103,0,vision.late,32,correct_answer_margin,vision_cls_attention,logit_concept,-0.5130208333333334
557::103::cub_attribute_yes_no_v1,557,11,103,0,vision.late,32,raw_yes_minus_no,vision_cls_attention,logit_concept,0.5130208333333334
557::103::cub_attribute_yes_no_v1,557,11,103,0,projector.output,32,correct_answer_margin,vision_cls_attention,logit_concept,-0.5234375
557::103::cub_attribute_yes_no_v1,557,11,103,0,projector.output,32,raw_yes_minus_no,vision_cls_attention,logit_concept,0.5234375
557::107::cub_attribute_yes_no_v1,557,11,107,1,vision.late,32,correct_answer_margin,vision_cls_attention,logit_concept,0.13541666666666669
557::107::cub_attribute_yes_no_v1,557,11,107,1,vision.late,32,raw_yes_minus_no,vision_cls_attention,logit_concept,0.13541666666666669
557::107::cub_attribute_yes_no_v1,557,11,107,1,projector.output,32,correct_answer_margin,vision_cls_attention,logit_concept,0.20833333333333337
557::107::cub_attribute_yes_no_v1,557,11,107,1,projector.output,32,raw_yes_minus_no,vision_cls_attention,logit_concept,0.20833333333333337
557::117::cub_attribute_yes_no_v1,557,11,117,1,vision.late,32,correct_answer_margin,vision_cls_attention,logit_concept,-0.1015625
557::117::cub_attribute_yes_no_v1,557,11,117,1,vision.late,32,raw_yes_minus_no,vision_cls_attention,logit_concept,-0.1015625
557::117::cub_attribute_yes_no_v1,557,11,117,1,projector.output,32,correct_answer_margin,vision_cls_attention,logit_concept,-0.08072916666666667
557::117::cub_attribute_yes_no_v1,557,11,117,1,projector.output,32,raw_yes_minus_no,vision_cls_attention,logit_concept,-0.08072916666666667
557::118::cub_attribute_yes_no_v1,557,11,118,0,vision.late,32,correct_answer_margin,vision_cls_attention,logit_concept,0.5703125
557::118::cub_attribute_yes_no_v1,557,11,118,0,vision.late,32,raw_yes_minus_no,vision_cls_attention,logit_concept,-0.5703125
557::118::cub_attribute_yes_no_v1,557,11,118,0,projector.output,32,correct_answer_margin,vision_cls_attention,logit_concept,0.578125
557::118::cub_attribute_yes_no_v1,557,11,118,0,projector.output,32,raw_yes_minus_no,vision_cls_attention,logit_concept,-0.578125
557::295::cub_attribute_yes_no_v1,557,11,295,1,vision.late,32,correct_answer_margin,vision_cls_attention,logit_concept,0.640625
557::295::cub_attribute_yes_no_v1,557,11,295,1,vision.late,32,raw_yes_minus_no,vision_cls_attention,logit_concept,0.640625
557::295::cub_attribute_yes_no_v1,557,11,295,1,projector.output,32,correct_answer_margin,vision_cls_attention,logit_concept,0.6848958333333333
557::295::cub_attribute_yes_no_v1,557,11,295,1,projector.output,32,raw_yes_minus_no,vision_cls_attention,logit_concept,0.6848958333333333
557::299::cub_attribute_yes_no_v1,557,11,299,0,vision.late,32,correct_answer_margin,vision_cls_attention,logit_concept,-0.12760416666666666
557::299::cub_attribute_yes_no_v1,557,11,299,0,vision.late,32,raw_yes_minus_no,vision_cls_attention,logit_concept,0.12760416666666666
557::299::cub_attribute_yes_no_v1,557,11,299,0,projector.output,32,correct_answer_margin,vision_cls_attention,logit_concept,-0.1328125
557::299::cub_attribute_yes_no_v1,557,11,299,0,projector.output,32,raw_yes_minus_no,vision_cls_attention,logit_concept,0.1328125
557::305::cub_attribute_yes_no_v1,557,11,305,1,vision.late,32,correct_answer_margin,vision_cls_attention,logit_concept,0.13541666666666666
557::305::cub_attribute_yes_no_v1,557,11,305,1,vision.late,32,raw_yes_minus_no,vision_cls_attention,logit_concept,0.13541666666666666
557::305::cub_attribute_yes_no_v1,557,11,305,1,projector.output,32,correct_answer_margin,vision_cls_attention,logit_concept,0.16666666666666669
557::305::cub_attribute_yes_no_v1,557,11,305,1,projector.output,32,raw_yes_minus_no,vision_cls_attention,logit_concept,0.16666666666666669
557::308::cub_attribute_yes_no_v1,557,11,308,0,vision.late,32,correct_answer_margin,vision_cls_attention,logit_concept,-0.4427083333333333
557::308::cub_attribute_yes_no_v1,557,11,308,0,vision.late,32,raw_yes_minus_no,vision_cls_attention,logit_concept,0.4427083333333333
557::308::cub_attribute_yes_no_v1,557,11,308,0,projector.output,32,correct_answer_margin,vision_cls_attention,logit_concept,-0.484375
557::308::cub_attribute_yes_no_v1,557,11,308,0,projector.output,32,raw_yes_minus_no,vision_cls_attention,logit_concept,0.484375
557::312::cub_attribute_yes_no_v1,557,11,312,1,vision.late,32,correct_answer_margin,vision_cls_attention,logit_concept,-0.39322916666666674
557::312::cub_attribute_yes_no_v1,557,11,312,1,vision.late,32,raw_yes_minus_no,vision_cls_attention,logit_concept,-0.39322916666666674
557::312::cub_attribute_yes_no_v1,557,11,312,1,projector.output,32,correct_answer_margin,vision_cls_attention,logit_concept,-0.3020833333333333
557::312::cub_attribute_yes_no_v1,557,11,312,1,projector.output,32,raw_yes_minus_no,vision_cls_attention,logit_concept,-0.3020833333333333
557::7::cub_attribute_yes_no_v1,557,11,7,1,vision.late,32,correct_answer_margin,vision_cls_attention,logit_concept,-0.005208333333333329
557::7::cub_attribute_yes_no_v1,557,11,7,1,vision.late,32,raw_yes_minus_no,vision_cls_attention,logit_concept,-0.005208333333333329
557::7::cub_attribute_yes_no_v1,557,11,7,1,projector.output,32,correct_answer_margin,vision_cls_attention,logit_concept,-0.005208333333333315
557::7::cub_attribute_yes_no_v1,557,11,7,1,projector.output,32,raw_yes_minus_no,vision_cls_attention,logit_concept,-0.005208333333333315
557::96::cub_attribute_yes_no_v1,557,11,96,0,vision.late,32,correct_answer_margin,vision_cls_attention,logit_concept,-0.20052083333333334
557::96::cub_attribute_yes_no_v1,557,11,96,0,vision.late,32,raw_yes_minus_no,vision_cls_attention,logit_concept,0.20052083333333334
557::96::cub_attribute_yes_no_v1,557,11,96,0,projector.output,32,correct_answer_margin,vision_cls_attention,logit_concept,-0.24479166666666666
557::96::cub_attribute_yes_no_v1,557,11,96,0,projector.output,32,raw_yes_minus_no,vision_cls_attention,logit_concept,0.24479166666666666
559::104::cub_attribute_yes_no_v1,559,11,104,1,vision.late,32,correct_answer_margin,vision_cls_attention,logit_concept,0.1328125
559::104::cub_attribute_yes_no_v1,559,11,104,1,vision.late,32,raw_yes_minus_no,vision_cls_attention,logit_concept,0.1328125
559::104::cub_attribute_yes_no_v1,559,11,104,1,projector.output,32,correct_answer_margin,vision_cls_attention,logit_concept,0.15885416666666666
559::104::cub_attribute_yes_no_v1,559,11,104,1,projector.output,32,raw_yes_minus_no,vision_cls_attention,logit_concept,0.15885416666666666
559::111::cub_attribute_yes_no_v1,559,11,111,1,vision.late,32,correct_answer_margin,vision_cls_attention,logit_concept,-0.15104166666666669
559::111::cub_attribute_yes_no_v1,559,11,111,1,vision.late,32,raw_yes_minus_no,vision_cls_attention,logit_concept,-0.15104166666666669
559::111::cub_attribute_yes_no_v1,559,11,111,1,projector.output,32,correct_answer_margin,vision_cls_attention,logit_concept,-0.14583333333333331
559::111::cub_attribute_yes_no_v1,559,11,111,1,projector.output,32,raw_yes_minus_no,vision_cls_attention,logit_concept,-0.14583333333333331
559::117::cub_attribute_yes_no_v1,559,11,117,0,vision.late,32,correct_answer_margin,vision_cls_attention,logit_concept,0.05208333333333333
559::117::cub_attribute_yes_no_v1,559,11,117,0,vision.late,32,raw_yes_minus_no,vision_cls_attention,logit_concept,-0.05208333333333333
559::117::cub_attribute_yes_no_v1,559,11,117,0,projector.output,32,correct_answer_margin,vision_cls_attention,logit_concept,0.09895833333333333
559::117::cub_attribute_yes_no_v1,559,11,117,0,projector.output,32,raw_yes_minus_no,vision_cls_attention,logit_concept,-0.09895833333333333
559::118::cub_attribute_yes_no_v1,559,11,118,0,vision.late,32,correct_answer_margin,vision_cls_attention,logit_concept,0.18750000000000003
559::118::cub_attribute_yes_no_v1,559,11,118,0,vision.late,32,raw_yes_minus_no,vision_cls_attention,logit_concept,-0.18750000000000003
559::118::cub_attribute_yes_no_v1,559,11,118,0,projector.output,32,correct_answer_margin,vision_cls_attention,logit_concept,0.09374999999999999
559::118::cub_attribute_yes_no_v1,559,11,118,0,projector.output,32,raw_yes_minus_no,vision_cls_attention,logit_concept,-0.09374999999999999
559::120::cub_attribute_yes_no_v1,559,11,120,1,vision.late,32,correct_answer_margin,vision_cls_attention,logit_concept,0.3020833333333333
559::120::cub_attribute_yes_no_v1,559,11,120,1,vision.late,32,raw_yes_minus_no,vision_cls_attention,logit_concept,0.3020833333333333
559::120::cub_attribute_yes_no_v1,559,11,120,1,projector.output,32,correct_answer_margin,vision_cls_attention,logit_concept,0.3515625
559::120::cub_attribute_yes_no_v1,559,11,120,1,projector.output,32,raw_yes_minus_no,vision_cls_attention,logit_concept,0.3515625
559::295::cub_attribute_yes_no_v1,559,11,295,1,vision.late,32,correct_answer_margin,vision_cls_attention,logit_concept,0.265625
559::295::cub_attribute_yes_no_v1,559,11,295,1,vision.late,32,raw_yes_minus_no,vision_cls_attention,logit_concept,0.265625
559::295::cub_attribute_yes_no_v1,559,11,295,1,projector.output,32,correct_answer_margin,vision_cls_attention,logit_concept,0.16145833333333331
559::295::cub_attribute_yes_no_v1,559,11,295,1,projector.output,32,raw_yes_minus_no,vision_cls_attention,logit_concept,0.16145833333333331
559::299::cub_attribute_yes_no_v1,559,11,299,0,vision.late,32,correct_answer_margin,vision_cls_attention,logit_concept,0.23697916666666669
559::299::cub_attribute_yes_no_v1,559,11,299,0,vision.late,32,raw_yes_minus_no,vision_cls_attention,logit_concept,-0.23697916666666669
559::299::cub_attribute_yes_no_v1,559,11,299,0,projector.output,32,correct_answer_margin,vision_cls_attention,logit_concept,0.2760416666666667
559::299::cub_attribute_yes_no_v1,559,11,299,0,projector.output,32,raw_yes_minus_no,vision_cls_attention,logit_concept,-0.2760416666666667
559::2::cub_attribute_yes_no_v1,559,11,2,1,vision.late,32,correct_answer_margin,vision_cls_attention,logit_concept,0.29166666666666663
559::2::cub_attribute_yes_no_v1,559,11,2,1,vision.late,32,raw_yes_minus_no,vision_cls_attention,logit_concept,0.29166666666666663
559::2::cub_attribute_yes_no_v1,559,11,2,1,projector.output,32,correct_answer_margin,vision_cls_attention,logit_concept,0.36458333333333337
559::2::cub_attribute_yes_no_v1,559,11,2,1,projector.output,32,raw_yes_minus_no,vision_cls_attention,logit_concept,0.36458333333333337
559::305::cub_attribute_yes_no_v1,559,11,305,1,vision.late,32,correct_answer_margin,vision_cls_attention,logit_concept,-0.02083333333333333
559::305::cub_attribute_yes_no_v1,559,11,305,1,vision.late,32,raw_yes_minus_no,vision_cls_attention,logit_concept,-0.02083333333333333
559::305::cub_attribute_yes_no_v1,559,11,305,1,projector.output,32,correct_answer_margin,vision_cls_attention,logit_concept,-0.0859375
559::305::cub_attribute_yes_no_v1,559,11,305,1,projector.output,32,raw_yes_minus_no,vision_cls_attention,logit_concept,-0.0859375
559::309::cub_attribute_yes_no_v1,559,11,309,1,vision.late,32,correct_answer_margin,vision_cls_attention,logit_concept,-0.09635416666666667
559::309::cub_attribute_yes_no_v1,559,11,309,1,vision.late,32,raw_yes_minus_no,vision_cls_attention,logit_concept,-0.09635416666666667
559::309::cub_attribute_yes_no_v1,559,11,309,1,projector.output,32,correct_answer_margin,vision_cls_attention,logit_concept,-0.09635416666666666
559::309::cub_attribute_yes_no_v1,559,11,309,1,projector.output,32,raw_yes_minus_no,vision_cls_attention,logit_concept,-0.09635416666666666
559::311::cub_attribute_yes_no_v1,559,11,311,0,vision.late,32,correct_answer_margin,vision_cls_attention,logit_concept,-0.007812499999999995
559::311::cub_attribute_yes_no_v1,559,11,311,0,vision.late,32,raw_yes_minus_no,vision_cls_attention,logit_concept,0.007812499999999995
559::311::cub_attribute_yes_no_v1,559,11,311,0,projector.output,32,correct_answer_margin,vision_cls_attention,logit_concept,-0.005208333333333339
559::311::cub_attribute_yes_no_v1,559,11,311,0,projector.output,32,raw_yes_minus_no,vision_cls_attention,logit_concept,0.005208333333333339
559::7::cub_attribute_yes_no_v1,559,11,7,0,vision.late,32,correct_answer_margin,vision_cls_attention,logit_concept,-0.23177083333333331
559::7::cub_attribute_yes_no_v1,559,11,7,0,vision.late,32,raw_yes_minus_no,vision_cls_attention,logit_concept,0.23177083333333331
559::7::cub_attribute_yes_no_v1,559,11,7,0,projector.output,32,correct_answer_margin,vision_cls_attention,logit_concept,-0.26822916666666663
559::7::cub_attribute_yes_no_v1,559,11,7,0,projector.output,32,raw_yes_minus_no,vision_cls_attention,logit_concept,0.26822916666666663
559::8::cub_attribute_yes_no_v1,559,11,8,0,vision.late,32,correct_answer_margin,vision_cls_attention,logit_concept,0.01822916666666667
559::8::cub_attribute_yes_no_v1,559,11,8,0,vision.late,32,raw_yes_minus_no,vision_cls_attention,logit_concept,-0.01822916666666667
559::8::cub_attribute_yes_no_v1,559,11,8,0,projector.output,32,correct_answer_margin,vision_cls_attention,logit_concept,-0.07552083333333333
559::8::cub_attribute_yes_no_v1,559,11,8,0,projector.output,32,raw_yes_minus_no,vision_cls_attention,logit_concept,0.07552083333333333
5764::101::cub_attribute_yes_no_v1,5764,99,101,1,vision.late,32,correct_answer_margin,vision_cls_attention,logit_concept,0.24479166666666669
5764::101::cub_attribute_yes_no_v1,5764,99,101,1,vision.late,32,raw_yes_minus_no,vision_cls_attention,logit_concept,0.24479166666666669
5764::101::cub_attribute_yes_no_v1,5764,99,101,1,projector.output,32,correct_answer_margin,vision_cls_attention,logit_concept,0.27083333333333337
5764::101::cub_attribute_yes_no_v1,5764,99,101,1,projector.output,32,raw_yes_minus_no,vision_cls_attention,logit_concept,0.27083333333333337
5764::104::cub_attribute_yes_no_v1,5764,99,104,0,vision.late,32,correct_answer_margin,vision_cls_attention,logit_concept,-0.3958333333333333
5764::104::cub_attribute_yes_no_v1,5764,99,104,0,vision.late,32,raw_yes_minus_no,vision_cls_attention,logit_concept,0.3958333333333333
5764::104::cub_attribute_yes_no_v1,5764,99,104,0,projector.output,32,correct_answer_margin,vision_cls_attention,logit_concept,-0.421875
5764::104::cub_attribute_yes_no_v1,5764,99,104,0,projector.output,32,raw_yes_minus_no,vision_cls_attention,logit_concept,0.421875
5764::111::cub_attribute_yes_no_v1,5764,99,111,0,vision.late,32,correct_answer_margin,vision_cls_attention,logit_concept,0.15104166666666666
5764::111::cub_attribute_yes_no_v1,5764,99,111,0,vision.late,32,raw_yes_minus_no,vision_cls_attention,logit_concept,-0.15104166666666666
5764::111::cub_attribute_yes_no_v1,5764,99,111,0,projector.output,32,correct_answer_margin,vision_cls_attention,logit_concept,0.16145833333333331
5764::111::cub_attribute_yes_no_v1,5764,99,111,0,projector.output,32,raw_yes_minus_no,vision_cls_attention,logit_concept,-0.16145833333333331
5764::117::cub_attribute_yes_no_v1,5764,99,117,0,vision.late,32,correct_answer_margin,vision_cls_attention,logit_concept,6.938893903907228e-18
5764::117::cub_attribute_yes_no_v1,5764,99,117,0,vision.late,32,raw_yes_minus_no,vision_cls_attention,logit_concept,-6.938893903907228e-18
5764::117::cub_attribute_yes_no_v1,5764,99,117,0,projector.output,32,correct_answer_margin,vision_cls_attention,logit_concept,-0.03385416666666667
5764::117::cub_attribute_yes_no_v1,5764,99,117,0,projector.output,32,raw_yes_minus_no,vision_cls_attention,logit_concept,0.03385416666666667
5764::118::cub_attribute_yes_no_v1,5764,99,118,1,vision.late,32,correct_answer_margin,vision_cls_attention,logit_concept,-0.08333333333333333
5764::118::cub_attribute_yes_no_v1,5764,99,118,1,vision.late,32,raw_yes_minus_no,vision_cls_attention,logit_concept,-0.08333333333333333
5764::118::cub_attribute_yes_no_v1,5764,99,118,1,projector.output,32,correct_answer_margin,vision_cls_attention,logit_concept,-0.08333333333333334
5764::118::cub_attribute_yes_no_v1,5764,99,118,1,projector.output,32,raw_yes_minus_no,vision_cls_attention,logit_concept,-0.08333333333333334
5764::120::cub_attribute_yes_no_v1,5764,99,120,0,vision.late,32,correct_answer_margin,vision_cls_attention,logit_concept,0.16927083333333334
5764::120::cub_attribute_yes_no_v1,5764,99,120,0,vision.late,32,raw_yes_minus_no,vision_cls_attention,logit_concept,-0.16927083333333334
5764::120::cub_attribute_yes_no_v1,5764,99,120,0,projector.output,32,correct_answer_margin,vision_cls_attention,logit_concept,0.11718750000000001
5764::120::cub_attribute_yes_no_v1,5764,99,120,0,projector.output,32,raw_yes_minus_no,vision_cls_attention,logit_concept,-0.11718750000000001
5764::305::cub_attribute_yes_no_v1,5764,99,305,0,vision.late,32,correct_answer_margin,vision_cls_attention,logit_concept,0.28125
5764::305::cub_attribute_yes_no_v1,5764,99,305,0,vision.late,32,raw_yes_minus_no,vision_cls_attention,logit_concept,-0.28125
5764::305::cub_attribute_yes_no_v1,5764,99,305,0,projector.output,32,correct_answer_margin,vision_cls_attention,logit_concept,0.2552083333333333
5764::305::cub_attribute_yes_no_v1,5764,99,305,0,projector.output,32,raw_yes_minus_no,vision_cls_attention,logit_concept,-0.2552083333333333
5764::308::cub_attribute_yes_no_v1,5764,99,308,0,vision.late,32,correct_answer_margin,vision_cls_attention,logit_concept,0.2760416666666667
5764::308::cub_attribute_yes_no_v1,5764,99,308,0,vision.late,32,raw_yes_minus_no,vision_cls_attention,logit_concept,-0.2760416666666667
5764::308::cub_attribute_yes_no_v1,5764,99,308,0,projector.output,32,correct_answer_margin,vision_cls_attention,logit_concept,0.22135416666666666
5764::308::cub_attribute_yes_no_v1,5764,99,308,0,projector.output,32,raw_yes_minus_no,vision_cls_attention,logit_concept,-0.22135416666666666
5764::309::cub_attribute_yes_no_v1,5764,99,309,0,vision.late,32,correct_answer_margin,vision_cls_attention,logit_concept,0.46354166666666663
5764::309::cub_attribute_yes_no_v1,5764,99,309,0,vision.late,32,raw_yes_minus_no,vision_cls_attention,logit_concept,-0.46354166666666663
5764::309::cub_attribute_yes_no_v1,5764,99,309,0,projector.output,32,correct_answer_margin,vision_cls_attention,logit_concept,0.4375
5764::309::cub_attribute_yes_no_v1,5764,99,309,0,projector.output,32,raw_yes_minus_no,vision_cls_attention,logit_concept,-0.4375
5764::311::cub_attribute_yes_no_v1,5764,99,311,1,vision.late,32,correct_answer_margin,vision_cls_attention,logit_concept,1.09375
5764::311::cub_attribute_yes_no_v1,5764,99,311,1,vision.late,32,raw_yes_minus_no,vision_cls_attention,logit_concept,1.09375
5764::311::cub_attribute_yes_no_v1,5764,99,311,1,projector.output,32,correct_answer_margin,vision_cls_attention,logit_concept,1.1145833333333333
5764::311::cub_attribute_yes_no_v1,5764,99,311,1,projector.output,32,raw_yes_minus_no,vision_cls_attention,logit_concept,1.1145833333333333
5764::7::cub_attribute_yes_no_v1,5764,99,7,1,vision.late,32,correct_answer_margin,vision_cls_attention,logit_concept,-0.09895833333333334
5764::7::cub_attribute_yes_no_v1,5764,99,7,1,vision.late,32,raw_yes_minus_no,vision_cls_attention,logit_concept,-0.09895833333333334
5764::7::cub_attribute_yes_no_v1,5764,99,7,1,projector.output,32,correct_answer_margin,vision_cls_attention,logit_concept,-0.06510416666666666
5764::7::cub_attribute_yes_no_v1,5764,99,7,1,projector.output,32,raw_yes_minus_no,vision_cls_attention,logit_concept,-0.06510416666666666
5771::100::cub_attribute_yes_no_v1,5771,99,100,0,vision.late,32,correct_answer_margin,vision_cls_attention,logit_concept,-0.3307291666666667
5771::100::cub_attribute_yes_no_v1,5771,99,100,0,vision.late,32,raw_yes_minus_no,vision_cls_attention,logit_concept,0.3307291666666667
5771::100::cub_attribute_yes_no_v1,5771,99,100,0,projector.output,32,correct_answer_margin,vision_cls_attention,logit_concept,-0.34375
5771::100::cub_attribute_yes_no_v1,5771,99,100,0,projector.output,32,raw_yes_minus_no,vision_cls_attention,logit_concept,0.34375
5771::101::cub_attribute_yes_no_v1,5771,99,101,1,vision.late,32,correct_answer_margin,vision_cls_attention,logit_concept,0.7786458333333334
5771::101::cub_attribute_yes_no_v1,5771,99,101,1,vision.late,32,raw_yes_minus_no,vision_cls_attention,logit_concept,0.7786458333333334
5771::101::cub_attribute_yes_no_v1,5771,99,101,1,projector.output,32,correct_answer_margin,vision_cls_attention,logit_concept,0.8229166666666667
5771::101::cub_attribute_yes_no_v1,5771,99,101,1,projector.output,32,raw_yes_minus_no,vision_cls_attention,logit_concept,0.8229166666666667
5771::111::cub_attribute_yes_no_v1,5771,99,111,0,vision.late,32,correct_answer_margin,vision_cls_attention,logit_concept,0.6041666666666666
5771::111::cub_attribute_yes_no_v1,5771,99,111,0,vision.late,32,raw_yes_minus_no,vision_cls_attention,logit_concept,-0.6041666666666666
5771::111::cub_attribute_yes_no_v1,5771,99,111,0,projector.output,32,correct_answer_margin,vision_cls_attention,logit_concept,0.46875
5771::111::cub_attribute_yes_no_v1,5771,99,111,0,projector.output,32,raw_yes_minus_no,vision_cls_attention,logit_concept,-0.46875
5771::117::cub_attribute_yes_no_v1,5771,99,117,1,vision.late,32,correct_answer_margin,vision_cls_attention,logit_concept,-0.9947916666666666
5771::117::cub_attribute_yes_no_v1,5771,99,117,1,vision.late,32,raw_yes_minus_no,vision_cls_attention,logit_concept,-0.9947916666666666
5771::117::cub_attribute_yes_no_v1,5771,99,117,1,projector.output,32,correct_answer_margin,vision_cls_attention,logit_concept,-0.8125
5771::117::cub_attribute_yes_no_v1,5771,99,117,1,projector.output,32,raw_yes_minus_no,vision_cls_attention,logit_concept,-0.8125
5771::120::cub_attribute_yes_no_v1,5771,99,120,0,vision.late,32,correct_answer_margin,vision_cls_attention,logit_concept,0.19010416666666669
5771::120::cub_attribute_yes_no_v1,5771,99,120,0,vision.late,32,raw_yes_minus_no,vision_cls_attention,logit_concept,-0.19010416666666669
5771::120::cub_attribute_yes_no_v1,5771,99,120,0,projector.output,32,correct_answer_margin,vision_cls_attention,logit_concept,0.08072916666666667
5771::120::cub_attribute_yes_no_v1,5771,99,120,0,projector.output,32,raw_yes_minus_no,vision_cls_attention,logit_concept,-0.08072916666666667
5771::309::cub_attribute_yes_no_v1,5771,99,309,1,vision.late,32,correct_answer_margin,vision_cls_attention,logit_concept,0.12760416666666669
5771::309::cub_attribute_yes_no_v1,5771,99,309,1,vision.late,32,raw_yes_minus_no,vision_cls_attention,logit_concept,0.12760416666666669
5771::309::cub_attribute_yes_no_v1,5771,99,309,1,projector.output,32,correct_answer_margin,vision_cls_attention,logit_concept,0.171875
5771::309::cub_attribute_yes_no_v1,5771,99,309,1,projector.output,32,raw_yes_minus_no,vision_cls_attention,logit_concept,0.171875
5771::311::cub_attribute_yes_no_v1,5771,99,311,0,vision.late,32,correct_answer_margin,vision_cls_attention,logit_concept,-1.71875
5771::311::cub_attribute_yes_no_v1,5771,99,311,0,vision.late,32,raw_yes_minus_no,vision_cls_attention,logit_concept,1.71875
5771::311::cub_attribute_yes_no_v1,5771,99,311,0,projector.output,32,correct_answer_margin,vision_cls_attention,logit_concept,-1.7604166666666665
5771::311::cub_attribute_yes_no_v1,5771,99,311,0,projector.output,32,raw_yes_minus_no,vision_cls_attention,logit_concept,1.7604166666666665
5771::7::cub_attribute_yes_no_v1,5771,99,7,1,vision.late,32,correct_answer_margin,vision_cls_attention,logit_concept,0.19270833333333331
5771::7::cub_attribute_yes_no_v1,5771,99,7,1,vision.late,32,raw_yes_minus_no,vision_cls_attention,logit_concept,0.19270833333333331
5771::7::cub_attribute_yes_no_v1,5771,99,7,1,projector.output,32,correct_answer_margin,vision_cls_attention,logit_concept,0.171875
5771::7::cub_attribute_yes_no_v1,5771,99,7,1,projector.output,32,raw_yes_minus_no,vision_cls_attention,logit_concept,0.171875
5771::96::cub_attribute_yes_no_v1,5771,99,96,1,vision.late,32,correct_answer_margin,vision_cls_attention,logit_concept,0.2942708333333333
5771::96::cub_attribute_yes_no_v1,5771,99,96,1,vision.late,32,raw_yes_minus_no,vision_cls_attention,logit_concept,0.2942708333333333
5771::96::cub_attribute_yes_no_v1,5771,99,96,1,projector.output,32,correct_answer_margin,vision_cls_attention,logit_concept,0.3307291666666667
5771::96::cub_attribute_yes_no_v1,5771,99,96,1,projector.output,32,raw_yes_minus_no,vision_cls_attention,logit_concept,0.3307291666666667
577::100::cub_attribute_yes_no_v1,577,11,100,0,vision.late,32,correct_answer_margin,vision_cls_attention,logit_concept,-0.1484375
577::100::cub_attribute_yes_no_v1,577,11,100,0,vision.late,32,raw_yes_minus_no,vision_cls_attention,logit_concept,0.1484375
577::100::cub_attribute_yes_no_v1,577,11,100,0,projector.output,32,correct_answer_margin,vision_cls_attention,logit_concept,-0.16927083333333331
577::100::cub_attribute_yes_no_v1,577,11,100,0,projector.output,32,raw_yes_minus_no,vision_cls_attention,logit_concept,0.16927083333333331
577::101::cub_attribute_yes_no_v1,577,11,101,0,vision.late,32,correct_answer_margin,vision_cls_attention,logit_concept,-0.5807291666666666
577::101::cub_attribute_yes_no_v1,577,11,101,0,vision.late,32,raw_yes_minus_no,vision_cls_attention,logit_concept,0.5807291666666666
577::101::cub_attribute_yes_no_v1,577,11,101,0,projector.output,32,correct_answer_margin,vision_cls_attention,logit_concept,-0.6744791666666667
577::101::cub_attribute_yes_no_v1,577,11,101,0,projector.output,32,raw_yes_minus_no,vision_cls_attention,logit_concept,0.6744791666666667
577::103::cub_attribute_yes_no_v1,577,11,103,0,vision.late,32,correct_answer_margin,vision_cls_attention,logit_concept,-0.4166666666666667
577::103::cub_attribute_yes_no_v1,577,11,103,0,vision.late,32,raw_yes_minus_no,vision_cls_attention,logit_concept,0.4166666666666667
577::103::cub_attribute_yes_no_v1,577,11,103,0,projector.output,32,correct_answer_margin,vision_cls_attention,logit_concept,-0.4609375
577::103::cub_attribute_yes_no_v1,577,11,103,0,projector.output,32,raw_yes_minus_no,vision_cls_attention,logit_concept,0.4609375
577::104::cub_attribute_yes_no_v1,577,11,104,1,vision.late,32,correct_answer_margin,vision_cls_attention,logit_concept,0.5651041666666666
577::104::cub_attribute_yes_no_v1,577,11,104,1,vision.late,32,raw_yes_minus_no,vision_cls_attention,logit_concept,0.5651041666666666
577::104::cub_attribute_yes_no_v1,577,11,104,1,projector.output,32,correct_answer_margin,vision_cls_attention,logit_concept,0.6744791666666667
577::104::cub_attribute_yes_no_v1,577,11,104,1,projector.output,32,raw_yes_minus_no,vision_cls_attention,logit_concept,0.6744791666666667
577::111::cub_attribute_yes_no_v1,577,11,111,1,vision.late,32,correct_answer_margin,vision_cls_attention,logit_concept,-0.21354166666666669
577::111::cub_attribute_yes_no_v1,577,11,111,1,vision.late,32,raw_yes_minus_no,vision_cls_attention,logit_concept,-0.21354166666666669
577::111::cub_attribute_yes_no_v1,577,11,111,1,projector.output,32,correct_answer_margin,vision_cls_attention,logit_concept,-0.21354166666666669
577::111::cub_attribute_yes_no_v1,577,11,111,1,projector.output,32,raw_yes_minus_no,vision_cls_attention,logit_concept,-0.21354166666666669
577::118::cub_attribute_yes_no_v1,577,11,118,1,vision.late,32,correct_answer_margin,vision_cls_attention,logit_concept,-0.14583333333333334
577::118::cub_attribute_yes_no_v1,577,11,118,1,vision.late,32,raw_yes_minus_no,vision_cls_attention,logit_concept,-0.14583333333333334
577::118::cub_attribute_yes_no_v1,577,11,118,1,projector.output,32,correct_answer_margin,vision_cls_attention,logit_concept,-0.08854166666666669
577::118::cub_attribute_yes_no_v1,577,11,118,1,projector.output,32,raw_yes_minus_no,vision_cls_attention,logit_concept,-0.08854166666666669
577::120::cub_attribute_yes_no_v1,577,11,120,1,vision.late,32,correct_answer_margin,vision_cls_attention,logit_concept,0.7135416666666666
577::120::cub_attribute_yes_no_v1,577,11,120,1,vision.late,32,raw_yes_minus_no,vision_cls_attention,logit_concept,0.7135416666666666
577::120::cub_attribute_yes_no_v1,577,11,120,1,projector.output,32,correct_answer_margin,vision_cls_attention,logit_concept,0.7395833333333333
577::120::cub_attribute_yes_no_v1,577,11,120,1,projector.output,32,raw_yes_minus_no,vision_cls_attention,logit_concept,0.7395833333333333
577::295::cub_attribute_yes_no_v1,577,11,295,1,vision.late,32,correct_answer_margin,vision_cls_attention,logit_concept,1.0338541666666667
577::295::cub_attribute_yes_no_v1,577,11,295,1,vision.late,32,raw_yes_minus_no,vision_cls_attention,logit_concept,1.0338541666666667
577::295::cub_attribute_yes_no_v1,577,11,295,1,projector.output,32,correct_answer_margin,vision_cls_attention,logit_concept,1.0885416666666667
577::295::cub_attribute_yes_no_v1,577,11,295,1,projector.output,32,raw_yes_minus_no,vision_cls_attention,logit_concept,1.0885416666666667
577::308::cub_attribute_yes_no_v1,577,11,308,1,vision.late,32,correct_answer_margin,vision_cls_attention,logit_concept,1.2864583333333333
577::308::cub_attribute_yes_no_v1,577,11,308,1,vision.late,32,raw_yes_minus_no,vision_cls_attention,logit_concept,1.2864583333333333
577::308::cub_attribute_yes_no_v1,577,11,308,1,projector.output,32,correct_answer_margin,vision_cls_attention,logit_concept,1.3671875
577::308::cub_attribute_yes_no_v1,577,11,308,1,projector.output,32,raw_yes_minus_no,vision_cls_attention,logit_concept,1.3671875
577::311::cub_attribute_yes_no_v1,577,11,311,1,vision.late,32,correct_answer_margin,vision_cls_attention,logit_concept,0.078125
577::311::cub_attribute_yes_no_v1,577,11,311,1,vision.late,32,raw_yes_minus_no,vision_cls_attention,logit_concept,0.078125
577::311::cub_attribute_yes_no_v1,577,11,311,1,projector.output,32,correct_answer_margin,vision_cls_attention,logit_concept,0.044270833333333315
577::311::cub_attribute_yes_no_v1,577,11,311,1,projector.output,32,raw_yes_minus_no,vision_cls_attention,logit_concept,0.044270833333333315
577::8::cub_attribute_yes_no_v1,577,11,8,1,vision.late,32,correct_answer_margin,vision_cls_attention,logit_concept,0.1171875
577::8::cub_attribute_yes_no_v1,577,11,8,1,vision.late,32,raw_yes_minus_no,vision_cls_attention,logit_concept,0.1171875
577::8::cub_attribute_yes_no_v1,577,11,8,1,projector.output,32,correct_answer_margin,vision_cls_attention,logit_concept,0.203125
577::8::cub_attribute_yes_no_v1,577,11,8,1,projector.output,32,raw_yes_minus_no,vision_cls_attention,logit_concept,0.203125
5792::104::cub_attribute_yes_no_v1,5792,99,104,0,vision.late,32,correct_answer_margin,vision_cls_attention,logit_concept,-0.6302083333333333
5792::104::cub_attribute_yes_no_v1,5792,99,104,0,vision.late,32,raw_yes_minus_no,vision_cls_attention,logit_concept,0.6302083333333333
5792::104::cub_attribute_yes_no_v1,5792,99,104,0,projector.output,32,correct_answer_margin,vision_cls_attention,logit_concept,-0.78125
5792::104::cub_attribute_yes_no_v1,5792,99,104,0,projector.output,32,raw_yes_minus_no,vision_cls_attention,logit_concept,0.78125
5792::107::cub_attribute_yes_no_v1,5792,99,107,0,vision.late,32,correct_answer_margin,vision_cls_attention,logit_concept,0.17968750000000003
5792::107::cub_attribute_yes_no_v1,5792,99,107,0,vision.late,32,raw_yes_minus_no,vision_cls_attention,logit_concept,-0.17968750000000003
5792::107::cub_attribute_yes_no_v1,5792,99,107,0,projector.output,32,correct_answer_margin,vision_cls_attention,logit_concept,0.13541666666666669
5792::107::cub_attribute_yes_no_v1,5792,99,107,0,projector.output,32,raw_yes_minus_no,vision_cls_attention,logit_concept,-0.13541666666666669
5792::118::cub_attribute_yes_no_v1,5792,99,118,1,vision.late,32,correct_answer_margin,vision_cls_attention,logit_concept,-0.34375
5792::118::cub_attribute_yes_no_v1,5792,99,118,1,vision.late,32,raw_yes_minus_no,vision_cls_attention,logit_concept,-0.34375
5792::118::cub_attribute_yes_no_v1,5792,99,118,1,projector.output,32,correct_answer_margin,vision_cls_attention,logit_concept,-0.2942708333333333
5792::118::cub_attribute_yes_no_v1,5792,99,118,1,projector.output,32,raw_yes_minus_no,vision_cls_attention,logit_concept,-0.2942708333333333
5792::120::cub_attribute_yes_no_v1,5792,99,120,0,vision.late,32,correct_answer_margin,vision_cls_attention,logit_concept,0.25
5792::120::cub_attribute_yes_no_v1,5792,99,120,0,vision.late,32,raw_yes_minus_no,vision_cls_attention,logit_concept,-0.25
5792::120::cub_attribute_yes_no_v1,5792,99,120,0,projector.output,32,correct_answer_margin,vision_cls_attention,logit_concept,0.21875
5792::120::cub_attribute_yes_no_v1,5792,99,120,0,projector.output,32,raw_yes_minus_no,vision_cls_attention,logit_concept,-0.21875
5792::295::cub_attribute_yes_no_v1,5792,99,295,1,vision.late,32,correct_answer_margin,vision_cls_attention,logit_concept,0.02864583333333337
5792::295::cub_attribute_yes_no_v1,5792,99,295,1,vision.late,32,raw_yes_minus_no,vision_cls_attention,logit_concept,0.02864583333333337
5792::295::cub_attribute_yes_no_v1,5792,99,295,1,projector.output,32,correct_answer_margin,vision_cls_attention,logit_concept,0.0859375
5792::295::cub_attribute_yes_no_v1,5792,99,295,1,projector.output,32,raw_yes_minus_no,vision_cls_attention,logit_concept,0.0859375
5792::308::cub_attribute_yes_no_v1,5792,99,308,1,vision.late,32,correct_answer_margin,vision_cls_attention,logit_concept,0.12239583333333337
5792::308::cub_attribute_yes_no_v1,5792,99,308,1,vision.late,32,raw_yes_minus_no,vision_cls_attention,logit_concept,0.12239583333333337
5792::308::cub_attribute_yes_no_v1,5792,99,308,1,projector.output,32,correct_answer_margin,vision_cls_attention,logit_concept,0.1640625
5792::308::cub_attribute_yes_no_v1,5792,99,308,1,projector.output,32,raw_yes_minus_no,vision_cls_attention,logit_concept,0.1640625
5792::309::cub_attribute_yes_no_v1,5792,99,309,1,vision.late,32,correct_answer_margin,vision_cls_attention,logit_concept,0.0390625
5792::309::cub_attribute_yes_no_v1,5792,99,309,1,vision.late,32,raw_yes_minus_no,vision_cls_attention,logit_concept,0.0390625
5792::309::cub_attribute_yes_no_v1,5792,99,309,1,projector.output,32,correct_answer_margin,vision_cls_attention,logit_concept,0.0234375
5792::309::cub_attribute_yes_no_v1,5792,99,309,1,projector.output,32,raw_yes_minus_no,vision_cls_attention,logit_concept,0.0234375
5792::311::cub_attribute_yes_no_v1,5792,99,311,0,vision.late,32,correct_answer_margin,vision_cls_attention,logit_concept,0.15885416666666674
5792::311::cub_attribute_yes_no_v1,5792,99,311,0,vision.late,32,raw_yes_minus_no,vision_cls_attention,logit_concept,-0.15885416666666674
5792::311::cub_attribute_yes_no_v1,5792,99,311,0,projector.output,32,correct_answer_margin,vision_cls_attention,logit_concept,0.09635416666666674
5792::311::cub_attribute_yes_no_v1,5792,99,311,0,projector.output,32,raw_yes_minus_no,vision_cls_attention,logit_concept,-0.09635416666666674
5792::8::cub_attribute_yes_no_v1,5792,99,8,1,vision.late,32,correct_answer_margin,vision_cls_attention,logit_concept,0.4791666666666667
5792::8::cub_attribute_yes_no_v1,5792,99,8,1,vision.late,32,raw_yes_minus_no,vision_cls_attention,logit_concept,0.4791666666666667
5792::8::cub_attribute_yes_no_v1,5792,99,8,1,projector.output,32,correct_answer_margin,vision_cls_attention,logit_concept,0.5364583333333334
5792::8::cub_attribute_yes_no_v1,5792,99,8,1,projector.output,32,raw_yes_minus_no,vision_cls_attention,logit_concept,0.5364583333333334
5803::102::cub_attribute_yes_no_v1,5803,99,102,0,vision.late,32,correct_answer_margin,vision_cls_attention,logit_concept,1.1041666666666667
5803::102::cub_attribute_yes_no_v1,5803,99,102,0,vision.late,32,raw_yes_minus_no,vision_cls_attention,logit_concept,-1.1041666666666667
5803::102::cub_attribute_yes_no_v1,5803,99,102,0,projector.output,32,correct_answer_margin,vision_cls_attention,logit_concept,0.9375
5803::102::cub_attribute_yes_no_v1,5803,99,102,0,projector.output,32,raw_yes_minus_no,vision_cls_attention,logit_concept,-0.9375
5803::104::cub_attribute_yes_no_v1,5803,99,104,1,vision.late,32,correct_answer_margin,vision_cls_attention,logit_concept,1.1770833333333335
5803::104::cub_attribute_yes_no_v1,5803,99,104,1,vision.late,32,raw_yes_minus_no,vision_cls_attention,logit_concept,1.1770833333333335
5803::104::cub_attribute_yes_no_v1,5803,99,104,1,projector.output,32,correct_answer_margin,vision_cls_attention,logit_concept,1.1458333333333335
5803::104::cub_attribute_yes_no_v1,5803,99,104,1,projector.output,32,raw_yes_minus_no,vision_cls_attention,logit_concept,1.1458333333333335
5803::117::cub_attribute_yes_no_v1,5803,99,117,1,vision.late,32,correct_answer_margin,vision_cls_attention,logit_concept,-0.45572916666666663
5803::117::cub_attribute_yes_no_v1,5803,99,117,1,vision.late,32,raw_yes_minus_no,vision_cls_attention,logit_concept,-0.45572916666666663
5803::117::cub_attribute_yes_no_v1,5803,99,117,1,projector.output,32,correct_answer_margin,vision_cls_attention,logit_concept,-0.4322916666666667
5803::117::cub_attribute_yes_no_v1,5803,99,117,1,projector.output,32,raw_yes_minus_no,vision_cls_attention,logit_concept,-0.4322916666666667
5803::118::cub_attribute_yes_no_v1,5803,99,118,1,vision.late,32,correct_answer_margin,vision_cls_attention,logit_concept,0.2734375
5803::118::cub_attribute_yes_no_v1,5803,99,118,1,vision.late,32,raw_yes_minus_no,vision_cls_attention,logit_concept,0.2734375
5803::118::cub_attribute_yes_no_v1,5803,99,118,1,projector.output,32,correct_answer_margin,vision_cls_attention,logit_concept,0.05989583333333334
5803::118::cub_attribute_yes_no_v1,5803,99,118,1,projector.output,32,raw_yes_minus_no,vision_cls_attention,logit_concept,0.05989583333333334
5803::295::cub_attribute_yes_no_v1,5803,99,295,1,vision.late,32,correct_answer_margin,vision_cls_attention,logit_concept,1.1015625
5803::295::cub_attribute_yes_no_v1,5803,99,295,1,vision.late,32,raw_yes_minus_no,vision_cls_attention,logit_concept,1.1015625
5803::295::cub_attribute_yes_no_v1,5803,99,295,1,projector.output,32,correct_answer_margin,vision_cls_attention,logit_concept,1.171875
5803::295::cub_attribute_yes_no_v1,5803,99,295,1,projector.output,32,raw_yes_minus_no,vision_cls_attention,logit_concept,1.171875
5803::299::cub_attribute_yes_no_v1,5803,99,299,1,vision.late,32,correct_answer_margin,vision_cls_attention,logit_concept,-0.18229166666666666
5803::299::cub_attribute_yes_no_v1,5803,99,299,1,vision.late,32,raw_yes_minus_no,vision_cls_attention,logit_concept,-0.18229166666666666
5803::299::cub_attribute_yes_no_v1,5803,99,299,1,projector.output,32,correct_answer_margin,vision_cls_attention,logit_concept,-0.15104166666666666
5803::299::cub_attribute_yes_no_v1,5803,99,299,1,projector.output,32,raw_yes_minus_no,vision_cls_attention,logit_concept,-0.15104166666666666
5803::305::cub_attribute_yes_no_v1,5803,99,305,1,vision.late,32,correct_answer_margin,vision_cls_attention,logit_concept,-0.046875
5803::305::cub_attribute_yes_no_v1,5803,99,305,1,vision.late,32,raw_yes_minus_no,vision_cls_attention,logit_concept,-0.046875
5803::305::cub_attribute_yes_no_v1,5803,99,305,1,projector.output,32,correct_answer_margin,vision_cls_attention,logit_concept,-0.044270833333333315
5803::305::cub_attribute_yes_no_v1,5803,99,305,1,projector.output,32,raw_yes_minus_no,vision_cls_attention,logit_concept,-0.044270833333333315
5803::306::cub_attribute_yes_no_v1,5803,99,306,0,vision.late,32,correct_answer_margin,vision_cls_attention,logit_concept,-0.5859375
5803::306::cub_attribute_yes_no_v1,5803,99,306,0,vision.late,32,raw_yes_minus_no,vision_cls_attention,logit_concept,0.5859375
5803::306::cub_attribute_yes_no_v1,5803,99,306,0,projector.output,32,correct_answer_margin,vision_cls_attention,logit_concept,-0.36458333333333337
5803::306::cub_attribute_yes_no_v1,5803,99,306,0,projector.output,32,raw_yes_minus_no,vision_cls_attention,logit_concept,0.36458333333333337
5803::309::cub_attribute_yes_no_v1,5803,99,309,1,vision.late,32,correct_answer_margin,vision_cls_attention,logit_concept,-0.2708333333333333
5803::309::cub_attribute_yes_no_v1,5803,99,309,1,vision.late,32,raw_yes_minus_no,vision_cls_attention,logit_concept,-0.2708333333333333
5803::309::cub_attribute_yes_no_v1,5803,99,309,1,projector.output,32,correct_answer_margin,vision_cls_attention,logit_concept,-0.26041666666666663
5803::309::cub_attribute_yes_no_v1,5803,99,309,1,projector.output,32,raw_yes_minus_no,vision_cls_attention,logit_concept,-0.26041666666666663
5803::311::cub_attribute_yes_no_v1,5803,99,311,0,vision.late,32,correct_answer_margin,vision_cls_attention,logit_concept,-2.255208333333333
5803::311::cub_attribute_yes_no_v1,5803,99,311,0,vision.late,32,raw_yes_minus_no,vision_cls_attention,logit_concept,2.255208333333333
5803::311::cub_attribute_yes_no_v1,5803,99,311,0,projector.output,32,correct_answer_margin,vision_cls_attention,logit_concept,-2.3671875
5803::311::cub_attribute_yes_no_v1,5803,99,311,0,projector.output,32,raw_yes_minus_no,vision_cls_attention,logit_concept,2.3671875
5803::96::cub_attribute_yes_no_v1,5803,99,96,0,vision.late,32,correct_answer_margin,vision_cls_attention,logit_concept,-0.796875
5803::96::cub_attribute_yes_no_v1,5803,99,96,0,vision.late,32,raw_yes_minus_no,vision_cls_attention,logit_concept,0.796875
5803::96::cub_attribute_yes_no_v1,5803,99,96,0,projector.output,32,correct_answer_margin,vision_cls_attention,logit_concept,-0.765625
5803::96::cub_attribute_yes_no_v1,5803,99,96,0,projector.output,32,raw_yes_minus_no,vision_cls_attention,logit_concept,0.765625
598::104::cub_attribute_yes_no_v1,598,11,104,1,vision.late,32,correct_answer_margin,vision_cls_attention,logit_concept,-0.10937499999999997
598::104::cub_attribute_yes_no_v1,598,11,104,1,vision.late,32,raw_yes_minus_no,vision_cls_attention,logit_concept,-0.10937499999999997
598::104::cub_attribute_yes_no_v1,598,11,104,1,projector.output,32,correct_answer_margin,vision_cls_attention,logit_concept,-0.11458333333333334
598::104::cub_attribute_yes_no_v1,598,11,104,1,projector.output,32,raw_yes_minus_no,vision_cls_attention,logit_concept,-0.11458333333333334
598::111::cub_attribute_yes_no_v1,598,11,111,1,vision.late,32,correct_answer_margin,vision_cls_attention,logit_concept,-0.26302083333333337
598::111::cub_attribute_yes_no_v1,598,11,111,1,vision.late,32,raw_yes_minus_no,vision_cls_attention,logit_concept,-0.26302083333333337
598::111::cub_attribute_yes_no_v1,598,11,111,1,projector.output,32,correct_answer_margin,vision_cls_attention,logit_concept,-0.32291666666666663
598::111::cub_attribute_yes_no_v1,598,11,111,1,projector.output,32,raw_yes_minus_no,vision_cls_attention,logit_concept,-0.32291666666666663
598::117::cub_attribute_yes_no_v1,598,11,117,0,vision.late,32,correct_answer_margin,vision_cls_attention,logit_concept,-0.19010416666666666
598::117::cub_attribute_yes_no_v1,598,11,117,0,vision.late,32,raw_yes_minus_no,vision_cls_attention,logit_concept,0.19010416666666666
598::117::cub_attribute_yes_no_v1,598,11,117,0,projector.output,32,correct_answer_margin,vision_cls_attention,logit_concept,-0.12239583333333333
598::117::cub_attribute_yes_no_v1,598,11,117,0,projector.output,32,raw_yes_minus_no,vision_cls_attention,logit_concept,0.12239583333333333
598::118::cub_attribute_yes_no_v1,598,11,118,1,vision.late,32,correct_answer_margin,vision_cls_attention,logit_concept,-0.734375
598::118::cub_attribute_yes_no_v1,598,11,118,1,vision.late,32,raw_yes_minus_no,vision_cls_attention,logit_concept,-0.734375
598::118::cub_attribute_yes_no_v1,598,11,118,1,projector.output,32,correct_answer_margin,vision_cls_attention,logit_concept,-0.7291666666666667
598::118::cub_attribute_yes_no_v1,598,11,118,1,projector.output,32,raw_yes_minus_no,vision_cls_attention,logit_concept,-0.7291666666666667
598::295::cub_attribute_yes_no_v1,598,11,295,1,vision.late,32,correct_answer_margin,vision_cls_attention,logit_concept,0.109375
598::295::cub_attribute_yes_no_v1,598,11,295,1,vision.late,32,raw_yes_minus_no,vision_cls_attention,logit_concept,0.109375
598::295::cub_attribute_yes_no_v1,598,11,295,1,projector.output,32,correct_answer_margin,vision_cls_attention,logit_concept,0.12760416666666669
598::295::cub_attribute_yes_no_v1,598,11,295,1,projector.output,32,raw_yes_minus_no,vision_cls_attention,logit_concept,0.12760416666666669
598::299::cub_attribute_yes_no_v1,598,11,299,0,vision.late,32,correct_answer_margin,vision_cls_attention,logit_concept,0.39322916666666663
598::299::cub_attribute_yes_no_v1,598,11,299,0,vision.late,32,raw_yes_minus_no,vision_cls_attention,logit_concept,-0.39322916666666663
598::299::cub_attribute_yes_no_v1,598,11,299,0,projector.output,32,correct_answer_margin,vision_cls_attention,logit_concept,0.4348958333333333
598::299::cub_attribute_yes_no_v1,598,11,299,0,projector.output,32,raw_yes_minus_no,vision_cls_attention,logit_concept,-0.4348958333333333
598::305::cub_attribute_yes_no_v1,598,11,305,0,vision.late,32,correct_answer_margin,vision_cls_attention,logit_concept,0.29166666666666663
598::305::cub_attribute_yes_no_v1,598,11,305,0,vision.late,32,raw_yes_minus_no,vision_cls_attention,logit_concept,-0.29166666666666663
598::305::cub_attribute_yes_no_v1,598,11,305,0,projector.output,32,correct_answer_margin,vision_cls_attention,logit_concept,0.3203125
598::305::cub_attribute_yes_no_v1,598,11,305,0,projector.output,32,raw_yes_minus_no,vision_cls_attention,logit_concept,-0.3203125
598::309::cub_attribute_yes_no_v1,598,11,309,0,vision.late,32,correct_answer_margin,vision_cls_attention,logit_concept,0.2265625
598::309::cub_attribute_yes_no_v1,598,11,309,0,vision.late,32,raw_yes_minus_no,vision_cls_attention,logit_concept,-0.2265625
598::309::cub_attribute_yes_no_v1,598,11,309,0,projector.output,32,correct_answer_margin,vision_cls_attention,logit_concept,0.2578125
598::309::cub_attribute_yes_no_v1,598,11,309,0,projector.output,32,raw_yes_minus_no,vision_cls_attention,logit_concept,-0.2578125
598::311::cub_attribute_yes_no_v1,598,11,311,1,vision.late,32,correct_answer_margin,vision_cls_attention,logit_concept,-0.24218749999999997
598::311::cub_attribute_yes_no_v1,598,11,311,1,vision.late,32,raw_yes_minus_no,vision_cls_attention,logit_concept,-0.24218749999999997
598::311::cub_attribute_yes_no_v1,598,11,311,1,projector.output,32,correct_answer_margin,vision_cls_attention,logit_concept,-0.21354166666666669
598::311::cub_attribute_yes_no_v1,598,11,311,1,projector.output,32,raw_yes_minus_no,vision_cls_attention,logit_concept,-0.21354166666666669
598::312::cub_attribute_yes_no_v1,598,11,312,0,vision.late,32,correct_answer_margin,vision_cls_attention,logit_concept,-0.03385416666666667
598::312::cub_attribute_yes_no_v1,598,11,312,0,vision.late,32,raw_yes_minus_no,vision_cls_attention,logit_concept,0.03385416666666667
598::312::cub_attribute_yes_no_v1,598,11,312,0,projector.output,32,correct_answer_margin,vision_cls_attention,logit_concept,-0.08854166666666667
598::312::cub_attribute_yes_no_v1,598,11,312,0,projector.output,32,raw_yes_minus_no,vision_cls_attention,logit_concept,0.08854166666666667
598::7::cub_attribute_yes_no_v1,598,11,7,1,vision.late,32,correct_answer_margin,vision_cls_attention,logit_concept,-0.11197916666666666
598::7::cub_attribute_yes_no_v1,598,11,7,1,vision.late,32,raw_yes_minus_no,vision_cls_attention,logit_concept,-0.11197916666666666
598::7::cub_attribute_yes_no_v1,598,11,7,1,projector.output,32,correct_answer_margin,vision_cls_attention,logit_concept,-0.08854166666666667
598::7::cub_attribute_yes_no_v1,598,11,7,1,projector.output,32,raw_yes_minus_no,vision_cls_attention,logit_concept,-0.08854166666666667
598::8::cub_attribute_yes_no_v1,598,11,8,0,vision.late,32,correct_answer_margin,vision_cls_attention,logit_concept,-0.010416666666666671
598::8::cub_attribute_yes_no_v1,598,11,8,0,vision.late,32,raw_yes_minus_no,vision_cls_attention,logit_concept,0.010416666666666671
598::8::cub_attribute_yes_no_v1,598,11,8,0,projector.output,32,correct_answer_margin,vision_cls_attention,logit_concept,-3.469446951953614e-18
598::8::cub_attribute_yes_no_v1,598,11,8,0,projector.output,32,raw_yes_minus_no,vision_cls_attention,logit_concept,3.469446951953614e-18
6053::103::cub_attribute_yes_no_v1,6053,104,103,1,vision.late,32,correct_answer_margin,vision_cls_attention,logit_concept,0.0703125
6053::103::cub_attribute_yes_no_v1,6053,104,103,1,vision.late,32,raw_yes_minus_no,vision_cls_attention,logit_concept,0.0703125
6053::103::cub_attribute_yes_no_v1,6053,104,103,1,projector.output,32,correct_answer_margin,vision_cls_attention,logit_concept,0.11718749999999999
6053::103::cub_attribute_yes_no_v1,6053,104,103,1,projector.output,32,raw_yes_minus_no,vision_cls_attention,logit_concept,0.11718749999999999
6053::104::cub_attribute_yes_no_v1,6053,104,104,0,vision.late,32,correct_answer_margin,vision_cls_attention,logit_concept,-0.6640625
6053::104::cub_attribute_yes_no_v1,6053,104,104,0,vision.late,32,raw_yes_minus_no,vision_cls_attention,logit_concept,0.6640625
6053::104::cub_attribute_yes_no_v1,6053,104,104,0,projector.output,32,correct_answer_margin,vision_cls_attention,logit_concept,-0.6744791666666666
6053::104::cub_attribute_yes_no_v1,6053,104,104,0,projector.output,32,raw_yes_minus_no,vision_cls_attention,logit_concept,0.6744791666666666
6053::105::cub_attribute_yes_no_v1,6053,104,105,1,vision.late,32,correct_answer_margin,vision_cls_attention,logit_concept,0.390625
6053::105::cub_attribute_yes_no_v1,6053,104,105,1,vision.late,32,raw_yes_minus_no,vision_cls_attention,logit_concept,0.390625
6053::105::cub_attribute_yes_no_v1,6053,104,105,1,projector.output,32,correct_answer_margin,vision_cls_attention,logit_concept,0.4166666666666667
6053::105::cub_attribute_yes_no_v1,6053,104,105,1,projector.output,32,raw_yes_minus_no,vision_cls_attention,logit_concept,0.4166666666666667
6053::107::cub_attribute_yes_no_v1,6053,104,107,1,vision.late,32,correct_answer_margin,vision_cls_attention,logit_concept,0.046875
6053::107::cub_attribute_yes_no_v1,6053,104,107,1,vision.late,32,raw_yes_minus_no,vision_cls_attention,logit_concept,0.046875
6053::107::cub_attribute_yes_no_v1,6053,104,107,1,projector.output,32,correct_answer_margin,vision_cls_attention,logit_concept,0.04166666666666667
6053::107::cub_attribute_yes_no_v1,6053,104,107,1,projector.output,32,raw_yes_minus_no,vision_cls_attention,logit_concept,0.04166666666666667
6053::117::cub_attribute_yes_no_v1,6053,104,117,0,vision.late,32,correct_answer_margin,vision_cls_attention,logit_concept,0.16927083333333331
6053::117::cub_attribute_yes_no_v1,6053,104,117,0,vision.late,32,raw_yes_minus_no,vision_cls_attention,logit_concept,-0.16927083333333331
6053::117::cub_attribute_yes_no_v1,6053,104,117,0,projector.output,32,correct_answer_margin,vision_cls_attention,logit_concept,0.17447916666666666
6053::117::cub_attribute_yes_no_v1,6053,104,117,0,projector.output,32,raw_yes_minus_no,vision_cls_attention,logit_concept,-0.17447916666666666
6053::118::cub_attribute_yes_no_v1,6053,104,118,0,vision.late,32,correct_answer_margin,vision_cls_attention,logit_concept,0.5390625
6053::118::cub_attribute_yes_no_v1,6053,104,118,0,vision.late,32,raw_yes_minus_no,vision_cls_attention,logit_concept,-0.5390625
6053::118::cub_attribute_yes_no_v1,6053,104,118,0,projector.output,32,correct_answer_margin,vision_cls_attention,logit_concept,0.5338541666666667
6053::118::cub_attribute_yes_no_v1,6053,104,118,0,projector.output,32,raw_yes_minus_no,vision_cls_attention,logit_concept,-0.5338541666666667
6053::120::cub_attribute_yes_no_v1,6053,104,120,1,vision.late,32,correct_answer_margin,vision_cls_attention,logit_concept,0.05208333333333334
6053::120::cub_attribute_yes_no_v1,6053,104,120,1,vision.late,32,raw_yes_minus_no,vision_cls_attention,logit_concept,0.05208333333333334
6053::120::cub_attribute_yes_no_v1,6053,104,120,1,projector.output,32,correct_answer_margin,vision_cls_attention,logit_concept,0.09635416666666667
6053::120::cub_attribute_yes_no_v1,6053,104,120,1,projector.output,32,raw_yes_minus_no,vision_cls_attention,logit_concept,0.09635416666666667
6053::295::cub_attribute_yes_no_v1,6053,104,295,1,vision.late,32,correct_answer_margin,vision_cls_attention,logit_concept,0.203125
6053::295::cub_attribute_yes_no_v1,6053,104,295,1,vision.late,32,raw_yes_minus_no,vision_cls_attention,logit_concept,0.203125
6053::295::cub_attribute_yes_no_v1,6053,104,295,1,projector.output,32,correct_answer_margin,vision_cls_attention,logit_concept,0.14583333333333334
6053::295::cub_attribute_yes_no_v1,6053,104,295,1,projector.output,32,raw_yes_minus_no,vision_cls_attention,logit_concept,0.14583333333333334
6053::305::cub_attribute_yes_no_v1,6053,104,305,0,vision.late,32,correct_answer_margin,vision_cls_attention,logit_concept,-0.05729166666666667
6053::305::cub_attribute_yes_no_v1,6053,104,305,0,vision.late,32,raw_yes_minus_no,vision_cls_attention,logit_concept,0.05729166666666667
6053::305::cub_attribute_yes_no_v1,6053,104,305,0,projector.output,32,correct_answer_margin,vision_cls_attention,logit_concept,-0.05208333333333334
6053::305::cub_attribute_yes_no_v1,6053,104,305,0,projector.output,32,raw_yes_minus_no,vision_cls_attention,logit_concept,0.05208333333333334
6053::308::cub_attribute_yes_no_v1,6053,104,308,0,vision.late,32,correct_answer_margin,vision_cls_attention,logit_concept,-0.23177083333333331
6053::308::cub_attribute_yes_no_v1,6053,104,308,0,vision.late,32,raw_yes_minus_no,vision_cls_attention,logit_concept,0.23177083333333331
6053::308::cub_attribute_yes_no_v1,6053,104,308,0,projector.output,32,correct_answer_margin,vision_cls_attention,logit_concept,-0.2265625
6053::308::cub_attribute_yes_no_v1,6053,104,308,0,projector.output,32,raw_yes_minus_no,vision_cls_attention,logit_concept,0.2265625
6053::311::cub_attribute_yes_no_v1,6053,104,311,1,vision.late,32,correct_answer_margin,vision_cls_attention,logit_concept,0.4505208333333333
6053::311::cub_attribute_yes_no_v1,6053,104,311,1,vision.late,32,raw_yes_minus_no,vision_cls_attention,logit_concept,0.4505208333333333
6053::311::cub_attribute_yes_no_v1,6053,104,311,1,projector.output,32,correct_answer_margin,vision_cls_attention,logit_concept,0.5703125
6053::311::cub_attribute_yes_no_v1,6053,104,311,1,projector.output,32,raw_yes_minus_no,vision_cls_attention,logit_concept,0.5703125
6053::312::cub_attribute_yes_no_v1,6053,104,312,0,vision.late,32,correct_answer_margin,vision_cls_attention,logit_concept,-0.7421875
6053::312::cub_attribute_yes_no_v1,6053,104,312,0,vision.late,32,raw_yes_minus_no,vision_cls_attention,logit_concept,0.7421875
6053::312::cub_attribute_yes_no_v1,6053,104,312,0,projector.output,32,correct_answer_margin,vision_cls_attention,logit_concept,-0.7734375
6053::312::cub_attribute_yes_no_v1,6053,104,312,0,projector.output,32,raw_yes_minus_no,vision_cls_attention,logit_concept,0.7734375
6053::7::cub_attribute_yes_no_v1,6053,104,7,1,vision.late,32,correct_answer_margin,vision_cls_attention,logit_concept,-0.015625
6053::7::cub_attribute_yes_no_v1,6053,104,7,1,vision.late,32,raw_yes_minus_no,vision_cls_attention,logit_concept,-0.015625
6053::7::cub_attribute_yes_no_v1,6053,104,7,1,projector.output,32,correct_answer_margin,vision_cls_attention,logit_concept,-0.007812499999999998
6053::7::cub_attribute_yes_no_v1,6053,104,7,1,projector.output,32,raw_yes_minus_no,vision_cls_attention,logit_concept,-0.007812499999999998
6053::8::cub_attribute_yes_no_v1,6053,104,8,0,vision.late,32,correct_answer_margin,vision_cls_attention,logit_concept,-0.018229166666666657
6053::8::cub_attribute_yes_no_v1,6053,104,8,0,vision.late,32,raw_yes_minus_no,vision_cls_attention,logit_concept,0.018229166666666657
6053::8::cub_attribute_yes_no_v1,6053,104,8,0,projector.output,32,correct_answer_margin,vision_cls_attention,logit_concept,-0.0546875
6053::8::cub_attribute_yes_no_v1,6053,104,8,0,projector.output,32,raw_yes_minus_no,vision_cls_attention,logit_concept,0.0546875
6053::96::cub_attribute_yes_no_v1,6053,104,96,1,vision.late,32,correct_answer_margin,vision_cls_attention,logit_concept,0.4739583333333333
6053::96::cub_attribute_yes_no_v1,6053,104,96,1,vision.late,32,raw_yes_minus_no,vision_cls_attention,logit_concept,0.4739583333333333
6053::96::cub_attribute_yes_no_v1,6053,104,96,1,projector.output,32,correct_answer_margin,vision_cls_attention,logit_concept,0.4036458333333333
6053::96::cub_attribute_yes_no_v1,6053,104,96,1,projector.output,32,raw_yes_minus_no,vision_cls_attention,logit_concept,0.4036458333333333
6066::295::cub_attribute_yes_no_v1,6066,104,295,1,vision.late,32,correct_answer_margin,vision_cls_attention,logit_concept,-0.19270833333333334
6066::295::cub_attribute_yes_no_v1,6066,104,295,1,vision.late,32,raw_yes_minus_no,vision_cls_attention,logit_concept,-0.19270833333333334
6066::295::cub_attribute_yes_no_v1,6066,104,295,1,projector.output,32,correct_answer_margin,vision_cls_attention,logit_concept,-0.11197916666666666
6066::295::cub_attribute_yes_no_v1,6066,104,295,1,projector.output,32,raw_yes_minus_no,vision_cls_attention,logit_concept,-0.11197916666666666
6066::308::cub_attribute_yes_no_v1,6066,104,308,1,vision.late,32,correct_answer_margin,vision_cls_attention,logit_concept,-0.09375
6066::308::cub_attribute_yes_no_v1,6066,104,308,1,vision.late,32,raw_yes_minus_no,vision_cls_attention,logit_concept,-0.09375
6066::308::cub_attribute_yes_no_v1,6066,104,308,1,projector.output,32,correct_answer_margin,vision_cls_attention,logit_concept,-0.010416666666666664
6066::308::cub_attribute_yes_no_v1,6066,104,308,1,projector.output,32,raw_yes_minus_no,vision_cls_attention,logit_concept,-0.010416666666666664
6066::7::cub_attribute_yes_no_v1,6066,104,7,1,vision.late,32,correct_answer_margin,vision_cls_attention,logit_concept,-0.13020833333333334
6066::7::cub_attribute_yes_no_v1,6066,104,7,1,vision.late,32,raw_yes_minus_no,vision_cls_attention,logit_concept,-0.13020833333333334
6066::7::cub_attribute_yes_no_v1,6066,104,7,1,projector.output,32,correct_answer_margin,vision_cls_attention,logit_concept,-0.109375
6066::7::cub_attribute_yes_no_v1,6066,104,7,1,projector.output,32,raw_yes_minus_no,vision_cls_attention,logit_concept,-0.109375
6080::102::cub_attribute_yes_no_v1,6080,104,102,1,vision.late,32,correct_answer_margin,vision_cls_attention,logit_concept,-0.3307291666666667
6080::102::cub_attribute_yes_no_v1,6080,104,102,1,vision.late,32,raw_yes_minus_no,vision_cls_attention,logit_concept,-0.3307291666666667
6080::102::cub_attribute_yes_no_v1,6080,104,102,1,projector.output,32,correct_answer_margin,vision_cls_attention,logit_concept,-0.34114583333333337
6080::102::cub_attribute_yes_no_v1,6080,104,102,1,projector.output,32,raw_yes_minus_no,vision_cls_attention,logit_concept,-0.34114583333333337
6080::107::cub_attribute_yes_no_v1,6080,104,107,1,vision.late,32,correct_answer_margin,vision_cls_attention,logit_concept,0.11718750000000003
6080::107::cub_attribute_yes_no_v1,6080,104,107,1,vision.late,32,raw_yes_minus_no,vision_cls_attention,logit_concept,0.11718750000000003
6080::107::cub_attribute_yes_no_v1,6080,104,107,1,projector.output,32,correct_answer_margin,vision_cls_attention,logit_concept,0.109375
6080::107::cub_attribute_yes_no_v1,6080,104,107,1,projector.output,32,raw_yes_minus_no,vision_cls_attention,logit_concept,0.109375
6080::111::cub_attribute_yes_no_v1,6080,104,111,0,vision.late,32,correct_answer_margin,vision_cls_attention,logit_concept,-0.0859375
6080::111::cub_attribute_yes_no_v1,6080,104,111,0,vision.late,32,raw_yes_minus_no,vision_cls_attention,logit_concept,0.0859375
6080::111::cub_attribute_yes_no_v1,6080,104,111,0,projector.output,32,correct_answer_margin,vision_cls_attention,logit_concept,0.10677083333333334
6080::111::cub_attribute_yes_no_v1,6080,104,111,0,projector.output,32,raw_yes_minus_no,vision_cls_attention,logit_concept,-0.10677083333333334
6080::117::cub_attribute_yes_no_v1,6080,104,117,0,vision.late,32,correct_answer_margin,vision_cls_attention,logit_concept,0.20312499999999997
6080::117::cub_attribute_yes_no_v1,6080,104,117,0,vision.late,32,raw_yes_minus_no,vision_cls_attention,logit_concept,-0.20312499999999997
6080::117::cub_attribute_yes_no_v1,6080,104,117,0,projector.output,32,correct_answer_margin,vision_cls_attention,logit_concept,0.19010416666666666
6080::117::cub_attribute_yes_no_v1,6080,104,117,0,projector.output,32,raw_yes_minus_no,vision_cls_attention,logit_concept,-0.19010416666666666
6080::118::cub_attribute_yes_no_v1,6080,104,118,1,vision.late,32,correct_answer_margin,vision_cls_attention,logit_concept,-0.41406250000000006
6080::118::cub_attribute_yes_no_v1,6080,104,118,1,vision.late,32,raw_yes_minus_no,vision_cls_attention,logit_concept,-0.41406250000000006
6080::118::cub_attribute_yes_no_v1,6080,104,118,1,projector.output,32,correct_answer_margin,vision_cls_attention,logit_concept,-0.46875
6080::118::cub_attribute_yes_no_v1,6080,104,118,1,projector.output,32,raw_yes_minus_no,vision_cls_attention,logit_concept,-0.46875
6080::295::cub_attribute_yes_no_v1,6080,104,295,0,vision.late,32,correct_answer_margin,vision_cls_attention,logit_concept,-0.1484375
6080::295::cub_attribute_yes_no_v1,6080,104,295,0,vision.late,32,raw_yes_minus_no,vision_cls_attention,logit_concept,0.1484375
6080::295::cub_attribute_yes_no_v1,6080,104,295,0,projector.output,32,correct_answer_margin,vision_cls_attention,logit_concept,-0.18489583333333334
6080::295::cub_attribute_yes_no_v1,6080,104,295,0,projector.output,32,raw_yes_minus_no,vision_cls_attention,logit_concept,0.18489583333333334
6080::299::cub_attribute_yes_no_v1,6080,104,299,1,vision.late,32,correct_answer_margin,vision_cls_attention,logit_concept,0.07812500000000001
6080::299::cub_attribute_yes_no_v1,6080,104,299,1,vision.late,32,raw_yes_minus_no,vision_cls_attention,logit_concept,0.07812500000000001
6080::299::cub_attribute_yes_no_v1,6080,104,299,1,projector.output,32,correct_answer_margin,vision_cls_attention,logit_concept,-0.06770833333333334
6080::299::cub_attribute_yes_no_v1,6080,104,299,1,projector.output,32,raw_yes_minus_no,vision_cls_attention,logit_concept,-0.06770833333333334
6080::311::cub_attribute_yes_no_v1,6080,104,311,0,vision.late,32,correct_answer_margin,vision_cls_attention,logit_concept,-0.640625
6080::311::cub_attribute_yes_no_v1,6080,104,311,0,vision.late,32,raw_yes_minus_no,vision_cls_attention,logit_concept,0.640625
6080::311::cub_attribute_yes_no_v1,6080,104,311,0,projector.output,32,correct_answer_margin,vision_cls_attention,logit_concept,-0.6875
6080::311::cub_attribute_yes_no_v1,6080,104,311,0,projector.output,32,raw_yes_minus_no,vision_cls_attention,logit_concept,0.6875
6080::312::cub_attribute_yes_no_v1,6080,104,312,1,vision.late,32,correct_answer_margin,vision_cls_attention,logit_concept,0.1328125
6080::312::cub_attribute_yes_no_v1,6080,104,312,1,vision.late,32,raw_yes_minus_no,vision_cls_attention,logit_concept,0.1328125
6080::312::cub_attribute_yes_no_v1,6080,104,312,1,projector.output,32,correct_answer_margin,vision_cls_attention,logit_concept,0.11979166666666667
6080::312::cub_attribute_yes_no_v1,6080,104,312,1,projector.output,32,raw_yes_minus_no,vision_cls_attention,logit_concept,0.11979166666666667
6080::7::cub_attribute_yes_no_v1,6080,104,7,1,vision.late,32,correct_answer_margin,vision_cls_attention,logit_concept,0.08072916666666666
6080::7::cub_attribute_yes_no_v1,6080,104,7,1,vision.late,32,raw_yes_minus_no,vision_cls_attention,logit_concept,0.08072916666666666
6080::7::cub_attribute_yes_no_v1,6080,104,7,1,projector.output,32,correct_answer_margin,vision_cls_attention,logit_concept,0.13541666666666666
6080::7::cub_attribute_yes_no_v1,6080,104,7,1,projector.output,32,raw_yes_minus_no,vision_cls_attention,logit_concept,0.13541666666666666
6088::100::cub_attribute_yes_no_v1,6088,104,100,1,vision.late,32,correct_answer_margin,vision_cls_attention,logit_concept,0.1171875
6088::100::cub_attribute_yes_no_v1,6088,104,100,1,vision.late,32,raw_yes_minus_no,vision_cls_attention,logit_concept,0.1171875
6088::100::cub_attribute_yes_no_v1,6088,104,100,1,projector.output,32,correct_answer_margin,vision_cls_attention,logit_concept,0.13802083333333334
6088::100::cub_attribute_yes_no_v1,6088,104,100,1,projector.output,32,raw_yes_minus_no,vision_cls_attention,logit_concept,0.13802083333333334
6088::101::cub_attribute_yes_no_v1,6088,104,101,0,vision.late,32,correct_answer_margin,vision_cls_attention,logit_concept,-0.6848958333333334
6088::101::cub_attribute_yes_no_v1,6088,104,101,0,vision.late,32,raw_yes_minus_no,vision_cls_attention,logit_concept,0.6848958333333334
6088::101::cub_attribute_yes_no_v1,6088,104,101,0,projector.output,32,correct_answer_margin,vision_cls_attention,logit_concept,-0.6848958333333334
6088::101::cub_attribute_yes_no_v1,6088,104,101,0,projector.output,32,raw_yes_minus_no,vision_cls_attention,logit_concept,0.6848958333333334
6088::111::cub_attribute_yes_no_v1,6088,104,111,1,vision.late,32,correct_answer_margin,vision_cls_attention,logit_concept,-0.1015625
6088::111::cub_attribute_yes_no_v1,6088,104,111,1,vision.late,32,raw_yes_minus_no,vision_cls_attention,logit_concept,-0.1015625
6088::111::cub_attribute_yes_no_v1,6088,104,111,1,projector.output,32,correct_answer_margin,vision_cls_attention,logit_concept,-0.059895833333333336
6088::111::cub_attribute_yes_no_v1,6088,104,111,1,projector.output,32,raw_yes_minus_no,vision_cls_attention,logit_concept,-0.059895833333333336
6088::118::cub_attribute_yes_no_v1,6088,104,118,0,vision.late,32,correct_answer_margin,vision_cls_attention,logit_concept,0.18489583333333334
6088::118::cub_attribute_yes_no_v1,6088,104,118,0,vision.late,32,raw_yes_minus_no,vision_cls_attention,logit_concept,-0.18489583333333334
6088::118::cub_attribute_yes_no_v1,6088,104,118,0,projector.output,32,correct_answer_margin,vision_cls_attention,logit_concept,0.19270833333333334
6088::118::cub_attribute_yes_no_v1,6088,104,118,0,projector.output,32,raw_yes_minus_no,vision_cls_attention,logit_concept,-0.19270833333333334
6088::120::cub_attribute_yes_no_v1,6088,104,120,1,vision.late,32,correct_answer_margin,vision_cls_attention,logit_concept,0.05729166666666666
6088::120::cub_attribute_yes_no_v1,6088,104,120,1,vision.late,32,raw_yes_minus_no,vision_cls_attention,logit_concept,0.05729166666666666
6088::120::cub_attribute_yes_no_v1,6088,104,120,1,projector.output,32,correct_answer_margin,vision_cls_attention,logit_concept,0.06510416666666666
6088::120::cub_attribute_yes_no_v1,6088,104,120,1,projector.output,32,raw_yes_minus_no,vision_cls_attention,logit_concept,0.06510416666666666
6088::295::cub_attribute_yes_no_v1,6088,104,295,0,vision.late,32,correct_answer_margin,vision_cls_attention,logit_concept,0.15625
6088::295::cub_attribute_yes_no_v1,6088,104,295,0,vision.late,32,raw_yes_minus_no,vision_cls_attention,logit_concept,-0.15625
6088::295::cub_attribute_yes_no_v1,6088,104,295,0,projector.output,32,correct_answer_margin,vision_cls_attention,logit_concept,0.14322916666666666
6088::295::cub_attribute_yes_no_v1,6088,104,295,0,projector.output,32,raw_yes_minus_no,vision_cls_attention,logit_concept,-0.14322916666666666
6088::299::cub_attribute_yes_no_v1,6088,104,299,1,vision.late,32,correct_answer_margin,vision_cls_attention,logit_concept,-0.27083333333333337
6088::299::cub_attribute_yes_no_v1,6088,104,299,1,vision.late,32,raw_yes_minus_no,vision_cls_attention,logit_concept,-0.27083333333333337
6088::299::cub_attribute_yes_no_v1,6088,104,299,1,projector.output,32,correct_answer_margin,vision_cls_attention,logit_concept,-0.24479166666666666
6088::299::cub_attribute_yes_no_v1,6088,104,299,1,projector.output,32,raw_yes_minus_no,vision_cls_attention,logit_concept,-0.24479166666666666
6088::311::cub_attribute_yes_no_v1,6088,104,311,1,vision.late,32,correct_answer_margin,vision_cls_attention,logit_concept,0.02083333333333333
6088::311::cub_attribute_yes_no_v1,6088,104,311,1,vision.late,32,raw_yes_minus_no,vision_cls_attention,logit_concept,0.02083333333333333
6088::311::cub_attribute_yes_no_v1,6088,104,311,1,projector.output,32,correct_answer_margin,vision_cls_attention,logit_concept,0.046875
6088::311::cub_attribute_yes_no_v1,6088,104,311,1,projector.output,32,raw_yes_minus_no,vision_cls_attention,logit_concept,0.046875
6088::7::cub_attribute_yes_no_v1,6088,104,7,1,vision.late,32,correct_answer_margin,vision_cls_attention,logit_concept,-0.15625
6088::7::cub_attribute_yes_no_v1,6088,104,7,1,vision.late,32,raw_yes_minus_no,vision_cls_attention,logit_concept,-0.15625
6088::7::cub_attribute_yes_no_v1,6088,104,7,1,projector.output,32,correct_answer_margin,vision_cls_attention,logit_concept,-0.16666666666666669
6088::7::cub_attribute_yes_no_v1,6088,104,7,1,projector.output,32,raw_yes_minus_no,vision_cls_attention,logit_concept,-0.16666666666666669
6088::8::cub_attribute_yes_no_v1,6088,104,8,0,vision.late,32,correct_answer_margin,vision_cls_attention,logit_concept,0.4140625
6088::8::cub_attribute_yes_no_v1,6088,104,8,0,vision.late,32,raw_yes_minus_no,vision_cls_attention,logit_concept,-0.4140625
6088::8::cub_attribute_yes_no_v1,6088,104,8,0,projector.output,32,correct_answer_margin,vision_cls_attention,logit_concept,0.3984375
6088::8::cub_attribute_yes_no_v1,6088,104,8,0,projector.output,32,raw_yes_minus_no,vision_cls_attention,logit_concept,-0.3984375
6265::102::cub_attribute_yes_no_v1,6265,108,102,1,vision.late,32,correct_answer_margin,vision_cls_attention,logit_concept,0.05208333333333333
6265::102::cub_attribute_yes_no_v1,6265,108,102,1,vision.late,32,raw_yes_minus_no,vision_cls_attention,logit_concept,0.05208333333333333
6265::102::cub_attribute_yes_no_v1,6265,108,102,1,projector.output,32,correct_answer_margin,vision_cls_attention,logit_concept,0.08072916666666666
6265::102::cub_attribute_yes_no_v1,6265,108,102,1,projector.output,32,raw_yes_minus_no,vision_cls_attention,logit_concept,0.08072916666666666
6265::103::cub_attribute_yes_no_v1,6265,108,103,0,vision.late,32,correct_answer_margin,vision_cls_attention,logit_concept,-0.04947916666666668
6265::103::cub_attribute_yes_no_v1,6265,108,103,0,vision.late,32,raw_yes_minus_no,vision_cls_attention,logit_concept,0.04947916666666668
6265::103::cub_attribute_yes_no_v1,6265,108,103,0,projector.output,32,correct_answer_margin,vision_cls_attention,logit_concept,-0.052083333333333336
6265::103::cub_attribute_yes_no_v1,6265,108,103,0,projector.output,32,raw_yes_minus_no,vision_cls_attention,logit_concept,0.052083333333333336
6265::111::cub_attribute_yes_no_v1,6265,108,111,0,vision.late,32,correct_answer_margin,vision_cls_attention,logit_concept,0.15364583333333334
6265::111::cub_attribute_yes_no_v1,6265,108,111,0,vision.late,32,raw_yes_minus_no,vision_cls_attention,logit_concept,-0.15364583333333334
6265::111::cub_attribute_yes_no_v1,6265,108,111,0,projector.output,32,correct_answer_margin,vision_cls_attention,logit_concept,0.14583333333333334
6265::111::cub_attribute_yes_no_v1,6265,108,111,0,projector.output,32,raw_yes_minus_no,vision_cls_attention,logit_concept,-0.14583333333333334
6265::117::cub_attribute_yes_no_v1,6265,108,117,1,vision.late,32,correct_answer_margin,vision_cls_attention,logit_concept,-0.3125
6265::117::cub_attribute_yes_no_v1,6265,108,117,1,vision.late,32,raw_yes_minus_no,vision_cls_attention,logit_concept,-0.3125
6265::117::cub_attribute_yes_no_v1,6265,108,117,1,projector.output,32,correct_answer_margin,vision_cls_attention,logit_concept,-0.27864583333333337
6265::117::cub_attribute_yes_no_v1,6265,108,117,1,projector.output,32,raw_yes_minus_no,vision_cls_attention,logit_concept,-0.27864583333333337
6265::118::cub_attribute_yes_no_v1,6265,108,118,0,vision.late,32,correct_answer_margin,vision_cls_attention,logit_concept,0.26041666666666663
6265::118::cub_attribute_yes_no_v1,6265,108,118,0,vision.late,32,raw_yes_minus_no,vision_cls_attention,logit_concept,-0.26041666666666663
6265::118::cub_attribute_yes_no_v1,6265,108,118,0,projector.output,32,correct_answer_margin,vision_cls_attention,logit_concept,0.2682291666666667
6265::118::cub_attribute_yes_no_v1,6265,108,118,0,projector.output,32,raw_yes_minus_no,vision_cls_attention,logit_concept,-0.2682291666666667
6265::120::cub_attribute_yes_no_v1,6265,108,120,0,vision.late,32,correct_answer_margin,vision_cls_attention,logit_concept,-0.18489583333333334
6265::120::cub_attribute_yes_no_v1,6265,108,120,0,vision.late,32,raw_yes_minus_no,vision_cls_attention,logit_concept,0.18489583333333334
6265::120::cub_attribute_yes_no_v1,6265,108,120,0,projector.output,32,correct_answer_margin,vision_cls_attention,logit_concept,-0.1796875
6265::120::cub_attribute_yes_no_v1,6265,108,120,0,projector.output,32,raw_yes_minus_no,vision_cls_attention,logit_concept,0.1796875
6265::305::cub_attribute_yes_no_v1,6265,108,305,1,vision.late,32,correct_answer_margin,vision_cls_attention,logit_concept,0.6145833333333333
6265::305::cub_attribute_yes_no_v1,6265,108,305,1,vision.late,32,raw_yes_minus_no,vision_cls_attention,logit_concept,0.6145833333333333
6265::305::cub_attribute_yes_no_v1,6265,108,305,1,projector.output,32,correct_answer_margin,vision_cls_attention,logit_concept,0.7135416666666666
6265::305::cub_attribute_yes_no_v1,6265,108,305,1,projector.output,32,raw_yes_minus_no,vision_cls_attention,logit_concept,0.7135416666666666
6265::308::cub_attribute_yes_no_v1,6265,108,308,0,vision.late,32,correct_answer_margin,vision_cls_attention,logit_concept,-0.125
6265::308::cub_attribute_yes_no_v1,6265,108,308,0,vision.late,32,raw_yes_minus_no,vision_cls_attention,logit_concept,0.125
6265::308::cub_attribute_yes_no_v1,6265,108,308,0,projector.output,32,correct_answer_margin,vision_cls_attention,logit_concept,-0.1328125
6265::308::cub_attribute_yes_no_v1,6265,108,308,0,projector.output,32,raw_yes_minus_no,vision_cls_attention,logit_concept,0.1328125
6265::309::cub_attribute_yes_no_v1,6265,108,309,1,vision.late,32,correct_answer_margin,vision_cls_attention,logit_concept,0.015625
6265::309::cub_attribute_yes_no_v1,6265,108,309,1,vision.late,32,raw_yes_minus_no,vision_cls_attention,logit_concept,0.015625
6265::309::cub_attribute_yes_no_v1,6265,108,309,1,projector.output,32,correct_answer_margin,vision_cls_attention,logit_concept,0.005208333333333336
6265::309::cub_attribute_yes_no_v1,6265,108,309,1,projector.output,32,raw_yes_minus_no,vision_cls_attention,logit_concept,0.005208333333333336
6265::311::cub_attribute_yes_no_v1,6265,108,311,0,vision.late,32,correct_answer_margin,vision_cls_attention,logit_concept,0.2708333333333333
6265::311::cub_attribute_yes_no_v1,6265,108,311,0,vision.late,32,raw_yes_minus_no,vision_cls_attention,logit_concept,-0.2708333333333333
6265::311::cub_attribute_yes_no_v1,6265,108,311,0,projector.output,32,correct_answer_margin,vision_cls_attention,logit_concept,0.32552083333333326
6265::311::cub_attribute_yes_no_v1,6265,108,311,0,projector.output,32,raw_yes_minus_no,vision_cls_attention,logit_concept,-0.32552083333333326
6265::312::cub_attribute_yes_no_v1,6265,108,312,0,vision.late,32,correct_answer_margin,vision_cls_attention,logit_concept,-0.33333333333333337
6265::312::cub_attribute_yes_no_v1,6265,108,312,0,vision.late,32,raw_yes_minus_no,vision_cls_attention,logit_concept,0.33333333333333337
6265::312::cub_attribute_yes_no_v1,6265,108,312,0,projector.output,32,correct_answer_margin,vision_cls_attention,logit_concept,-0.3046875
6265::312::cub_attribute_yes_no_v1,6265,108,312,0,projector.output,32,raw_yes_minus_no,vision_cls_attention,logit_concept,0.3046875
6309::102::cub_attribute_yes_no_v1,6309,108,102,1,vision.late,32,correct_answer_margin,vision_cls_attention,logit_concept,-0.140625
6309::102::cub_attribute_yes_no_v1,6309,108,102,1,vision.late,32,raw_yes_minus_no,vision_cls_attention,logit_concept,-0.140625
6309::102::cub_attribute_yes_no_v1,6309,108,102,1,projector.output,32,correct_answer_margin,vision_cls_attention,logit_concept,-0.203125
6309::102::cub_attribute_yes_no_v1,6309,108,102,1,projector.output,32,raw_yes_minus_no,vision_cls_attention,logit_concept,-0.203125
6309::104::cub_attribute_yes_no_v1,6309,108,104,0,vision.late,32,correct_answer_margin,vision_cls_attention,logit_concept,0.0
6309::104::cub_attribute_yes_no_v1,6309,108,104,0,vision.late,32,raw_yes_minus_no,vision_cls_attention,logit_concept,0.0
6309::104::cub_attribute_yes_no_v1,6309,108,104,0,projector.output,32,correct_answer_margin,vision_cls_attention,logit_concept,0.0234375
6309::104::cub_attribute_yes_no_v1,6309,108,104,0,projector.output,32,raw_yes_minus_no,vision_cls_attention,logit_concept,-0.0234375
6309::295::cub_attribute_yes_no_v1,6309,108,295,0,vision.late,32,correct_answer_margin,vision_cls_attention,logit_concept,0.044270833333333336
6309::295::cub_attribute_yes_no_v1,6309,108,295,0,vision.late,32,raw_yes_minus_no,vision_cls_attention,logit_concept,-0.044270833333333336
6309::295::cub_attribute_yes_no_v1,6309,108,295,0,projector.output,32,correct_answer_margin,vision_cls_attention,logit_concept,0.05989583333333333
6309::295::cub_attribute_yes_no_v1,6309,108,295,0,projector.output,32,raw_yes_minus_no,vision_cls_attention,logit_concept,-0.05989583333333333
6309::305::cub_attribute_yes_no_v1,6309,108,305,1,vision.late,32,correct_answer_margin,vision_cls_attention,logit_concept,-0.1484375
6309::305::cub_attribute_yes_no_v1,6309,108,305,1,vision.late,32,raw_yes_minus_no,vision_cls_attention,logit_concept,-0.1484375
6309::305::cub_attribute_yes_no_v1,6309,108,305,1,projector.output,32,correct_answer_margin,vision_cls_attention,logit_concept,-0.08072916666666667
6309::305::cub_attribute_yes_no_v1,6309,108,305,1,projector.output,32,raw_yes_minus_no,vision_cls_attention,logit_concept,-0.08072916666666667
6309::309::cub_attribute_yes_no_v1,6309,108,309,1,vision.late,32,correct_answer_margin,vision_cls_attention,logit_concept,-0.27604166666666663
6309::309::cub_attribute_yes_no_v1,6309,108,309,1,vision.late,32,raw_yes_minus_no,vision_cls_attention,logit_concept,-0.27604166666666663
6309::309::cub_attribute_yes_no_v1,6309,108,309,1,projector.output,32,correct_answer_margin,vision_cls_attention,logit_concept,-0.2760416666666667
6309::309::cub_attribute_yes_no_v1,6309,108,309,1,projector.output,32,raw_yes_minus_no,vision_cls_attention,logit_concept,-0.2760416666666667
6309::311::cub_attribute_yes_no_v1,6309,108,311,0,vision.late,32,correct_answer_margin,vision_cls_attention,logit_concept,0.0546875
6309::311::cub_attribute_yes_no_v1,6309,108,311,0,vision.late,32,raw_yes_minus_no,vision_cls_attention,logit_concept,-0.0546875
6309::311::cub_attribute_yes_no_v1,6309,108,311,0,projector.output,32,correct_answer_margin,vision_cls_attention,logit_concept,-0.018229166666666664
6309::311::cub_attribute_yes_no_v1,6309,108,311,0,projector.output,32,raw_yes_minus_no,vision_cls_attention,logit_concept,0.018229166666666664
6309::7::cub_attribute_yes_no_v1,6309,108,7,1,vision.late,32,correct_answer_margin,vision_cls_attention,logit_concept,0.23177083333333331
6309::7::cub_attribute_yes_no_v1,6309,108,7,1,vision.late,32,raw_yes_minus_no,vision_cls_attention,logit_concept,0.23177083333333331
6309::7::cub_attribute_yes_no_v1,6309,108,7,1,projector.output,32,correct_answer_margin,vision_cls_attention,logit_concept,0.30208333333333337
6309::7::cub_attribute_yes_no_v1,6309,108,7,1,projector.output,32,raw_yes_minus_no,vision_cls_attention,logit_concept,0.30208333333333337
6316::117::cub_attribute_yes_no_v1,6316,108,117,1,vision.late,32,correct_answer_margin,vision_cls_attention,logit_concept,-0.2421875
6316::117::cub_attribute_yes_no_v1,6316,108,117,1,vision.late,32,raw_yes_minus_no,vision_cls_attention,logit_concept,-0.2421875
6316::117::cub_attribute_yes_no_v1,6316,108,117,1,projector.output,32,correct_answer_margin,vision_cls_attention,logit_concept,-0.18229166666666666
6316::117::cub_attribute_yes_no_v1,6316,108,117,1,projector.output,32,raw_yes_minus_no,vision_cls_attention,logit_concept,-0.18229166666666666
6316::118::cub_attribute_yes_no_v1,6316,108,118,0,vision.late,32,correct_answer_margin,vision_cls_attention,logit_concept,-0.8098958333333333
6316::118::cub_attribute_yes_no_v1,6316,108,118,0,vision.late,32,raw_yes_minus_no,vision_cls_attention,logit_concept,0.8098958333333333
6316::118::cub_attribute_yes_no_v1,6316,108,118,0,projector.output,32,correct_answer_margin,vision_cls_attention,logit_concept,-0.8411458333333333
6316::118::cub_attribute_yes_no_v1,6316,108,118,0,projector.output,32,raw_yes_minus_no,vision_cls_attention,logit_concept,0.8411458333333333
6316::305::cub_attribute_yes_no_v1,6316,108,305,1,vision.late,32,correct_answer_margin,vision_cls_attention,logit_concept,0.8489583333333333
6316::305::cub_attribute_yes_no_v1,6316,108,305,1,vision.late,32,raw_yes_minus_no,vision_cls_attention,logit_concept,0.8489583333333333
6316::305::cub_attribute_yes_no_v1,6316,108,305,1,projector.output,32,correct_answer_margin,vision_cls_attention,logit_concept,1.0
6316::305::cub_attribute_yes_no_v1,6316,108,305,1,projector.output,32,raw_yes_minus_no,vision_cls_attention,logit_concept,1.0
6316::309::cub_attribute_yes_no_v1,6316,108,309,1,vision.late,32,correct_answer_margin,vision_cls_attention,logit_concept,0.026041666666666664
6316::309::cub_attribute_yes_no_v1,6316,108,309,1,vision.late,32,raw_yes_minus_no,vision_cls_attention,logit_concept,0.026041666666666664
6316::309::cub_attribute_yes_no_v1,6316,108,309,1,projector.output,32,correct_answer_margin,vision_cls_attention,logit_concept,0.0390625
6316::309::cub_attribute_yes_no_v1,6316,108,309,1,projector.output,32,raw_yes_minus_no,vision_cls_attention,logit_concept,0.0390625
6316::311::cub_attribute_yes_no_v1,6316,108,311,0,vision.late,32,correct_answer_margin,vision_cls_attention,logit_concept,-0.046875000000000056
6316::311::cub_attribute_yes_no_v1,6316,108,311,0,vision.late,32,raw_yes_minus_no,vision_cls_attention,logit_concept,0.046875000000000056
6316::311::cub_attribute_yes_no_v1,6316,108,311,0,projector.output,32,correct_answer_margin,vision_cls_attention,logit_concept,-0.041666666666666685
6316::311::cub_attribute_yes_no_v1,6316,108,311,0,projector.output,32,raw_yes_minus_no,vision_cls_attention,logit_concept,0.041666666666666685
6316::7::cub_attribute_yes_no_v1,6316,108,7,0,vision.late,32,correct_answer_margin,vision_cls_attention,logit_concept,-0.24739583333333334
6316::7::cub_attribute_yes_no_v1,6316,108,7,0,vision.late,32,raw_yes_minus_no,vision_cls_attention,logit_concept,0.24739583333333334
6316::7::cub_attribute_yes_no_v1,6316,108,7,0,projector.output,32,correct_answer_margin,vision_cls_attention,logit_concept,-0.24739583333333331
6316::7::cub_attribute_yes_no_v1,6316,108,7,0,projector.output,32,raw_yes_minus_no,vision_cls_attention,logit_concept,0.24739583333333331
6316::8::cub_attribute_yes_no_v1,6316,108,8,1,vision.late,32,correct_answer_margin,vision_cls_attention,logit_concept,0.1484375
6316::8::cub_attribute_yes_no_v1,6316,108,8,1,vision.late,32,raw_yes_minus_no,vision_cls_attention,logit_concept,0.1484375
6316::8::cub_attribute_yes_no_v1,6316,108,8,1,projector.output,32,correct_answer_margin,vision_cls_attention,logit_concept,0.17708333333333331
6316::8::cub_attribute_yes_no_v1,6316,108,8,1,projector.output,32,raw_yes_minus_no,vision_cls_attention,logit_concept,0.17708333333333331
7164::102::cub_attribute_yes_no_v1,7164,123,102,0,vision.late,32,correct_answer_margin,vision_cls_attention,logit_concept,0.4739583333333333
7164::102::cub_attribute_yes_no_v1,7164,123,102,0,vision.late,32,raw_yes_minus_no,vision_cls_attention,logit_concept,-0.4739583333333333
7164::102::cub_attribute_yes_no_v1,7164,123,102,0,projector.output,32,correct_answer_margin,vision_cls_attention,logit_concept,0.515625
7164::102::cub_attribute_yes_no_v1,7164,123,102,0,projector.output,32,raw_yes_minus_no,vision_cls_attention,logit_concept,-0.515625
7164::103::cub_attribute_yes_no_v1,7164,123,103,1,vision.late,32,correct_answer_margin,vision_cls_attention,logit_concept,0.13020833333333334
7164::103::cub_attribute_yes_no_v1,7164,123,103,1,vision.late,32,raw_yes_minus_no,vision_cls_attention,logit_concept,0.13020833333333334
7164::103::cub_attribute_yes_no_v1,7164,123,103,1,projector.output,32,correct_answer_margin,vision_cls_attention,logit_concept,0.13802083333333334
7164::103::cub_attribute_yes_no_v1,7164,123,103,1,projector.output,32,raw_yes_minus_no,vision_cls_attention,logit_concept,0.13802083333333334
7164::104::cub_attribute_yes_no_v1,7164,123,104,1,vision.late,32,correct_answer_margin,vision_cls_attention,logit_concept,1.2994791666666665
7164::104::cub_attribute_yes_no_v1,7164,123,104,1,vision.late,32,raw_yes_minus_no,vision_cls_attention,logit_concept,1.2994791666666665
7164::104::cub_attribute_yes_no_v1,7164,123,104,1,projector.output,32,correct_answer_margin,vision_cls_attention,logit_concept,1.3020833333333335
7164::104::cub_attribute_yes_no_v1,7164,123,104,1,projector.output,32,raw_yes_minus_no,vision_cls_attention,logit_concept,1.3020833333333335
7164::117::cub_attribute_yes_no_v1,7164,123,117,1,vision.late,32,correct_answer_margin,vision_cls_attention,logit_concept,0.02604166666666667
7164::117::cub_attribute_yes_no_v1,7164,123,117,1,vision.late,32,raw_yes_minus_no,vision_cls_attention,logit_concept,0.02604166666666667
7164::117::cub_attribute_yes_no_v1,7164,123,117,1,projector.output,32,correct_answer_margin,vision_cls_attention,logit_concept,0.010416666666666671
7164::117::cub_attribute_yes_no_v1,7164,123,117,1,projector.output,32,raw_yes_minus_no,vision_cls_attention,logit_concept,0.010416666666666671
7164::118::cub_attribute_yes_no_v1,7164,123,118,0,vision.late,32,correct_answer_margin,vision_cls_attention,logit_concept,0.1640625
7164::118::cub_attribute_yes_no_v1,7164,123,118,0,vision.late,32,raw_yes_minus_no,vision_cls_attention,logit_concept,-0.1640625
7164::118::cub_attribute_yes_no_v1,7164,123,118,0,projector.output,32,correct_answer_margin,vision_cls_attention,logit_concept,0.20833333333333331
7164::118::cub_attribute_yes_no_v1,7164,123,118,0,projector.output,32,raw_yes_minus_no,vision_cls_attention,logit_concept,-0.20833333333333331
7164::120::cub_attribute_yes_no_v1,7164,123,120,1,vision.late,32,correct_answer_margin,vision_cls_attention,logit_concept,-0.16666666666666669
7164::120::cub_attribute_yes_no_v1,7164,123,120,1,vision.late,32,raw_yes_minus_no,vision_cls_attention,logit_concept,-0.16666666666666669
7164::120::cub_attribute_yes_no_v1,7164,123,120,1,projector.output,32,correct_answer_margin,vision_cls_attention,logit_concept,-0.19270833333333331
7164::120::cub_attribute_yes_no_v1,7164,123,120,1,projector.output,32,raw_yes_minus_no,vision_cls_attention,logit_concept,-0.19270833333333331
7164::295::cub_attribute_yes_no_v1,7164,123,295,1,vision.late,32,correct_answer_margin,vision_cls_attention,logit_concept,-0.20833333333333331
7164::295::cub_attribute_yes_no_v1,7164,123,295,1,vision.late,32,raw_yes_minus_no,vision_cls_attention,logit_concept,-0.20833333333333331
7164::295::cub_attribute_yes_no_v1,7164,123,295,1,projector.output,32,correct_answer_margin,vision_cls_attention,logit_concept,-0.24739583333333337
7164::295::cub_attribute_yes_no_v1,7164,123,295,1,projector.output,32,raw_yes_minus_no,vision_cls_attention,logit_concept,-0.24739583333333337
7164::299::cub_attribute_yes_no_v1,7164,123,299,0,vision.late,32,correct_answer_margin,vision_cls_attention,logit_concept,0.4583333333333333
7164::299::cub_attribute_yes_no_v1,7164,123,299,0,vision.late,32,raw_yes_minus_no,vision_cls_attention,logit_concept,-0.4583333333333333
7164::299::cub_attribute_yes_no_v1,7164,123,299,0,projector.output,32,correct_answer_margin,vision_cls_attention,logit_concept,0.53125
7164::299::cub_attribute_yes_no_v1,7164,123,299,0,projector.output,32,raw_yes_minus_no,vision_cls_attention,logit_concept,-0.53125
7164::308::cub_attribute_yes_no_v1,7164,123,308,1,vision.late,32,correct_answer_margin,vision_cls_attention,logit_concept,2.7755575615628914e-17
7164::308::cub_attribute_yes_no_v1,7164,123,308,1,vision.late,32,raw_yes_minus_no,vision_cls_attention,logit_concept,2.7755575615628914e-17
7164::308::cub_attribute_yes_no_v1,7164,123,308,1,projector.output,32,correct_answer_margin,vision_cls_attention,logit_concept,-0.0026041666666666713
7164::308::cub_attribute_yes_no_v1,7164,123,308,1,projector.output,32,raw_yes_minus_no,vision_cls_attention,logit_concept,-0.0026041666666666713
7164::5::cub_attribute_yes_no_v1,7164,123,5,0,vision.late,32,correct_answer_margin,vision_cls_attention,logit_concept,-0.16927083333333331
7164::5::cub_attribute_yes_no_v1,7164,123,5,0,vision.late,32,raw_yes_minus_no,vision_cls_attention,logit_concept,0.16927083333333331
7164::5::cub_attribute_yes_no_v1,7164,123,5,0,projector.output,32,correct_answer_margin,vision_cls_attention,logit_concept,-0.16927083333333331
7164::5::cub_attribute_yes_no_v1,7164,123,5,0,projector.output,32,raw_yes_minus_no,vision_cls_attention,logit_concept,0.16927083333333331
7164::7::cub_attribute_yes_no_v1,7164,123,7,1,vision.late,32,correct_answer_margin,vision_cls_attention,logit_concept,-0.11197916666666669
7164::7::cub_attribute_yes_no_v1,7164,123,7,1,vision.late,32,raw_yes_minus_no,vision_cls_attention,logit_concept,-0.11197916666666669
7164::7::cub_attribute_yes_no_v1,7164,123,7,1,projector.output,32,correct_answer_margin,vision_cls_attention,logit_concept,-0.09114583333333333
7164::7::cub_attribute_yes_no_v1,7164,123,7,1,projector.output,32,raw_yes_minus_no,vision_cls_attention,logit_concept,-0.09114583333333333
7164::96::cub_attribute_yes_no_v1,7164,123,96,1,vision.late,32,correct_answer_margin,vision_cls_attention,logit_concept,0.4505208333333333
7164::96::cub_attribute_yes_no_v1,7164,123,96,1,vision.late,32,raw_yes_minus_no,vision_cls_attention,logit_concept,0.4505208333333333
7164::96::cub_attribute_yes_no_v1,7164,123,96,1,projector.output,32,correct_answer_margin,vision_cls_attention,logit_concept,0.4322916666666667
7164::96::cub_attribute_yes_no_v1,7164,123,96,1,projector.output,32,raw_yes_minus_no,vision_cls_attention,logit_concept,0.4322916666666667
7191::104::cub_attribute_yes_no_v1,7191,123,104,1,vision.late,32,correct_answer_margin,vision_cls_attention,logit_concept,0.24479166666666669
7191::104::cub_attribute_yes_no_v1,7191,123,104,1,vision.late,32,raw_yes_minus_no,vision_cls_attention,logit_concept,0.24479166666666669
7191::104::cub_attribute_yes_no_v1,7191,123,104,1,projector.output,32,correct_answer_margin,vision_cls_attention,logit_concept,0.359375
7191::104::cub_attribute_yes_no_v1,7191,123,104,1,projector.output,32,raw_yes_minus_no,vision_cls_attention,logit_concept,0.359375
7191::107::cub_attribute_yes_no_v1,7191,123,107,1,vision.late,32,correct_answer_margin,vision_cls_attention,logit_concept,0.15885416666666666
7191::107::cub_attribute_yes_no_v1,7191,123,107,1,vision.late,32,raw_yes_minus_no,vision_cls_attention,logit_concept,0.15885416666666666
7191::107::cub_attribute_yes_no_v1,7191,123,107,1,projector.output,32,correct_answer_margin,vision_cls_attention,logit_concept,0.2760416666666667
7191::107::cub_attribute_yes_no_v1,7191,123,107,1,projector.output,32,raw_yes_minus_no,vision_cls_attention,logit_concept,0.2760416666666667
7191::118::cub_attribute_yes_no_v1,7191,123,118,0,vision.late,32,correct_answer_margin,vision_cls_attention,logit_concept,0.0546875
7191::118::cub_attribute_yes_no_v1,7191,123,118,0,vision.late,32,raw_yes_minus_no,vision_cls_attention,logit_concept,-0.0546875
7191::118::cub_attribute_yes_no_v1,7191,123,118,0,projector.output,32,correct_answer_margin,vision_cls_attention,logit_concept,-0.007812500000000007
7191::118::cub_attribute_yes_no_v1,7191,123,118,0,projector.output,32,raw_yes_minus_no,vision_cls_attention,logit_concept,0.007812500000000007
7191::120::cub_attribute_yes_no_v1,7191,123,120,1,vision.late,32,correct_answer_margin,vision_cls_attention,logit_concept,0.12239583333333331
7191::120::cub_attribute_yes_no_v1,7191,123,120,1,vision.late,32,raw_yes_minus_no,vision_cls_attention,logit_concept,0.12239583333333331
7191::120::cub_attribute_yes_no_v1,7191,123,120,1,projector.output,32,correct_answer_margin,vision_cls_attention,logit_concept,0.20572916666666669
7191::120::cub_attribute_yes_no_v1,7191,123,120,1,projector.output,32,raw_yes_minus_no,vision_cls_attention,logit_concept,0.20572916666666669
7191::295::cub_attribute_yes_no_v1,7191,123,295,1,vision.late,32,correct_answer_margin,vision_cls_attention,logit_concept,0.16927083333333334
7191::295::cub_attribute_yes_no_v1,7191,123,295,1,vision.late,32,raw_yes_minus_no,vision_cls_attention,logit_concept,0.16927083333333334
7191::295::cub_attribute_yes_no_v1,7191,123,295,1,projector.output,32,correct_answer_margin,vision_cls_attention,logit_concept,0.23697916666666669
7191::295::cub_attribute_yes_no_v1,7191,123,295,1,projector.output,32,raw_yes_minus_no,vision_cls_attention,logit_concept,0.23697916666666669
7191::305::cub_attribute_yes_no_v1,7191,123,305,1,vision.late,32,correct_answer_margin,vision_cls_attention,logit_concept,-0.4765625
7191::305::cub_attribute_yes_no_v1,7191,123,305,1,vision.late,32,raw_yes_minus_no,vision_cls_attention,logit_concept,-0.4765625
7191::305::cub_attribute_yes_no_v1,7191,123,305,1,projector.output,32,correct_answer_margin,vision_cls_attention,logit_concept,-0.4322916666666667
7191::305::cub_attribute_yes_no_v1,7191,123,305,1,projector.output,32,raw_yes_minus_no,vision_cls_attention,logit_concept,-0.4322916666666667
7191::309::cub_attribute_yes_no_v1,7191,123,309,0,vision.late,32,correct_answer_margin,vision_cls_attention,logit_concept,0.2942708333333333
7191::309::cub_attribute_yes_no_v1,7191,123,309,0,vision.late,32,raw_yes_minus_no,vision_cls_attention,logit_concept,-0.2942708333333333
7191::309::cub_attribute_yes_no_v1,7191,123,309,0,projector.output,32,correct_answer_margin,vision_cls_attention,logit_concept,0.2526041666666667
7191::309::cub_attribute_yes_no_v1,7191,123,309,0,projector.output,32,raw_yes_minus_no,vision_cls_attention,logit_concept,-0.2526041666666667
7191::311::cub_attribute_yes_no_v1,7191,123,311,1,vision.late,32,correct_answer_margin,vision_cls_attention,logit_concept,-0.16145833333333331
7191::311::cub_attribute_yes_no_v1,7191,123,311,1,vision.late,32,raw_yes_minus_no,vision_cls_attention,logit_concept,-0.16145833333333331
7191::311::cub_attribute_yes_no_v1,7191,123,311,1,projector.output,32,correct_answer_margin,vision_cls_attention,logit_concept,-0.0625
7191::311::cub_attribute_yes_no_v1,7191,123,311,1,projector.output,32,raw_yes_minus_no,vision_cls_attention,logit_concept,-0.0625
7191::5::cub_attribute_yes_no_v1,7191,123,5,0,vision.late,32,correct_answer_margin,vision_cls_attention,logit_concept,0.28125
7191::5::cub_attribute_yes_no_v1,7191,123,5,0,vision.late,32,raw_yes_minus_no,vision_cls_attention,logit_concept,-0.28125
7191::5::cub_attribute_yes_no_v1,7191,123,5,0,projector.output,32,correct_answer_margin,vision_cls_attention,logit_concept,0.3046875
7191::5::cub_attribute_yes_no_v1,7191,123,5,0,projector.output,32,raw_yes_minus_no,vision_cls_attention,logit_concept,-0.3046875
7191::7::cub_attribute_yes_no_v1,7191,123,7,1,vision.late,32,correct_answer_margin,vision_cls_attention,logit_concept,-0.20572916666666666
7191::7::cub_attribute_yes_no_v1,7191,123,7,1,vision.late,32,raw_yes_minus_no,vision_cls_attention,logit_concept,-0.20572916666666666
7191::7::cub_attribute_yes_no_v1,7191,123,7,1,projector.output,32,correct_answer_margin,vision_cls_attention,logit_concept,-0.21354166666666666
7191::7::cub_attribute_yes_no_v1,7191,123,7,1,projector.output,32,raw_yes_minus_no,vision_cls_attention,logit_concept,-0.21354166666666666
7201::104::cub_attribute_yes_no_v1,7201,123,104,1,vision.late,32,correct_answer_margin,vision_cls_attention,logit_concept,1.0572916666666667
7201::104::cub_attribute_yes_no_v1,7201,123,104,1,vision.late,32,raw_yes_minus_no,vision_cls_attention,logit_concept,1.0572916666666667
7201::104::cub_attribute_yes_no_v1,7201,123,104,1,projector.output,32,correct_answer_margin,vision_cls_attention,logit_concept,1.109375
7201::104::cub_attribute_yes_no_v1,7201,123,104,1,projector.output,32,raw_yes_minus_no,vision_cls_attention,logit_concept,1.109375
7201::107::cub_attribute_yes_no_v1,7201,123,107,0,vision.late,32,correct_answer_margin,vision_cls_attention,logit_concept,0.2552083333333333
7201::107::cub_attribute_yes_no_v1,7201,123,107,0,vision.late,32,raw_yes_minus_no,vision_cls_attention,logit_concept,-0.2552083333333333
7201::107::cub_attribute_yes_no_v1,7201,123,107,0,projector.output,32,correct_answer_margin,vision_cls_attention,logit_concept,0.26822916666666663
7201::107::cub_attribute_yes_no_v1,7201,123,107,0,projector.output,32,raw_yes_minus_no,vision_cls_attention,logit_concept,-0.26822916666666663
7201::111::cub_attribute_yes_no_v1,7201,123,111,0,vision.late,32,correct_answer_margin,vision_cls_attention,logit_concept,0.5755208333333334
7201::111::cub_attribute_yes_no_v1,7201,123,111,0,vision.late,32,raw_yes_minus_no,vision_cls_attention,logit_concept,-0.5755208333333334
7201::111::cub_attribute_yes_no_v1,7201,123,111,0,projector.output,32,correct_answer_margin,vision_cls_attention,logit_concept,0.5572916666666667
7201::111::cub_attribute_yes_no_v1,7201,123,111,0,projector.output,32,raw_yes_minus_no,vision_cls_attention,logit_concept,-0.5572916666666667
7201::117::cub_attribute_yes_no_v1,7201,123,117,1,vision.late,32,correct_answer_margin,vision_cls_attention,logit_concept,-0.2604166666666667
7201::117::cub_attribute_yes_no_v1,7201,123,117,1,vision.late,32,raw_yes_minus_no,vision_cls_attention,logit_concept,-0.2604166666666667
7201::117::cub_attribute_yes_no_v1,7201,123,117,1,projector.output,32,correct_answer_margin,vision_cls_attention,logit_concept,-0.2265625
7201::117::cub_attribute_yes_no_v1,7201,123,117,1,projector.output,32,raw_yes_minus_no,vision_cls_attention,logit_concept,-0.2265625
7201::118::cub_attribute_yes_no_v1,7201,123,118,0,vision.late,32,correct_answer_margin,vision_cls_attention,logit_concept,0.26041666666666663
7201::118::cub_attribute_yes_no_v1,7201,123,118,0,vision.late,32,raw_yes_minus_no,vision_cls_attention,logit_concept,-0.26041666666666663
7201::118::cub_attribute_yes_no_v1,7201,123,118,0,projector.output,32,correct_answer_margin,vision_cls_attention,logit_concept,0.3125
7201::118::cub_attribute_yes_no_v1,7201,123,118,0,projector.output,32,raw_yes_minus_no,vision_cls_attention,logit_concept,-0.3125
7201::120::cub_attribute_yes_no_v1,7201,123,120,1,vision.late,32,correct_answer_margin,vision_cls_attention,logit_concept,-0.10416666666666666
7201::120::cub_attribute_yes_no_v1,7201,123,120,1,vision.late,32,raw_yes_minus_no,vision_cls_attention,logit_concept,-0.10416666666666666
7201::120::cub_attribute_yes_no_v1,7201,123,120,1,projector.output,32,correct_answer_margin,vision_cls_attention,logit_concept,-0.125
7201::120::cub_attribute_yes_no_v1,7201,123,120,1,projector.output,32,raw_yes_minus_no,vision_cls_attention,logit_concept,-0.125
7201::295::cub_attribute_yes_no_v1,7201,123,295,0,vision.late,32,correct_answer_margin,vision_cls_attention,logit_concept,0.140625
7201::295::cub_attribute_yes_no_v1,7201,123,295,0,vision.late,32,raw_yes_minus_no,vision_cls_attention,logit_concept,-0.140625
7201::295::cub_attribute_yes_no_v1,7201,123,295,0,projector.output,32,correct_answer_margin,vision_cls_attention,logit_concept,0.14322916666666666
7201::295::cub_attribute_yes_no_v1,7201,123,295,0,projector.output,32,raw_yes_minus_no,vision_cls_attention,logit_concept,-0.14322916666666666
7201::299::cub_attribute_yes_no_v1,7201,123,299,0,vision.late,32,correct_answer_margin,vision_cls_attention,logit_concept,0.4583333333333333
7201::299::cub_attribute_yes_no_v1,7201,123,299,0,vision.late,32,raw_yes_minus_no,vision_cls_attention,logit_concept,-0.4583333333333333
7201::299::cub_attribute_yes_no_v1,7201,123,299,0,projector.output,32,correct_answer_margin,vision_cls_attention,logit_concept,0.43749999999999994
7201::299::cub_attribute_yes_no_v1,7201,123,299,0,projector.output,32,raw_yes_minus_no,vision_cls_attention,logit_concept,-0.43749999999999994
7201::305::cub_attribute_yes_no_v1,7201,123,305,1,vision.late,32,correct_answer_margin,vision_cls_attention,logit_concept,-0.3463541666666667
7201::305::cub_attribute_yes_no_v1,7201,123,305,1,vision.late,32,raw_yes_minus_no,vision_cls_attention,logit_concept,-0.3463541666666667
7201::305::cub_attribute_yes_no_v1,7201,123,305,1,projector.output,32,correct_answer_margin,vision_cls_attention,logit_concept,-0.3489583333333333
7201::305::cub_attribute_yes_no_v1,7201,123,305,1,projector.output,32,raw_yes_minus_no,vision_cls_attention,logit_concept,-0.3489583333333333
7201::308::cub_attribute_yes_no_v1,7201,123,308,1,vision.late,32,correct_answer_margin,vision_cls_attention,logit_concept,0.08333333333333334
7201::308::cub_attribute_yes_no_v1,7201,123,308,1,vision.late,32,raw_yes_minus_no,vision_cls_attention,logit_concept,0.08333333333333334
7201::308::cub_attribute_yes_no_v1,7201,123,308,1,projector.output,32,correct_answer_margin,vision_cls_attention,logit_concept,0.07812499999999999
7201::308::cub_attribute_yes_no_v1,7201,123,308,1,projector.output,32,raw_yes_minus_no,vision_cls_attention,logit_concept,0.07812499999999999
7201::310::cub_attribute_yes_no_v1,7201,123,310,0,vision.late,32,correct_answer_margin,vision_cls_attention,logit_concept,-0.6432291666666667
7201::310::cub_attribute_yes_no_v1,7201,123,310,0,vision.late,32,raw_yes_minus_no,vision_cls_attention,logit_concept,0.6432291666666667
7201::310::cub_attribute_yes_no_v1,7201,123,310,0,projector.output,32,correct_answer_margin,vision_cls_attention,logit_concept,-0.7369791666666666
7201::310::cub_attribute_yes_no_v1,7201,123,310,0,projector.output,32,raw_yes_minus_no,vision_cls_attention,logit_concept,0.7369791666666666
7201::311::cub_attribute_yes_no_v1,7201,123,311,1,vision.late,32,correct_answer_margin,vision_cls_attention,logit_concept,0.59375
7201::311::cub_attribute_yes_no_v1,7201,123,311,1,vision.late,32,raw_yes_minus_no,vision_cls_attention,logit_concept,0.59375
7201::311::cub_attribute_yes_no_v1,7201,123,311,1,projector.output,32,correct_answer_margin,vision_cls_attention,logit_concept,0.7317708333333334
7201::311::cub_attribute_yes_no_v1,7201,123,311,1,projector.output,32,raw_yes_minus_no,vision_cls_attention,logit_concept,0.7317708333333334
7201::312::cub_attribute_yes_no_v1,7201,123,312,0,vision.late,32,correct_answer_margin,vision_cls_attention,logit_concept,-0.8880208333333333
7201::312::cub_attribute_yes_no_v1,7201,123,312,0,vision.late,32,raw_yes_minus_no,vision_cls_attention,logit_concept,0.8880208333333333
7201::312::cub_attribute_yes_no_v1,7201,123,312,0,projector.output,32,correct_answer_margin,vision_cls_attention,logit_concept,-0.9609375
7201::312::cub_attribute_yes_no_v1,7201,123,312,0,projector.output,32,raw_yes_minus_no,vision_cls_attention,logit_concept,0.9609375
7201::7::cub_attribute_yes_no_v1,7201,123,7,0,vision.late,32,correct_answer_margin,vision_cls_attention,logit_concept,0.023437499999999972
7201::7::cub_attribute_yes_no_v1,7201,123,7,0,vision.late,32,raw_yes_minus_no,vision_cls_attention,logit_concept,-0.023437499999999972
7201::7::cub_attribute_yes_no_v1,7201,123,7,0,projector.output,32,correct_answer_margin,vision_cls_attention,logit_concept,0.028645833333333315
7201::7::cub_attribute_yes_no_v1,7201,123,7,0,projector.output,32,raw_yes_minus_no,vision_cls_attention,logit_concept,-0.028645833333333315
7201::8::cub_attribute_yes_no_v1,7201,123,8,1,vision.late,32,correct_answer_margin,vision_cls_attention,logit_concept,-0.2994791666666667
7201::8::cub_attribute_yes_no_v1,7201,123,8,1,vision.late,32,raw_yes_minus_no,vision_cls_attention,logit_concept,-0.2994791666666667
7201::8::cub_attribute_yes_no_v1,7201,123,8,1,projector.output,32,correct_answer_margin,vision_cls_attention,logit_concept,-0.28125
7201::8::cub_attribute_yes_no_v1,7201,123,8,1,projector.output,32,raw_yes_minus_no,vision_cls_attention,logit_concept,-0.28125
7208::100::cub_attribute_yes_no_v1,7208,123,100,0,vision.late,32,correct_answer_margin,vision_cls_attention,logit_concept,0.02083333333333333
7208::100::cub_attribute_yes_no_v1,7208,123,100,0,vision.late,32,raw_yes_minus_no,vision_cls_attention,logit_concept,-0.02083333333333333
7208::100::cub_attribute_yes_no_v1,7208,123,100,0,projector.output,32,correct_answer_margin,vision_cls_attention,logit_concept,0.02083333333333333
7208::100::cub_attribute_yes_no_v1,7208,123,100,0,projector.output,32,raw_yes_minus_no,vision_cls_attention,logit_concept,-0.02083333333333333
7208::102::cub_attribute_yes_no_v1,7208,123,102,0,vision.late,32,correct_answer_margin,vision_cls_attention,logit_concept,0.1484375
7208::102::cub_attribute_yes_no_v1,7208,123,102,0,vision.late,32,raw_yes_minus_no,vision_cls_attention,logit_concept,-0.1484375
7208::102::cub_attribute_yes_no_v1,7208,123,102,0,projector.output,32,correct_answer_margin,vision_cls_attention,logit_concept,0.15104166666666666
7208::102::cub_attribute_yes_no_v1,7208,123,102,0,projector.output,32,raw_yes_minus_no,vision_cls_attention,logit_concept,-0.15104166666666666
7208::111::cub_attribute_yes_no_v1,7208,123,111,0,vision.late,32,correct_answer_margin,vision_cls_attention,logit_concept,0.036458333333333336
7208::111::cub_attribute_yes_no_v1,7208,123,111,0,vision.late,32,raw_yes_minus_no,vision_cls_attention,logit_concept,-0.036458333333333336
7208::111::cub_attribute_yes_no_v1,7208,123,111,0,projector.output,32,correct_answer_margin,vision_cls_attention,logit_concept,0.12239583333333333
7208::111::cub_attribute_yes_no_v1,7208,123,111,0,projector.output,32,raw_yes_minus_no,vision_cls_attention,logit_concept,-0.12239583333333333
7208::117::cub_attribute_yes_no_v1,7208,123,117,1,vision.late,32,correct_answer_margin,vision_cls_attention,logit_concept,-0.057291666666666685
7208::117::cub_attribute_yes_no_v1,7208,123,117,1,vision.late,32,raw_yes_minus_no,vision_cls_attention,logit_concept,-0.057291666666666685
7208::117::cub_attribute_yes_no_v1,7208,123,117,1,projector.output,32,correct_answer_margin,vision_cls_attention,logit_concept,-0.036458333333333315
7208::117::cub_attribute_yes_no_v1,7208,123,117,1,projector.output,32,raw_yes_minus_no,vision_cls_attention,logit_concept,-0.036458333333333315
7208::118::cub_attribute_yes_no_v1,7208,123,118,1,vision.late,32,correct_answer_margin,vision_cls_attention,logit_concept,-0.04427083333333333
7208::118::cub_attribute_yes_no_v1,7208,123,118,1,vision.late,32,raw_yes_minus_no,vision_cls_attention,logit_concept,-0.04427083333333333
7208::118::cub_attribute_yes_no_v1,7208,123,118,1,projector.output,32,correct_answer_margin,vision_cls_attention,logit_concept,-0.07552083333333331
7208::118::cub_attribute_yes_no_v1,7208,123,118,1,projector.output,32,raw_yes_minus_no,vision_cls_attention,logit_concept,-0.07552083333333331
7208::295::cub_attribute_yes_no_v1,7208,123,295,1,vision.late,32,correct_answer_margin,vision_cls_attention,logit_concept,0.046875
7208::295::cub_attribute_yes_no_v1,7208,123,295,1,vision.late,32,raw_yes_minus_no,vision_cls_attention,logit_concept,0.046875
7208::295::cub_attribute_yes_no_v1,7208,123,295,1,projector.output,32,correct_answer_margin,vision_cls_attention,logit_concept,0.041666666666666685
7208::295::cub_attribute_yes_no_v1,7208,123,295,1,projector.output,32,raw_yes_minus_no,vision_cls_attention,logit_concept,0.041666666666666685
7208::305::cub_attribute_yes_no_v1,7208,123,305,1,vision.late,32,correct_answer_margin,vision_cls_attention,logit_concept,-0.10677083333333334
7208::305::cub_attribute_yes_no_v1,7208,123,305,1,vision.late,32,raw_yes_minus_no,vision_cls_attention,logit_concept,-0.10677083333333334
7208::305::cub_attribute_yes_no_v1,7208,123,305,1,projector.output,32,correct_answer_margin,vision_cls_attention,logit_concept,-0.13020833333333337
7208::305::cub_attribute_yes_no_v1,7208,123,305,1,projector.output,32,raw_yes_minus_no,vision_cls_attention,logit_concept,-0.13020833333333337
7208::306::cub_attribute_yes_no_v1,7208,123,306,0,vision.late,32,correct_answer_margin,vision_cls_attention,logit_concept,-0.005208333333333329
7208::306::cub_attribute_yes_no_v1,7208,123,306,0,vision.late,32,raw_yes_minus_no,vision_cls_attention,logit_concept,0.005208333333333329
7208::306::cub_attribute_yes_no_v1,7208,123,306,0,projector.output,32,correct_answer_margin,vision_cls_attention,logit_concept,-0.005208333333333329
7208::306::cub_attribute_yes_no_v1,7208,123,306,0,projector.output,32,raw_yes_minus_no,vision_cls_attention,logit_concept,0.005208333333333329
7208::308::cub_attribute_yes_no_v1,7208,123,308,0,vision.late,32,correct_answer_margin,vision_cls_attention,logit_concept,-0.041666666666666664
7208::308::cub_attribute_yes_no_v1,7208,123,308,0,vision.late,32,raw_yes_minus_no,vision_cls_attention,logit_concept,0.041666666666666664
7208::308::cub_attribute_yes_no_v1,7208,123,308,0,projector.output,32,correct_answer_margin,vision_cls_attention,logit_concept,-0.0390625
7208::308::cub_attribute_yes_no_v1,7208,123,308,0,projector.output,32,raw_yes_minus_no,vision_cls_attention,logit_concept,0.0390625
7208::310::cub_attribute_yes_no_v1,7208,123,310,0,vision.late,32,correct_answer_margin,vision_cls_attention,logit_concept,-0.125
7208::310::cub_attribute_yes_no_v1,7208,123,310,0,vision.late,32,raw_yes_minus_no,vision_cls_attention,logit_concept,0.125
7208::310::cub_attribute_yes_no_v1,7208,123,310,0,projector.output,32,correct_answer_margin,vision_cls_attention,logit_concept,-0.2708333333333333
7208::310::cub_attribute_yes_no_v1,7208,123,310,0,projector.output,32,raw_yes_minus_no,vision_cls_attention,logit_concept,0.2708333333333333
7208::311::cub_attribute_yes_no_v1,7208,123,311,0,vision.late,32,correct_answer_margin,vision_cls_attention,logit_concept,0.1328125
7208::311::cub_attribute_yes_no_v1,7208,123,311,0,vision.late,32,raw_yes_minus_no,vision_cls_attention,logit_concept,-0.1328125
7208::311::cub_attribute_yes_no_v1,7208,123,311,0,projector.output,32,correct_answer_margin,vision_cls_attention,logit_concept,0.005208333333333343
7208::311::cub_attribute_yes_no_v1,7208,123,311,0,projector.output,32,raw_yes_minus_no,vision_cls_attention,logit_concept,-0.005208333333333343
7208::312::cub_attribute_yes_no_v1,7208,123,312,1,vision.late,32,correct_answer_margin,vision_cls_attention,logit_concept,0.11197916666666666
7208::312::cub_attribute_yes_no_v1,7208,123,312,1,vision.late,32,raw_yes_minus_no,vision_cls_attention,logit_concept,0.11197916666666666
7208::312::cub_attribute_yes_no_v1,7208,123,312,1,projector.output,32,correct_answer_margin,vision_cls_attention,logit_concept,0.19270833333333334
7208::312::cub_attribute_yes_no_v1,7208,123,312,1,projector.output,32,raw_yes_minus_no,vision_cls_attention,logit_concept,0.19270833333333334
7208::7::cub_attribute_yes_no_v1,7208,123,7,0,vision.late,32,correct_answer_margin,vision_cls_attention,logit_concept,-2.7755575615628914e-17
7208::7::cub_attribute_yes_no_v1,7208,123,7,0,vision.late,32,raw_yes_minus_no,vision_cls_attention,logit_concept,2.7755575615628914e-17
7208::7::cub_attribute_yes_no_v1,7208,123,7,0,projector.output,32,correct_answer_margin,vision_cls_attention,logit_concept,-0.023437500000000028
7208::7::cub_attribute_yes_no_v1,7208,123,7,0,projector.output,32,raw_yes_minus_no,vision_cls_attention,logit_concept,0.023437500000000028
7208::8::cub_attribute_yes_no_v1,7208,123,8,1,vision.late,32,correct_answer_margin,vision_cls_attention,logit_concept,-0.19010416666666669
7208::8::cub_attribute_yes_no_v1,7208,123,8,1,vision.late,32,raw_yes_minus_no,vision_cls_attention,logit_concept,-0.19010416666666669
7208::8::cub_attribute_yes_no_v1,7208,123,8,1,projector.output,32,correct_answer_margin,vision_cls_attention,logit_concept,-0.14322916666666669
7208::8::cub_attribute_yes_no_v1,7208,123,8,1,projector.output,32,raw_yes_minus_no,vision_cls_attention,logit_concept,-0.14322916666666669
7208::96::cub_attribute_yes_no_v1,7208,123,96,1,vision.late,32,correct_answer_margin,vision_cls_attention,logit_concept,-0.015625
7208::96::cub_attribute_yes_no_v1,7208,123,96,1,vision.late,32,raw_yes_minus_no,vision_cls_attention,logit_concept,-0.015625
7208::96::cub_attribute_yes_no_v1,7208,123,96,1,projector.output,32,correct_answer_margin,vision_cls_attention,logit_concept,3.469446951953614e-18
7208::96::cub_attribute_yes_no_v1,7208,123,96,1,projector.output,32,raw_yes_minus_no,vision_cls_attention,logit_concept,3.469446951953614e-18
7298::101::cub_attribute_yes_no_v1,7298,125,101,0,vision.late,32,correct_answer_margin,vision_cls_attention,logit_concept,-0.08333333333333334
7298::101::cub_attribute_yes_no_v1,7298,125,101,0,vision.late,32,raw_yes_minus_no,vision_cls_attention,logit_concept,0.08333333333333334
7298::101::cub_attribute_yes_no_v1,7298,125,101,0,projector.output,32,correct_answer_margin,vision_cls_attention,logit_concept,-0.018229166666666664
7298::101::cub_attribute_yes_no_v1,7298,125,101,0,projector.output,32,raw_yes_minus_no,vision_cls_attention,logit_concept,0.018229166666666664
7298::102::cub_attribute_yes_no_v1,7298,125,102,0,vision.late,32,correct_answer_margin,vision_cls_attention,logit_concept,0.28385416666666663
7298::102::cub_attribute_yes_no_v1,7298,125,102,0,vision.late,32,raw_yes_minus_no,vision_cls_attention,logit_concept,-0.28385416666666663
7298::102::cub_attribute_yes_no_v1,7298,125,102,0,projector.output,32,correct_answer_margin,vision_cls_attention,logit_concept,0.2708333333333333
7298::102::cub_attribute_yes_no_v1,7298,125,102,0,projector.output,32,raw_yes_minus_no,vision_cls_attention,logit_concept,-0.2708333333333333
7298::104::cub_attribute_yes_no_v1,7298,125,104,1,vision.late,32,correct_answer_margin,vision_cls_attention,logit_concept,0.33854166666666663
7298::104::cub_attribute_yes_no_v1,7298,125,104,1,vision.late,32,raw_yes_minus_no,vision_cls_attention,logit_concept,0.33854166666666663
7298::104::cub_attribute_yes_no_v1,7298,125,104,1,projector.output,32,correct_answer_margin,vision_cls_attention,logit_concept,0.3072916666666667
7298::104::cub_attribute_yes_no_v1,7298,125,104,1,projector.output,32,raw_yes_minus_no,vision_cls_attention,logit_concept,0.3072916666666667
7298::107::cub_attribute_yes_no_v1,7298,125,107,1,vision.late,32,correct_answer_margin,vision_cls_attention,logit_concept,-0.026041666666666664
7298::107::cub_attribute_yes_no_v1,7298,125,107,1,vision.late,32,raw_yes_minus_no,vision_cls_attention,logit_concept,-0.026041666666666664
7298::107::cub_attribute_yes_no_v1,7298,125,107,1,projector.output,32,correct_answer_margin,vision_cls_attention,logit_concept,-0.03645833333333333
7298::107::cub_attribute_yes_no_v1,7298,125,107,1,projector.output,32,raw_yes_minus_no,vision_cls_attention,logit_concept,-0.03645833333333333
7298::111::cub_attribute_yes_no_v1,7298,125,111,1,vision.late,32,correct_answer_margin,vision_cls_attention,logit_concept,-0.2916666666666667
7298::111::cub_attribute_yes_no_v1,7298,125,111,1,vision.late,32,raw_yes_minus_no,vision_cls_attention,logit_concept,-0.2916666666666667
7298::111::cub_attribute_yes_no_v1,7298,125,111,1,projector.output,32,correct_answer_margin,vision_cls_attention,logit_concept,-0.359375
7298::111::cub_attribute_yes_no_v1,7298,125,111,1,projector.output,32,raw_yes_minus_no,vision_cls_attention,logit_concept,-0.359375
7298::117::cub_attribute_yes_no_v1,7298,125,117,1,vision.late,32,correct_answer_margin,vision_cls_attention,logit_concept,-0.109375
7298::117::cub_attribute_yes_no_v1,7298,125,117,1,vision.late,32,raw_yes_minus_no,vision_cls_attention,logit_concept,-0.109375
7298::117::cub_attribute_yes_no_v1,7298,125,117,1,projector.output,32,correct_answer_margin,vision_cls_attention,logit_concept,-0.11979166666666666
7298::117::cub_attribute_yes_no_v1,7298,125,117,1,projector.output,32,raw_yes_minus_no,vision_cls_attention,logit_concept,-0.11979166666666666
7298::118::cub_attribute_yes_no_v1,7298,125,118,0,vision.late,32,correct_answer_margin,vision_cls_attention,logit_concept,-0.06770833333333334
7298::118::cub_attribute_yes_no_v1,7298,125,118,0,vision.late,32,raw_yes_minus_no,vision_cls_attention,logit_concept,0.06770833333333334
7298::118::cub_attribute_yes_no_v1,7298,125,118,0,projector.output,32,correct_answer_margin,vision_cls_attention,logit_concept,0.0625
7298::118::cub_attribute_yes_no_v1,7298,125,118,0,projector.output,32,raw_yes_minus_no,vision_cls_attention,logit_concept,-0.0625
7298::120::cub_attribute_yes_no_v1,7298,125,120,0,vision.late,32,correct_answer_margin,vision_cls_attention,logit_concept,-0.08072916666666669
7298::120::cub_attribute_yes_no_v1,7298,125,120,0,vision.late,32,raw_yes_minus_no,vision_cls_attention,logit_concept,0.08072916666666669
7298::120::cub_attribute_yes_no_v1,7298,125,120,0,projector.output,32,correct_answer_margin,vision_cls_attention,logit_concept,-0.078125
7298::120::cub_attribute_yes_no_v1,7298,125,120,0,projector.output,32,raw_yes_minus_no,vision_cls_attention,logit_concept,0.078125
7298::295::cub_attribute_yes_no_v1,7298,125,295,1,vision.late,32,correct_answer_margin,vision_cls_attention,logit_concept,0.19010416666666669
7298::295::cub_attribute_yes_no_v1,7298,125,295,1,vision.late,32,raw_yes_minus_no,vision_cls_attention,logit_concept,0.19010416666666669
7298::295::cub_attribute_yes_no_v1,7298,125,295,1,projector.output,32,correct_answer_margin,vision_cls_attention,logit_concept,0.16927083333333334
7298::295::cub_attribute_yes_no_v1,7298,125,295,1,projector.output,32,raw_yes_minus_no,vision_cls_attention,logit_concept,0.16927083333333334
7298::299::cub_attribute_yes_no_v1,7298,125,299,1,vision.late,32,correct_answer_margin,vision_cls_attention,logit_concept,-0.11197916666666666
7298::299::cub_attribute_yes_no_v1,7298,125,299,1,vision.late,32,raw_yes_minus_no,vision_cls_attention,logit_concept,-0.11197916666666666
7298::299::cub_attribute_yes_no_v1,7298,125,299,1,projector.output,32,correct_answer_margin,vision_cls_attention,logit_concept,-0.15104166666666669
7298::299::cub_attribute_yes_no_v1,7298,125,299,1,projector.output,32,raw_yes_minus_no,vision_cls_attention,logit_concept,-0.15104166666666669
7298::305::cub_attribute_yes_no_v1,7298,125,305,1,vision.late,32,correct_answer_margin,vision_cls_attention,logit_concept,-0.06249999999999997
7298::305::cub_attribute_yes_no_v1,7298,125,305,1,vision.late,32,raw_yes_minus_no,vision_cls_attention,logit_concept,-0.06249999999999997
7298::305::cub_attribute_yes_no_v1,7298,125,305,1,projector.output,32,correct_answer_margin,vision_cls_attention,logit_concept,-0.1015625
7298::305::cub_attribute_yes_no_v1,7298,125,305,1,projector.output,32,raw_yes_minus_no,vision_cls_attention,logit_concept,-0.1015625
7298::310::cub_attribute_yes_no_v1,7298,125,310,0,vision.late,32,correct_answer_margin,vision_cls_attention,logit_concept,-0.37239583333333337
7298::310::cub_attribute_yes_no_v1,7298,125,310,0,vision.late,32,raw_yes_minus_no,vision_cls_attention,logit_concept,0.37239583333333337
7298::310::cub_attribute_yes_no_v1,7298,125,310,0,projector.output,32,correct_answer_margin,vision_cls_attention,logit_concept,-0.41145833333333337
7298::310::cub_attribute_yes_no_v1,7298,125,310,0,projector.output,32,raw_yes_minus_no,vision_cls_attention,logit_concept,0.41145833333333337
7298::311::cub_attribute_yes_no_v1,7298,125,311,1,vision.late,32,correct_answer_margin,vision_cls_attention,logit_concept,0.3125
7298::311::cub_attribute_yes_no_v1,7298,125,311,1,vision.late,32,raw_yes_minus_no,vision_cls_attention,logit_concept,0.3125
7298::311::cub_attribute_yes_no_v1,7298,125,311,1,projector.output,32,correct_answer_margin,vision_cls_attention,logit_concept,0.21875
7298::311::cub_attribute_yes_no_v1,7298,125,311,1,projector.output,32,raw_yes_minus_no,vision_cls_attention,logit_concept,0.21875
7298::8::cub_attribute_yes_no_v1,7298,125,8,1,vision.late,32,correct_answer_margin,vision_cls_attention,logit_concept,0.03385416666666666
7298::8::cub_attribute_yes_no_v1,7298,125,8,1,vision.late,32,raw_yes_minus_no,vision_cls_attention,logit_concept,0.03385416666666666
7298::8::cub_attribute_yes_no_v1,7298,125,8,1,projector.output,32,correct_answer_margin,vision_cls_attention,logit_concept,0.04427083333333333
7298::8::cub_attribute_yes_no_v1,7298,125,8,1,projector.output,32,raw_yes_minus_no,vision_cls_attention,logit_concept,0.04427083333333333
7300::103::cub_attribute_yes_no_v1,7300,125,103,1,vision.late,32,correct_answer_margin,vision_cls_attention,logit_concept,0.4947916666666667
7300::103::cub_attribute_yes_no_v1,7300,125,103,1,vision.late,32,raw_yes_minus_no,vision_cls_attention,logit_concept,0.4947916666666667
7300::103::cub_attribute_yes_no_v1,7300,125,103,1,projector.output,32,correct_answer_margin,vision_cls_attention,logit_concept,0.4947916666666667
7300::103::cub_attribute_yes_no_v1,7300,125,103,1,projector.output,32,raw_yes_minus_no,vision_cls_attention,logit_concept,0.4947916666666667
7300::105::cub_attribute_yes_no_v1,7300,125,105,0,vision.late,32,correct_answer_margin,vision_cls_attention,logit_concept,-0.7578125
7300::105::cub_attribute_yes_no_v1,7300,125,105,0,vision.late,32,raw_yes_minus_no,vision_cls_attention,logit_concept,0.7578125
7300::105::cub_attribute_yes_no_v1,7300,125,105,0,projector.output,32,correct_answer_margin,vision_cls_attention,logit_concept,-0.7552083333333333
7300::105::cub_attribute_yes_no_v1,7300,125,105,0,projector.output,32,raw_yes_minus_no,vision_cls_attention,logit_concept,0.7552083333333333
7300::111::cub_attribute_yes_no_v1,7300,125,111,1,vision.late,32,correct_answer_margin,vision_cls_attention,logit_concept,-0.3177083333333333
7300::111::cub_attribute_yes_no_v1,7300,125,111,1,vision.late,32,raw_yes_minus_no,vision_cls_attention,logit_concept,-0.3177083333333333
7300::111::cub_attribute_yes_no_v1,7300,125,111,1,projector.output,32,correct_answer_margin,vision_cls_attention,logit_concept,-0.4088541666666667
7300::111::cub_attribute_yes_no_v1,7300,125,111,1,projector.output,32,raw_yes_minus_no,vision_cls_attention,logit_concept,-0.4088541666666667
7300::117::cub_attribute_yes_no_v1,7300,125,117,1,vision.late,32,correct_answer_margin,vision_cls_attention,logit_concept,-0.3203125
7300::117::cub_attribute_yes_no_v1,7300,125,117,1,vision.late,32,raw_yes_minus_no,vision_cls_attention,logit_concept,-0.3203125
7300::117::cub_attribute_yes_no_v1,7300,125,117,1,projector.output,32,correct_answer_margin,vision_cls_attention,logit_concept,-0.33333333333333326
7300::117::cub_attribute_yes_no_v1,7300,125,117,1,projector.output,32,raw_yes_minus_no,vision_cls_attention,logit_concept,-0.33333333333333326
7300::118::cub_attribute_yes_no_v1,7300,125,118,0,vision.late,32,correct_answer_margin,vision_cls_attention,logit_concept,0.5
7300::118::cub_attribute_yes_no_v1,7300,125,118,0,vision.late,32,raw_yes_minus_no,vision_cls_attention,logit_concept,-0.5
7300::118::cub_attribute_yes_no_v1,7300,125,118,0,projector.output,32,correct_answer_margin,vision_cls_attention,logit_concept,0.5208333333333334
7300::118::cub_attribute_yes_no_v1,7300,125,118,0,projector.output,32,raw_yes_minus_no,vision_cls_attention,logit_concept,-0.5208333333333334
7300::295::cub_attribute_yes_no_v1,7300,125,295,1,vision.late,32,correct_answer_margin,vision_cls_attention,logit_concept,0.2994791666666667
7300::295::cub_attribute_yes_no_v1,7300,125,295,1,vision.late,32,raw_yes_minus_no,vision_cls_attention,logit_concept,0.2994791666666667
7300::295::cub_attribute_yes_no_v1,7300,125,295,1,projector.output,32,correct_answer_margin,vision_cls_attention,logit_concept,0.25520833333333337
7300::295::cub_attribute_yes_no_v1,7300,125,295,1,projector.output,32,raw_yes_minus_no,vision_cls_attention,logit_concept,0.25520833333333337
7300::305::cub_attribute_yes_no_v1,7300,125,305,1,vision.late,32,correct_answer_margin,vision_cls_attention,logit_concept,0.328125
7300::305::cub_attribute_yes_no_v1,7300,125,305,1,vision.late,32,raw_yes_minus_no,vision_cls_attention,logit_concept,0.328125
7300::305::cub_attribute_yes_no_v1,7300,125,305,1,projector.output,32,correct_answer_margin,vision_cls_attention,logit_concept,0.37760416666666663
7300::305::cub_attribute_yes_no_v1,7300,125,305,1,projector.output,32,raw_yes_minus_no,vision_cls_attention,logit_concept,0.37760416666666663
7300::311::cub_attribute_yes_no_v1,7300,125,311,1,vision.late,32,correct_answer_margin,vision_cls_attention,logit_concept,0.5
7300::311::cub_attribute_yes_no_v1,7300,125,311,1,vision.late,32,raw_yes_minus_no,vision_cls_attention,logit_concept,0.5
7300::311::cub_attribute_yes_no_v1,7300,125,311,1,projector.output,32,correct_answer_margin,vision_cls_attention,logit_concept,0.47135416666666674
7300::311::cub_attribute_yes_no_v1,7300,125,311,1,projector.output,32,raw_yes_minus_no,vision_cls_attention,logit_concept,0.47135416666666674
7300::8::cub_attribute_yes_no_v1,7300,125,8,1,vision.late,32,correct_answer_margin,vision_cls_attention,logit_concept,0.3125
7300::8::cub_attribute_yes_no_v1,7300,125,8,1,vision.late,32,raw_yes_minus_no,vision_cls_attention,logit_concept,0.3125
7300::8::cub_attribute_yes_no_v1,7300,125,8,1,projector.output,32,correct_answer_margin,vision_cls_attention,logit_concept,0.29427083333333337
7300::8::cub_attribute_yes_no_v1,7300,125,8,1,projector.output,32,raw_yes_minus_no,vision_cls_attention,logit_concept,0.29427083333333337
7307::104::cub_attribute_yes_no_v1,7307,125,104,1,vision.late,32,correct_answer_margin,vision_cls_attention,logit_concept,1.0286458333333333
7307::104::cub_attribute_yes_no_v1,7307,125,104,1,vision.late,32,raw_yes_minus_no,vision_cls_attention,logit_concept,1.0286458333333333
7307::104::cub_attribute_yes_no_v1,7307,125,104,1,projector.output,32,correct_answer_margin,vision_cls_attention,logit_concept,1.1119791666666667
7307::104::cub_attribute_yes_no_v1,7307,125,104,1,projector.output,32,raw_yes_minus_no,vision_cls_attention,logit_concept,1.1119791666666667
7307::105::cub_attribute_yes_no_v1,7307,125,105,0,vision.late,32,correct_answer_margin,vision_cls_attention,logit_concept,-1.0494791666666667
7307::105::cub_attribute_yes_no_v1,7307,125,105,0,vision.late,32,raw_yes_minus_no,vision_cls_attention,logit_concept,1.0494791666666667
7307::105::cub_attribute_yes_no_v1,7307,125,105,0,projector.output,32,correct_answer_margin,vision_cls_attention,logit_concept,-1.1302083333333335
7307::105::cub_attribute_yes_no_v1,7307,125,105,0,projector.output,32,raw_yes_minus_no,vision_cls_attention,logit_concept,1.1302083333333335
7307::117::cub_attribute_yes_no_v1,7307,125,117,1,vision.late,32,correct_answer_margin,vision_cls_attention,logit_concept,-0.11197916666666666
7307::117::cub_attribute_yes_no_v1,7307,125,117,1,vision.late,32,raw_yes_minus_no,vision_cls_attention,logit_concept,-0.11197916666666666
7307::117::cub_attribute_yes_no_v1,7307,125,117,1,projector.output,32,correct_answer_margin,vision_cls_attention,logit_concept,-0.04166666666666663
7307::117::cub_attribute_yes_no_v1,7307,125,117,1,projector.output,32,raw_yes_minus_no,vision_cls_attention,logit_concept,-0.04166666666666663
7307::118::cub_attribute_yes_no_v1,7307,125,118,0,vision.late,32,correct_answer_margin,vision_cls_attention,logit_concept,0.12239583333333334
7307::118::cub_attribute_yes_no_v1,7307,125,118,0,vision.late,32,raw_yes_minus_no,vision_cls_attention,logit_concept,-0.12239583333333334
7307::118::cub_attribute_yes_no_v1,7307,125,118,0,projector.output,32,correct_answer_margin,vision_cls_attention,logit_concept,0.14062500000000003
7307::118::cub_attribute_yes_no_v1,7307,125,118,0,projector.output,32,raw_yes_minus_no,vision_cls_attention,logit_concept,-0.14062500000000003
7307::120::cub_attribute_yes_no_v1,7307,125,120,1,vision.late,32,correct_answer_margin,vision_cls_attention,logit_concept,0.2109375
7307::120::cub_attribute_yes_no_v1,7307,125,120,1,vision.late,32,raw_yes_minus_no,vision_cls_attention,logit_concept,0.2109375
7307::120::cub_attribute_yes_no_v1,7307,125,120,1,projector.output,32,correct_answer_margin,vision_cls_attention,logit_concept,0.21354166666666663
7307::120::cub_attribute_yes_no_v1,7307,125,120,1,projector.output,32,raw_yes_minus_no,vision_cls_attention,logit_concept,0.21354166666666663
7307::295::cub_attribute_yes_no_v1,7307,125,295,1,vision.late,32,correct_answer_margin,vision_cls_attention,logit_concept,0.9921875
7307::295::cub_attribute_yes_no_v1,7307,125,295,1,vision.late,32,raw_yes_minus_no,vision_cls_attention,logit_concept,0.9921875
7307::295::cub_attribute_yes_no_v1,7307,125,295,1,projector.output,32,correct_answer_margin,vision_cls_attention,logit_concept,1.0286458333333333
7307::295::cub_attribute_yes_no_v1,7307,125,295,1,projector.output,32,raw_yes_minus_no,vision_cls_attention,logit_concept,1.0286458333333333
7307::299::cub_attribute_yes_no_v1,7307,125,299,0,vision.late,32,correct_answer_margin,vision_cls_attention,logit_concept,-0.1328125
7307::299::cub_attribute_yes_no_v1,7307,125,299,0,vision.late,32,raw_yes_minus_no,vision_cls_attention,logit_concept,0.1328125
7307::299::cub_attribute_yes_no_v1,7307,125,299,0,projector.output,32,correct_answer_margin,vision_cls_attention,logit_concept,-0.15364583333333334
7307::299::cub_attribute_yes_no_v1,7307,125,299,0,projector.output,32,raw_yes_minus_no,vision_cls_attention,logit_concept,0.15364583333333334
7307::311::cub_attribute_yes_no_v1,7307,125,311,0,vision.late,32,correct_answer_margin,vision_cls_attention,logit_concept,-0.3723958333333333
7307::311::cub_attribute_yes_no_v1,7307,125,311,0,vision.late,32,raw_yes_minus_no,vision_cls_attention,logit_concept,0.3723958333333333
7307::311::cub_attribute_yes_no_v1,7307,125,311,0,projector.output,32,correct_answer_margin,vision_cls_attention,logit_concept,-0.38802083333333326
7307::311::cub_attribute_yes_no_v1,7307,125,311,0,projector.output,32,raw_yes_minus_no,vision_cls_attention,logit_concept,0.38802083333333326
7307::312::cub_attribute_yes_no_v1,7307,125,312,1,vision.late,32,correct_answer_margin,vision_cls_attention,logit_concept,0.39583333333333337
7307::312::cub_attribute_yes_no_v1,7307,125,312,1,vision.late,32,raw_yes_minus_no,vision_cls_attention,logit_concept,0.39583333333333337
7307::312::cub_attribute_yes_no_v1,7307,125,312,1,projector.output,32,correct_answer_margin,vision_cls_attention,logit_concept,0.45312499999999994
7307::312::cub_attribute_yes_no_v1,7307,125,312,1,projector.output,32,raw_yes_minus_no,vision_cls_attention,logit_concept,0.45312499999999994
7307::7::cub_attribute_yes_no_v1,7307,125,7,0,vision.late,32,correct_answer_margin,vision_cls_attention,logit_concept,-0.05468750000000003
7307::7::cub_attribute_yes_no_v1,7307,125,7,0,vision.late,32,raw_yes_minus_no,vision_cls_attention,logit_concept,0.05468750000000003
7307::7::cub_attribute_yes_no_v1,7307,125,7,0,projector.output,32,correct_answer_margin,vision_cls_attention,logit_concept,-0.16927083333333331
7307::7::cub_attribute_yes_no_v1,7307,125,7,0,projector.output,32,raw_yes_minus_no,vision_cls_attention,logit_concept,0.16927083333333331
7307::8::cub_attribute_yes_no_v1,7307,125,8,1,vision.late,32,correct_answer_margin,vision_cls_attention,logit_concept,0.21875000000000003
7307::8::cub_attribute_yes_no_v1,7307,125,8,1,vision.late,32,raw_yes_minus_no,vision_cls_attention,logit_concept,0.21875000000000003
7307::8::cub_attribute_yes_no_v1,7307,125,8,1,projector.output,32,correct_answer_margin,vision_cls_attention,logit_concept,0.30208333333333337
7307::8::cub_attribute_yes_no_v1,7307,125,8,1,projector.output,32,raw_yes_minus_no,vision_cls_attention,logit_concept,0.30208333333333337
7325::100::cub_attribute_yes_no_v1,7325,125,100,0,vision.late,32,correct_answer_margin,vision_cls_attention,logit_concept,-0.03906249999999999
7325::100::cub_attribute_yes_no_v1,7325,125,100,0,vision.late,32,raw_yes_minus_no,vision_cls_attention,logit_concept,0.03906249999999999
7325::100::cub_attribute_yes_no_v1,7325,125,100,0,projector.output,32,correct_answer_margin,vision_cls_attention,logit_concept,-0.06249999999999999
7325::100::cub_attribute_yes_no_v1,7325,125,100,0,projector.output,32,raw_yes_minus_no,vision_cls_attention,logit_concept,0.06249999999999999
7325::101::cub_attribute_yes_no_v1,7325,125,101,1,vision.late,32,correct_answer_margin,vision_cls_attention,logit_concept,-0.023437500000000003
7325::101::cub_attribute_yes_no_v1,7325,125,101,1,vision.late,32,raw_yes_minus_no,vision_cls_attention,logit_concept,-0.023437500000000003
7325::101::cub_attribute_yes_no_v1,7325,125,101,1,projector.output,32,correct_answer_margin,vision_cls_attention,logit_concept,0.010416666666666668
7325::101::cub_attribute_yes_no_v1,7325,125,101,1,projector.output,32,raw_yes_minus_no,vision_cls_attention,logit_concept,0.010416666666666668
7325::104::cub_attribute_yes_no_v1,7325,125,104,0,vision.late,32,correct_answer_margin,vision_cls_attention,logit_concept,-0.21354166666666669
7325::104::cub_attribute_yes_no_v1,7325,125,104,0,vision.late,32,raw_yes_minus_no,vision_cls_attention,logit_concept,0.21354166666666669
7325::104::cub_attribute_yes_no_v1,7325,125,104,0,projector.output,32,correct_answer_margin,vision_cls_attention,logit_concept,-0.2994791666666667
7325::104::cub_attribute_yes_no_v1,7325,125,104,0,projector.output,32,raw_yes_minus_no,vision_cls_attention,logit_concept,0.2994791666666667
7325::111::cub_attribute_yes_no_v1,7325,125,111,1,vision.late,32,correct_answer_margin,vision_cls_attention,logit_concept,0.026041666666666664
7325::111::cub_attribute_yes_no_v1,7325,125,111,1,vision.late,32,raw_yes_minus_no,vision_cls_attention,logit_concept,0.026041666666666664
7325::111::cub_attribute_yes_no_v1,7325,125,111,1,projector.output,32,correct_answer_margin,vision_cls_attention,logit_concept,0.013020833333333329
7325::111::cub_attribute_yes_no_v1,7325,125,111,1,projector.output,32,raw_yes_minus_no,vision_cls_attention,logit_concept,0.013020833333333329
7325::117::cub_attribute_yes_no_v1,7325,125,117,1,vision.late,32,correct_answer_margin,vision_cls_attention,logit_concept,-0.23958333333333331
7325::117::cub_attribute_yes_no_v1,7325,125,117,1,vision.late,32,raw_yes_minus_no,vision_cls_attention,logit_concept,-0.23958333333333331
7325::117::cub_attribute_yes_no_v1,7325,125,117,1,projector.output,32,correct_answer_margin,vision_cls_attention,logit_concept,-0.2604166666666667
7325::117::cub_attribute_yes_no_v1,7325,125,117,1,projector.output,32,raw_yes_minus_no,vision_cls_attention,logit_concept,-0.2604166666666667
7325::120::cub_attribute_yes_no_v1,7325,125,120,0,vision.late,32,correct_answer_margin,vision_cls_attention,logit_concept,0.09114583333333334
7325::120::cub_attribute_yes_no_v1,7325,125,120,0,vision.late,32,raw_yes_minus_no,vision_cls_attention,logit_concept,-0.09114583333333334
7325::120::cub_attribute_yes_no_v1,7325,125,120,0,projector.output,32,correct_answer_margin,vision_cls_attention,logit_concept,0.09114583333333333
7325::120::cub_attribute_yes_no_v1,7325,125,120,0,projector.output,32,raw_yes_minus_no,vision_cls_attention,logit_concept,-0.09114583333333333
7325::299::cub_attribute_yes_no_v1,7325,125,299,1,vision.late,32,correct_answer_margin,vision_cls_attention,logit_concept,0.14322916666666666
7325::299::cub_attribute_yes_no_v1,7325,125,299,1,vision.late,32,raw_yes_minus_no,vision_cls_attention,logit_concept,0.14322916666666666
7325::299::cub_attribute_yes_no_v1,7325,125,299,1,projector.output,32,correct_answer_margin,vision_cls_attention,logit_concept,0.15625
7325::299::cub_attribute_yes_no_v1,7325,125,299,1,projector.output,32,raw_yes_minus_no,vision_cls_attention,logit_concept,0.15625
7325::309::cub_attribute_yes_no_v1,7325,125,309,0,vision.late,32,correct_answer_margin,vision_cls_attention,logit_concept,0.10156249999999999
7325::309::cub_attribute_yes_no_v1,7325,125,309,0,vision.late,32,raw_yes_minus_no,vision_cls_attention,logit_concept,-0.10156249999999999
7325::309::cub_attribute_yes_no_v1,7325,125,309,0,projector.output,32,correct_answer_margin,vision_cls_attention,logit_concept,0.07291666666666666
7325::309::cub_attribute_yes_no_v1,7325,125,309,0,projector.output,32,raw_yes_minus_no,vision_cls_attention,logit_concept,-0.07291666666666666
7325::311::cub_attribute_yes_no_v1,7325,125,311,1,vision.late,32,correct_answer_margin,vision_cls_attention,logit_concept,-0.0546875
7325::311::cub_attribute_yes_no_v1,7325,125,311,1,vision.late,32,raw_yes_minus_no,vision_cls_attention,logit_concept,-0.0546875
7325::311::cub_attribute_yes_no_v1,7325,125,311,1,projector.output,32,correct_answer_margin,vision_cls_attention,logit_concept,-0.06510416666666666
7325::311::cub_attribute_yes_no_v1,7325,125,311,1,projector.output,32,raw_yes_minus_no,vision_cls_attention,logit_concept,-0.06510416666666666
7325::312::cub_attribute_yes_no_v1,7325,125,312,0,vision.late,32,correct_answer_margin,vision_cls_attention,logit_concept,0.0026041666666666713
7325::312::cub_attribute_yes_no_v1,7325,125,312,0,vision.late,32,raw_yes_minus_no,vision_cls_attention,logit_concept,-0.0026041666666666713
7325::312::cub_attribute_yes_no_v1,7325,125,312,0,projector.output,32,correct_answer_margin,vision_cls_attention,logit_concept,0.036458333333333336
7325::312::cub_attribute_yes_no_v1,7325,125,312,0,projector.output,32,raw_yes_minus_no,vision_cls_attention,logit_concept,-0.036458333333333336
7325::7::cub_attribute_yes_no_v1,7325,125,7,0,vision.late,32,correct_answer_margin,vision_cls_attention,logit_concept,0.16666666666666669
7325::7::cub_attribute_yes_no_v1,7325,125,7,0,vision.late,32,raw_yes_minus_no,vision_cls_attention,logit_concept,-0.16666666666666669
7325::7::cub_attribute_yes_no_v1,7325,125,7,0,projector.output,32,correct_answer_margin,vision_cls_attention,logit_concept,0.14583333333333331
7325::7::cub_attribute_yes_no_v1,7325,125,7,0,projector.output,32,raw_yes_minus_no,vision_cls_attention,logit_concept,-0.14583333333333331
7325::8::cub_attribute_yes_no_v1,7325,125,8,1,vision.late,32,correct_answer_margin,vision_cls_attention,logit_concept,-0.19010416666666669
7325::8::cub_attribute_yes_no_v1,7325,125,8,1,vision.late,32,raw_yes_minus_no,vision_cls_attention,logit_concept,-0.19010416666666669
7325::8::cub_attribute_yes_no_v1,7325,125,8,1,projector.output,32,correct_answer_margin,vision_cls_attention,logit_concept,-0.171875
7325::8::cub_attribute_yes_no_v1,7325,125,8,1,projector.output,32,raw_yes_minus_no,vision_cls_attention,logit_concept,-0.171875
7571::100::cub_attribute_yes_no_v1,7571,130,100,0,vision.late,32,correct_answer_margin,vision_cls_attention,logit_concept,-0.30208333333333337
7571::100::cub_attribute_yes_no_v1,7571,130,100,0,vision.late,32,raw_yes_minus_no,vision_cls_attention,logit_concept,0.30208333333333337
7571::100::cub_attribute_yes_no_v1,7571,130,100,0,projector.output,32,correct_answer_margin,vision_cls_attention,logit_concept,-0.3151041666666667
7571::100::cub_attribute_yes_no_v1,7571,130,100,0,projector.output,32,raw_yes_minus_no,vision_cls_attention,logit_concept,0.3151041666666667
7571::103::cub_attribute_yes_no_v1,7571,130,103,1,vision.late,32,correct_answer_margin,vision_cls_attention,logit_concept,0.16145833333333334
7571::103::cub_attribute_yes_no_v1,7571,130,103,1,vision.late,32,raw_yes_minus_no,vision_cls_attention,logit_concept,0.16145833333333334
7571::103::cub_attribute_yes_no_v1,7571,130,103,1,projector.output,32,correct_answer_margin,vision_cls_attention,logit_concept,0.203125
7571::103::cub_attribute_yes_no_v1,7571,130,103,1,projector.output,32,raw_yes_minus_no,vision_cls_attention,logit_concept,0.203125
7571::120::cub_attribute_yes_no_v1,7571,130,120,0,vision.late,32,correct_answer_margin,vision_cls_attention,logit_concept,-0.9609375
7571::120::cub_attribute_yes_no_v1,7571,130,120,0,vision.late,32,raw_yes_minus_no,vision_cls_attention,logit_concept,0.9609375
7571::120::cub_attribute_yes_no_v1,7571,130,120,0,projector.output,32,correct_answer_margin,vision_cls_attention,logit_concept,-0.984375
7571::120::cub_attribute_yes_no_v1,7571,130,120,0,projector.output,32,raw_yes_minus_no,vision_cls_attention,logit_concept,0.984375
7571::295::cub_attribute_yes_no_v1,7571,130,295,0,vision.late,32,correct_answer_margin,vision_cls_attention,logit_concept,-1.2265625
7571::295::cub_attribute_yes_no_v1,7571,130,295,0,vision.late,32,raw_yes_minus_no,vision_cls_attention,logit_concept,1.2265625
7571::295::cub_attribute_yes_no_v1,7571,130,295,0,projector.output,32,correct_answer_margin,vision_cls_attention,logit_concept,-1.3020833333333335
7571::295::cub_attribute_yes_no_v1,7571,130,295,0,projector.output,32,raw_yes_minus_no,vision_cls_attention,logit_concept,1.3020833333333335
7571::308::cub_attribute_yes_no_v1,7571,130,308,1,vision.late,32,correct_answer_margin,vision_cls_attention,logit_concept,1.4661458333333333
7571::308::cub_attribute_yes_no_v1,7571,130,308,1,vision.late,32,raw_yes_minus_no,vision_cls_attention,logit_concept,1.4661458333333333
7571::308::cub_attribute_yes_no_v1,7571,130,308,1,projector.output,32,correct_answer_margin,vision_cls_attention,logit_concept,1.4635416666666667
7571::308::cub_attribute_yes_no_v1,7571,130,308,1,projector.output,32,raw_yes_minus_no,vision_cls_attention,logit_concept,1.4635416666666667
7571::311::cub_attribute_yes_no_v1,7571,130,311,1,vision.late,32,correct_answer_margin,vision_cls_attention,logit_concept,-0.0546875
7571::311::cub_attribute_yes_no_v1,7571,130,311,1,vision.late,32,raw_yes_minus_no,vision_cls_attention,logit_concept,-0.0546875
7571::311::cub_attribute_yes_no_v1,7571,130,311,1,projector.output,32,correct_answer_margin,vision_cls_attention,logit_concept,-0.0703125
7571::311::cub_attribute_yes_no_v1,7571,130,311,1,projector.output,32,raw_yes_minus_no,vision_cls_attention,logit_concept,-0.0703125
7571::312::cub_attribute_yes_no_v1,7571,130,312,0,vision.late,32,correct_answer_margin,vision_cls_attention,logit_concept,-0.609375
7571::312::cub_attribute_yes_no_v1,7571,130,312,0,vision.late,32,raw_yes_minus_no,vision_cls_attention,logit_concept,0.609375
7571::312::cub_attribute_yes_no_v1,7571,130,312,0,projector.output,32,correct_answer_margin,vision_cls_attention,logit_concept,-0.6119791666666666
7571::312::cub_attribute_yes_no_v1,7571,130,312,0,projector.output,32,raw_yes_minus_no,vision_cls_attention,logit_concept,0.6119791666666666
7571::7::cub_attribute_yes_no_v1,7571,130,7,0,vision.late,32,correct_answer_margin,vision_cls_attention,logit_concept,0.010416666666666668
7571::7::cub_attribute_yes_no_v1,7571,130,7,0,vision.late,32,raw_yes_minus_no,vision_cls_attention,logit_concept,-0.010416666666666668
7571::7::cub_attribute_yes_no_v1,7571,130,7,0,projector.output,32,correct_answer_margin,vision_cls_attention,logit_concept,-0.0546875
7571::7::cub_attribute_yes_no_v1,7571,130,7,0,projector.output,32,raw_yes_minus_no,vision_cls_attention,logit_concept,0.0546875
7571::8::cub_attribute_yes_no_v1,7571,130,8,1,vision.late,32,correct_answer_margin,vision_cls_attention,logit_concept,0.028645833333333336
7571::8::cub_attribute_yes_no_v1,7571,130,8,1,vision.late,32,raw_yes_minus_no,vision_cls_attention,logit_concept,0.028645833333333336
7571::8::cub_attribute_yes_no_v1,7571,130,8,1,projector.output,32,correct_answer_margin,vision_cls_attention,logit_concept,0.11458333333333333
7571::8::cub_attribute_yes_no_v1,7571,130,8,1,projector.output,32,raw_yes_minus_no,vision_cls_attention,logit_concept,0.11458333333333333
7585::100::cub_attribute_yes_no_v1,7585,130,100,0,vision.late,32,correct_answer_margin,vision_cls_attention,logit_concept,-0.13020833333333334
7585::100::cub_attribute_yes_no_v1,7585,130,100,0,vision.late,32,raw_yes_minus_no,vision_cls_attention,logit_concept,0.13020833333333334
7585::100::cub_attribute_yes_no_v1,7585,130,100,0,projector.output,32,correct_answer_margin,vision_cls_attention,logit_concept,-0.15625
7585::100::cub_attribute_yes_no_v1,7585,130,100,0,projector.output,32,raw_yes_minus_no,vision_cls_attention,logit_concept,0.15625
7585::102::cub_attribute_yes_no_v1,7585,130,102,0,vision.late,32,correct_answer_margin,vision_cls_attention,logit_concept,0.22135416666666666
7585::102::cub_attribute_yes_no_v1,7585,130,102,0,vision.late,32,raw_yes_minus_no,vision_cls_attention,logit_concept,-0.22135416666666666
7585::102::cub_attribute_yes_no_v1,7585,130,102,0,projector.output,32,correct_answer_margin,vision_cls_attention,logit_concept,0.20572916666666666
7585::102::cub_attribute_yes_no_v1,7585,130,102,0,projector.output,32,raw_yes_minus_no,vision_cls_attention,logit_concept,-0.20572916666666666
7585::105::cub_attribute_yes_no_v1,7585,130,105,1,vision.late,32,correct_answer_margin,vision_cls_attention,logit_concept,0.4348958333333333
7585::105::cub_attribute_yes_no_v1,7585,130,105,1,vision.late,32,raw_yes_minus_no,vision_cls_attention,logit_concept,0.4348958333333333
7585::105::cub_attribute_yes_no_v1,7585,130,105,1,projector.output,32,correct_answer_margin,vision_cls_attention,logit_concept,0.4713541666666667
7585::105::cub_attribute_yes_no_v1,7585,130,105,1,projector.output,32,raw_yes_minus_no,vision_cls_attention,logit_concept,0.4713541666666667
7585::107::cub_attribute_yes_no_v1,7585,130,107,0,vision.late,32,correct_answer_margin,vision_cls_attention,logit_concept,-0.14322916666666666
7585::107::cub_attribute_yes_no_v1,7585,130,107,0,vision.late,32,raw_yes_minus_no,vision_cls_attention,logit_concept,0.14322916666666666
7585::107::cub_attribute_yes_no_v1,7585,130,107,0,projector.output,32,correct_answer_margin,vision_cls_attention,logit_concept,-0.18229166666666666
7585::107::cub_attribute_yes_no_v1,7585,130,107,0,projector.output,32,raw_yes_minus_no,vision_cls_attention,logit_concept,0.18229166666666666
7585::111::cub_attribute_yes_no_v1,7585,130,111,1,vision.late,32,correct_answer_margin,vision_cls_attention,logit_concept,-0.0078125
7585::111::cub_attribute_yes_no_v1,7585,130,111,1,vision.late,32,raw_yes_minus_no,vision_cls_attention,logit_concept,-0.0078125
7585::111::cub_attribute_yes_no_v1,7585,130,111,1,projector.output,32,correct_answer_margin,vision_cls_attention,logit_concept,-0.03125
7585::111::cub_attribute_yes_no_v1,7585,130,111,1,projector.output,32,raw_yes_minus_no,vision_cls_attention,logit_concept,-0.03125
7585::117::cub_attribute_yes_no_v1,7585,130,117,0,vision.late,32,correct_answer_margin,vision_cls_attention,logit_concept,-0.17708333333333331
7585::117::cub_attribute_yes_no_v1,7585,130,117,0,vision.late,32,raw_yes_minus_no,vision_cls_attention,logit_concept,0.17708333333333331
7585::117::cub_attribute_yes_no_v1,7585,130,117,0,projector.output,32,correct_answer_margin,vision_cls_attention,logit_concept,-0.15885416666666666
7585::117::cub_attribute_yes_no_v1,7585,130,117,0,projector.output,32,raw_yes_minus_no,vision_cls_attention,logit_concept,0.15885416666666666
7585::118::cub_attribute_yes_no_v1,7585,130,118,1,vision.late,32,correct_answer_margin,vision_cls_attention,logit_concept,-0.04166666666666667
7585::118::cub_attribute_yes_no_v1,7585,130,118,1,vision.late,32,raw_yes_minus_no,vision_cls_attention,logit_concept,-0.04166666666666667
7585::118::cub_attribute_yes_no_v1,7585,130,118,1,projector.output,32,correct_answer_margin,vision_cls_attention,logit_concept,-0.03645833333333333
7585::118::cub_attribute_yes_no_v1,7585,130,118,1,projector.output,32,raw_yes_minus_no,vision_cls_attention,logit_concept,-0.03645833333333333
7585::120::cub_attribute_yes_no_v1,7585,130,120,1,vision.late,32,correct_answer_margin,vision_cls_attention,logit_concept,0.013020833333333336
7585::120::cub_attribute_yes_no_v1,7585,130,120,1,vision.late,32,raw_yes_minus_no,vision_cls_attention,logit_concept,0.013020833333333336
7585::120::cub_attribute_yes_no_v1,7585,130,120,1,projector.output,32,correct_answer_margin,vision_cls_attention,logit_concept,0.04427083333333334
7585::120::cub_attribute_yes_no_v1,7585,130,120,1,projector.output,32,raw_yes_minus_no,vision_cls_attention,logit_concept,0.04427083333333334
7585::295::cub_attribute_yes_no_v1,7585,130,295,1,vision.late,32,correct_answer_margin,vision_cls_attention,logit_concept,0.7473958333333334
7585::295::cub_attribute_yes_no_v1,7585,130,295,1,vision.late,32,raw_yes_minus_no,vision_cls_attention,logit_concept,0.7473958333333334
7585::295::cub_attribute_yes_no_v1,7585,130,295,1,projector.output,32,correct_answer_margin,vision_cls_attention,logit_concept,0.78125
7585::295::cub_attribute_yes_no_v1,7585,130,295,1,projector.output,32,raw_yes_minus_no,vision_cls_attention,logit_concept,0.78125
7585::299::cub_attribute_yes_no_v1,7585,130,299,0,vision.late,32,correct_answer_margin,vision_cls_attention,logit_concept,-0.265625
7585::299::cub_attribute_yes_no_v1,7585,130,299,0,vision.late,32,raw_yes_minus_no,vision_cls_attention,logit_concept,0.265625
7585::299::cub_attribute_yes_no_v1,7585,130,299,0,projector.output,32,correct_answer_margin,vision_cls_attention,logit_concept,-0.2552083333333333
7585::299::cub_attribute_yes_no_v1,7585,130,299,0,projector.output,32,raw_yes_minus_no,vision_cls_attention,logit_concept,0.2552083333333333
7585::305::cub_attribute_yes_no_v1,7585,130,305,1,vision.late,32,correct_answer_margin,vision_cls_attention,logit_concept,0.24479166666666669
7585::305::cub_attribute_yes_no_v1,7585,130,305,1,vision.late,32,raw_yes_minus_no,vision_cls_attention,logit_concept,0.24479166666666669
7585::305::cub_attribute_yes_no_v1,7585,130,305,1,projector.output,32,correct_answer_margin,vision_cls_attention,logit_concept,0.26302083333333337
7585::305::cub_attribute_yes_no_v1,7585,130,305,1,projector.output,32,raw_yes_minus_no,vision_cls_attention,logit_concept,0.26302083333333337
7585::306::cub_attribute_yes_no_v1,7585,130,306,0,vision.late,32,correct_answer_margin,vision_cls_attention,logit_concept,-0.09114583333333333
7585::306::cub_attribute_yes_no_v1,7585,130,306,0,vision.late,32,raw_yes_minus_no,vision_cls_attention,logit_concept,0.09114583333333333
7585::306::cub_attribute_yes_no_v1,7585,130,306,0,projector.output,32,correct_answer_margin,vision_cls_attention,logit_concept,-0.09635416666666666
7585::306::cub_attribute_yes_no_v1,7585,130,306,0,projector.output,32,raw_yes_minus_no,vision_cls_attention,logit_concept,0.09635416666666666
7585::309::cub_attribute_yes_no_v1,7585,130,309,0,vision.late,32,correct_answer_margin,vision_cls_attention,logit_concept,0.013020833333333332
7585::309::cub_attribute_yes_no_v1,7585,130,309,0,vision.late,32,raw_yes_minus_no,vision_cls_attention,logit_concept,-0.013020833333333332
7585::309::cub_attribute_yes_no_v1,7585,130,309,0,projector.output,32,correct_answer_margin,vision_cls_attention,logit_concept,-0.02604166666666667
7585::309::cub_attribute_yes_no_v1,7585,130,309,0,projector.output,32,raw_yes_minus_no,vision_cls_attention,logit_concept,0.02604166666666667
7585::311::cub_attribute_yes_no_v1,7585,130,311,1,vision.late,32,correct_answer_margin,vision_cls_attention,logit_concept,0.013020833333333329
7585::311::cub_attribute_yes_no_v1,7585,130,311,1,vision.late,32,raw_yes_minus_no,vision_cls_attention,logit_concept,0.013020833333333329
7585::311::cub_attribute_yes_no_v1,7585,130,311,1,projector.output,32,correct_answer_margin,vision_cls_attention,logit_concept,0.16666666666666669
7585::311::cub_attribute_yes_no_v1,7585,130,311,1,projector.output,32,raw_yes_minus_no,vision_cls_attention,logit_concept,0.16666666666666669
7585::7::cub_attribute_yes_no_v1,7585,130,7,0,vision.late,32,correct_answer_margin,vision_cls_attention,logit_concept,0.17187499999999997
7585::7::cub_attribute_yes_no_v1,7585,130,7,0,vision.late,32,raw_yes_minus_no,vision_cls_attention,logit_concept,-0.17187499999999997
7585::7::cub_attribute_yes_no_v1,7585,130,7,0,projector.output,32,correct_answer_margin,vision_cls_attention,logit_concept,0.13802083333333331
7585::7::cub_attribute_yes_no_v1,7585,130,7,0,projector.output,32,raw_yes_minus_no,vision_cls_attention,logit_concept,-0.13802083333333331
7585::8::cub_attribute_yes_no_v1,7585,130,8,1,vision.late,32,correct_answer_margin,vision_cls_attention,logit_concept,-0.046875
7585::8::cub_attribute_yes_no_v1,7585,130,8,1,vision.late,32,raw_yes_minus_no,vision_cls_attention,logit_concept,-0.046875
7585::8::cub_attribute_yes_no_v1,7585,130,8,1,projector.output,32,correct_answer_margin,vision_cls_attention,logit_concept,-0.03385416666666667
7585::8::cub_attribute_yes_no_v1,7585,130,8,1,projector.output,32,raw_yes_minus_no,vision_cls_attention,logit_concept,-0.03385416666666667
7585::96::cub_attribute_yes_no_v1,7585,130,96,0,vision.late,32,correct_answer_margin,vision_cls_attention,logit_concept,-0.08333333333333334
7585::96::cub_attribute_yes_no_v1,7585,130,96,0,vision.late,32,raw_yes_minus_no,vision_cls_attention,logit_concept,0.08333333333333334
7585::96::cub_attribute_yes_no_v1,7585,130,96,0,projector.output,32,correct_answer_margin,vision_cls_attention,logit_concept,-0.1484375
7585::96::cub_attribute_yes_no_v1,7585,130,96,0,projector.output,32,raw_yes_minus_no,vision_cls_attention,logit_concept,0.1484375
7619::101::cub_attribute_yes_no_v1,7619,130,101,1,vision.late,32,correct_answer_margin,vision_cls_attention,logit_concept,0.05468749999999999
7619::101::cub_attribute_yes_no_v1,7619,130,101,1,vision.late,32,raw_yes_minus_no,vision_cls_attention,logit_concept,0.05468749999999999
7619::101::cub_attribute_yes_no_v1,7619,130,101,1,projector.output,32,correct_answer_margin,vision_cls_attention,logit_concept,0.17447916666666669
7619::101::cub_attribute_yes_no_v1,7619,130,101,1,projector.output,32,raw_yes_minus_no,vision_cls_attention,logit_concept,0.17447916666666669
7619::111::cub_attribute_yes_no_v1,7619,130,111,0,vision.late,32,correct_answer_margin,vision_cls_attention,logit_concept,-0.08333333333333334
7619::111::cub_attribute_yes_no_v1,7619,130,111,0,vision.late,32,raw_yes_minus_no,vision_cls_attention,logit_concept,0.08333333333333334
7619::111::cub_attribute_yes_no_v1,7619,130,111,0,projector.output,32,correct_answer_margin,vision_cls_attention,logit_concept,-0.125
7619::111::cub_attribute_yes_no_v1,7619,130,111,0,projector.output,32,raw_yes_minus_no,vision_cls_attention,logit_concept,0.125
7619::117::cub_attribute_yes_no_v1,7619,130,117,0,vision.late,32,correct_answer_margin,vision_cls_attention,logit_concept,0.2734375
7619::117::cub_attribute_yes_no_v1,7619,130,117,0,vision.late,32,raw_yes_minus_no,vision_cls_attention,logit_concept,-0.2734375
7619::117::cub_attribute_yes_no_v1,7619,130,117,0,projector.output,32,correct_answer_margin,vision_cls_attention,logit_concept,0.21354166666666669
7619::117::cub_attribute_yes_no_v1,7619,130,117,0,projector.output,32,raw_yes_minus_no,vision_cls_attention,logit_concept,-0.21354166666666669
7619::118::cub_attribute_yes_no_v1,7619,130,118,0,vision.late,32,correct_answer_margin,vision_cls_attention,logit_concept,0.35677083333333337
7619::118::cub_attribute_yes_no_v1,7619,130,118,0,vision.late,32,raw_yes_minus_no,vision_cls_attention,logit_concept,-0.35677083333333337
7619::118::cub_attribute_yes_no_v1,7619,130,118,0,projector.output,32,correct_answer_margin,vision_cls_attention,logit_concept,0.3203125
7619::118::cub_attribute_yes_no_v1,7619,130,118,0,projector.output,32,raw_yes_minus_no,vision_cls_attention,logit_concept,-0.3203125
7619::120::cub_attribute_yes_no_v1,7619,130,120,1,vision.late,32,correct_answer_margin,vision_cls_attention,logit_concept,0.42447916666666663
7619::120::cub_attribute_yes_no_v1,7619,130,120,1,vision.late,32,raw_yes_minus_no,vision_cls_attention,logit_concept,0.42447916666666663
7619::120::cub_attribute_yes_no_v1,7619,130,120,1,projector.output,32,correct_answer_margin,vision_cls_attention,logit_concept,0.4895833333333333
7619::120::cub_attribute_yes_no_v1,7619,130,120,1,projector.output,32,raw_yes_minus_no,vision_cls_attention,logit_concept,0.4895833333333333
7619::295::cub_attribute_yes_no_v1,7619,130,295,1,vision.late,32,correct_answer_margin,vision_cls_attention,logit_concept,0.5833333333333334
7619::295::cub_attribute_yes_no_v1,7619,130,295,1,vision.late,32,raw_yes_minus_no,vision_cls_attention,logit_concept,0.5833333333333334
7619::295::cub_attribute_yes_no_v1,7619,130,295,1,projector.output,32,correct_answer_margin,vision_cls_attention,logit_concept,0.6380208333333334
7619::295::cub_attribute_yes_no_v1,7619,130,295,1,projector.output,32,raw_yes_minus_no,vision_cls_attention,logit_concept,0.6380208333333334
7619::299::cub_attribute_yes_no_v1,7619,130,299,0,vision.late,32,correct_answer_margin,vision_cls_attention,logit_concept,-0.03385416666666667
7619::299::cub_attribute_yes_no_v1,7619,130,299,0,vision.late,32,raw_yes_minus_no,vision_cls_attention,logit_concept,0.03385416666666667
7619::299::cub_attribute_yes_no_v1,7619,130,299,0,projector.output,32,correct_answer_margin,vision_cls_attention,logit_concept,-0.02864583333333333
7619::299::cub_attribute_yes_no_v1,7619,130,299,0,projector.output,32,raw_yes_minus_no,vision_cls_attention,logit_concept,0.02864583333333333
7619::310::cub_attribute_yes_no_v1,7619,130,310,0,vision.late,32,correct_answer_margin,vision_cls_attention,logit_concept,-0.7682291666666666
7619::310::cub_attribute_yes_no_v1,7619,130,310,0,vision.late,32,raw_yes_minus_no,vision_cls_attention,logit_concept,0.7682291666666666
7619::310::cub_attribute_yes_no_v1,7619,130,310,0,projector.output,32,correct_answer_margin,vision_cls_attention,logit_concept,-0.7057291666666667
7619::310::cub_attribute_yes_no_v1,7619,130,310,0,projector.output,32,raw_yes_minus_no,vision_cls_attention,logit_concept,0.7057291666666667
7619::311::cub_attribute_yes_no_v1,7619,130,311,1,vision.late,32,correct_answer_margin,vision_cls_attention,logit_concept,0.12239583333333337
7619::311::cub_attribute_yes_no_v1,7619,130,311,1,vision.late,32,raw_yes_minus_no,vision_cls_attention,logit_concept,0.12239583333333337
7619::311::cub_attribute_yes_no_v1,7619,130,311,1,projector.output,32,correct_answer_margin,vision_cls_attention,logit_concept,0.0234375
7619::311::cub_attribute_yes_no_v1,7619,130,311,1,projector.output,32,raw_yes_minus_no,vision_cls_attention,logit_concept,0.0234375
7619::312::cub_attribute_yes_no_v1,7619,130,312,0,vision.late,32,correct_answer_margin,vision_cls_attention,logit_concept,-0.5859375
7619::312::cub_attribute_yes_no_v1,7619,130,312,0,vision.late,32,raw_yes_minus_no,vision_cls_attention,logit_concept,0.5859375
7619::312::cub_attribute_yes_no_v1,7619,130,312,0,projector.output,32,correct_answer_margin,vision_cls_attention,logit_concept,-0.47916666666666663
7619::312::cub_attribute_yes_no_v1,7619,130,312,0,projector.output,32,raw_yes_minus_no,vision_cls_attention,logit_concept,0.47916666666666663
7619::5::cub_attribute_yes_no_v1,7619,130,5,0,vision.late,32,correct_answer_margin,vision_cls_attention,logit_concept,-0.43489583333333337
7619::5::cub_attribute_yes_no_v1,7619,130,5,0,vision.late,32,raw_yes_minus_no,vision_cls_attention,logit_concept,0.43489583333333337
7619::5::cub_attribute_yes_no_v1,7619,130,5,0,projector.output,32,correct_answer_margin,vision_cls_attention,logit_concept,-0.5390625
7619::5::cub_attribute_yes_no_v1,7619,130,5,0,projector.output,32,raw_yes_minus_no,vision_cls_attention,logit_concept,0.5390625
7619::7::cub_attribute_yes_no_v1,7619,130,7,0,vision.late,32,correct_answer_margin,vision_cls_attention,logit_concept,-0.265625
7619::7::cub_attribute_yes_no_v1,7619,130,7,0,vision.late,32,raw_yes_minus_no,vision_cls_attention,logit_concept,0.265625
7619::7::cub_attribute_yes_no_v1,7619,130,7,0,projector.output,32,correct_answer_margin,vision_cls_attention,logit_concept,-0.2630208333333333
7619::7::cub_attribute_yes_no_v1,7619,130,7,0,projector.output,32,raw_yes_minus_no,vision_cls_attention,logit_concept,0.2630208333333333
7619::8::cub_attribute_yes_no_v1,7619,130,8,1,vision.late,32,correct_answer_margin,vision_cls_attention,logit_concept,0.43229166666666663
7619::8::cub_attribute_yes_no_v1,7619,130,8,1,vision.late,32,raw_yes_minus_no,vision_cls_attention,logit_concept,0.43229166666666663
7619::8::cub_attribute_yes_no_v1,7619,130,8,1,projector.output,32,correct_answer_margin,vision_cls_attention,logit_concept,0.48177083333333337
7619::8::cub_attribute_yes_no_v1,7619,130,8,1,projector.output,32,raw_yes_minus_no,vision_cls_attention,logit_concept,0.48177083333333337
7627::101::cub_attribute_yes_no_v1,7627,131,101,1,vision.late,32,correct_answer_margin,vision_cls_attention,logit_concept,1.0442708333333335
7627::101::cub_attribute_yes_no_v1,7627,131,101,1,vision.late,32,raw_yes_minus_no,vision_cls_attention,logit_concept,1.0442708333333335
7627::101::cub_attribute_yes_no_v1,7627,131,101,1,projector.output,32,correct_answer_margin,vision_cls_attention,logit_concept,1.1666666666666665
7627::101::cub_attribute_yes_no_v1,7627,131,101,1,projector.output,32,raw_yes_minus_no,vision_cls_attention,logit_concept,1.1666666666666665
7627::102::cub_attribute_yes_no_v1,7627,131,102,0,vision.late,32,correct_answer_margin,vision_cls_attention,logit_concept,0.5546875
7627::102::cub_attribute_yes_no_v1,7627,131,102,0,vision.late,32,raw_yes_minus_no,vision_cls_attention,logit_concept,-0.5546875
7627::102::cub_attribute_yes_no_v1,7627,131,102,0,projector.output,32,correct_answer_margin,vision_cls_attention,logit_concept,0.5885416666666666
7627::102::cub_attribute_yes_no_v1,7627,131,102,0,projector.output,32,raw_yes_minus_no,vision_cls_attention,logit_concept,-0.5885416666666666
7627::111::cub_attribute_yes_no_v1,7627,131,111,1,vision.late,32,correct_answer_margin,vision_cls_attention,logit_concept,0.125
7627::111::cub_attribute_yes_no_v1,7627,131,111,1,vision.late,32,raw_yes_minus_no,vision_cls_attention,logit_concept,0.125
7627::111::cub_attribute_yes_no_v1,7627,131,111,1,projector.output,32,correct_answer_margin,vision_cls_attention,logit_concept,0.07552083333333334
7627::111::cub_attribute_yes_no_v1,7627,131,111,1,projector.output,32,raw_yes_minus_no,vision_cls_attention,logit_concept,0.07552083333333334
7627::117::cub_attribute_yes_no_v1,7627,131,117,0,vision.late,32,correct_answer_margin,vision_cls_attention,logit_concept,0.12760416666666666
7627::117::cub_attribute_yes_no_v1,7627,131,117,0,vision.late,32,raw_yes_minus_no,vision_cls_attention,logit_concept,-0.12760416666666666
7627::117::cub_attribute_yes_no_v1,7627,131,117,0,projector.output,32,correct_answer_margin,vision_cls_attention,logit_concept,0.06510416666666666
7627::117::cub_attribute_yes_no_v1,7627,131,117,0,projector.output,32,raw_yes_minus_no,vision_cls_attention,logit_concept,-0.06510416666666666
7627::120::cub_attribute_yes_no_v1,7627,131,120,0,vision.late,32,correct_answer_margin,vision_cls_attention,logit_concept,-0.20052083333333334
7627::120::cub_attribute_yes_no_v1,7627,131,120,0,vision.late,32,raw_yes_minus_no,vision_cls_attention,logit_concept,0.20052083333333334
7627::120::cub_attribute_yes_no_v1,7627,131,120,0,projector.output,32,correct_answer_margin,vision_cls_attention,logit_concept,-0.27604166666666663
7627::120::cub_attribute_yes_no_v1,7627,131,120,0,projector.output,32,raw_yes_minus_no,vision_cls_attention,logit_concept,0.27604166666666663
7627::295::cub_attribute_yes_no_v1,7627,131,295,0,vision.late,32,correct_answer_margin,vision_cls_attention,logit_concept,-0.5182291666666666
7627::295::cub_attribute_yes_no_v1,7627,131,295,0,vision.late,32,raw_yes_minus_no,vision_cls_attention,logit_concept,0.5182291666666666
7627::295::cub_attribute_yes_no_v1,7627,131,295,0,projector.output,32,correct_answer_margin,vision_cls_attention,logit_concept,-0.49739583333333337
7627::295::cub_attribute_yes_no_v1,7627,131,295,0,projector.output,32,raw_yes_minus_no,vision_cls_attention,logit_concept,0.49739583333333337
7627::299::cub_attribute_yes_no_v1,7627,131,299,1,vision.late,32,correct_answer_margin,vision_cls_attention,logit_concept,0.1015625
7627::299::cub_attribute_yes_no_v1,7627,131,299,1,vision.late,32,raw_yes_minus_no,vision_cls_attention,logit_concept,0.1015625
7627::299::cub_attribute_yes_no_v1,7627,131,299,1,projector.output,32,correct_answer_margin,vision_cls_attention,logit_concept,0.044270833333333356
7627::299::cub_attribute_yes_no_v1,7627,131,299,1,projector.output,32,raw_yes_minus_no,vision_cls_attention,logit_concept,0.044270833333333356
7627::305::cub_attribute_yes_no_v1,7627,131,305,0,vision.late,32,correct_answer_margin,vision_cls_attention,logit_concept,0.453125
7627::305::cub_attribute_yes_no_v1,7627,131,305,0,vision.late,32,raw_yes_minus_no,vision_cls_attention,logit_concept,-0.453125
7627::305::cub_attribute_yes_no_v1,7627,131,305,0,projector.output,32,correct_answer_margin,vision_cls_attention,logit_concept,0.40364583333333337
7627::305::cub_attribute_yes_no_v1,7627,131,305,0,projector.output,32,raw_yes_minus_no,vision_cls_attention,logit_concept,-0.40364583333333337
7627::306::cub_attribute_yes_no_v1,7627,131,306,1,vision.late,32,correct_answer_margin,vision_cls_attention,logit_concept,0.38541666666666663
7627::306::cub_attribute_yes_no_v1,7627,131,306,1,vision.late,32,raw_yes_minus_no,vision_cls_attention,logit_concept,0.38541666666666663
7627::306::cub_attribute_yes_no_v1,7627,131,306,1,projector.output,32,correct_answer_margin,vision_cls_attention,logit_concept,0.4635416666666667
7627::306::cub_attribute_yes_no_v1,7627,131,306,1,projector.output,32,raw_yes_minus_no,vision_cls_attention,logit_concept,0.4635416666666667
7627::309::cub_attribute_yes_no_v1,7627,131,309,0,vision.late,32,correct_answer_margin,vision_cls_attention,logit_concept,0.3411458333333333
7627::309::cub_attribute_yes_no_v1,7627,131,309,0,vision.late,32,raw_yes_minus_no,vision_cls_attention,logit_concept,-0.3411458333333333
7627::309::cub_attribute_yes_no_v1,7627,131,309,0,projector.output,32,correct_answer_margin,vision_cls_attention,logit_concept,0.26302083333333337
7627::309::cub_attribute_yes_no_v1,7627,131,309,0,projector.output,32,raw_yes_minus_no,vision_cls_attention,logit_concept,-0.26302083333333337
7627::310::cub_attribute_yes_no_v1,7627,131,310,0,vision.late,32,correct_answer_margin,vision_cls_attention,logit_concept,-1.6458333333333335
7627::310::cub_attribute_yes_no_v1,7627,131,310,0,vision.late,32,raw_yes_minus_no,vision_cls_attention,logit_concept,1.6458333333333335
7627::310::cub_attribute_yes_no_v1,7627,131,310,0,projector.output,32,correct_answer_margin,vision_cls_attention,logit_concept,-1.6145833333333333
7627::310::cub_attribute_yes_no_v1,7627,131,310,0,projector.output,32,raw_yes_minus_no,vision_cls_attention,logit_concept,1.6145833333333333
7627::311::cub_attribute_yes_no_v1,7627,131,311,1,vision.late,32,correct_answer_margin,vision_cls_attention,logit_concept,1.2317708333333335
7627::311::cub_attribute_yes_no_v1,7627,131,311,1,vision.late,32,raw_yes_minus_no,vision_cls_attention,logit_concept,1.2317708333333335
7627::311::cub_attribute_yes_no_v1,7627,131,311,1,projector.output,32,correct_answer_margin,vision_cls_attention,logit_concept,1.2916666666666667
7627::311::cub_attribute_yes_no_v1,7627,131,311,1,projector.output,32,raw_yes_minus_no,vision_cls_attention,logit_concept,1.2916666666666667
7627::7::cub_attribute_yes_no_v1,7627,131,7,0,vision.late,32,correct_answer_margin,vision_cls_attention,logit_concept,0.15625
7627::7::cub_attribute_yes_no_v1,7627,131,7,0,vision.late,32,raw_yes_minus_no,vision_cls_attention,logit_concept,-0.15625
7627::7::cub_attribute_yes_no_v1,7627,131,7,0,projector.output,32,correct_answer_margin,vision_cls_attention,logit_concept,0.08072916666666666
7627::7::cub_attribute_yes_no_v1,7627,131,7,0,projector.output,32,raw_yes_minus_no,vision_cls_attention,logit_concept,-0.08072916666666666
7627::8::cub_attribute_yes_no_v1,7627,131,8,1,vision.late,32,correct_answer_margin,vision_cls_attention,logit_concept,-0.14583333333333331
7627::8::cub_attribute_yes_no_v1,7627,131,8,1,vision.late,32,raw_yes_minus_no,vision_cls_attention,logit_concept,-0.14583333333333331
7627::8::cub_attribute_yes_no_v1,7627,131,8,1,projector.output,32,correct_answer_margin,vision_cls_attention,logit_concept,-0.0546875
7627::8::cub_attribute_yes_no_v1,7627,131,8,1,projector.output,32,raw_yes_minus_no,vision_cls_attention,logit_concept,-0.0546875
7627::96::cub_attribute_yes_no_v1,7627,131,96,0,vision.late,32,correct_answer_margin,vision_cls_attention,logit_concept,-0.5286458333333333
7627::96::cub_attribute_yes_no_v1,7627,131,96,0,vision.late,32,raw_yes_minus_no,vision_cls_attention,logit_concept,0.5286458333333333
7627::96::cub_attribute_yes_no_v1,7627,131,96,0,projector.output,32,correct_answer_margin,vision_cls_attention,logit_concept,-0.5833333333333334
7627::96::cub_attribute_yes_no_v1,7627,131,96,0,projector.output,32,raw_yes_minus_no,vision_cls_attention,logit_concept,0.5833333333333334
7635::117::cub_attribute_yes_no_v1,7635,131,117,0,vision.late,32,correct_answer_margin,vision_cls_attention,logit_concept,0.20572916666666663
7635::117::cub_attribute_yes_no_v1,7635,131,117,0,vision.late,32,raw_yes_minus_no,vision_cls_attention,logit_concept,-0.20572916666666663
7635::117::cub_attribute_yes_no_v1,7635,131,117,0,projector.output,32,correct_answer_margin,vision_cls_attention,logit_concept,0.25260416666666663
7635::117::cub_attribute_yes_no_v1,7635,131,117,0,projector.output,32,raw_yes_minus_no,vision_cls_attention,logit_concept,-0.25260416666666663
7635::118::cub_attribute_yes_no_v1,7635,131,118,1,vision.late,32,correct_answer_margin,vision_cls_attention,logit_concept,-0.3984374999999999
7635::118::cub_attribute_yes_no_v1,7635,131,118,1,vision.late,32,raw_yes_minus_no,vision_cls_attention,logit_concept,-0.3984374999999999
7635::118::cub_attribute_yes_no_v1,7635,131,118,1,projector.output,32,correct_answer_margin,vision_cls_attention,logit_concept,-0.3828125000000001
7635::118::cub_attribute_yes_no_v1,7635,131,118,1,projector.output,32,raw_yes_minus_no,vision_cls_attention,logit_concept,-0.3828125000000001
7635::120::cub_attribute_yes_no_v1,7635,131,120,1,vision.late,32,correct_answer_margin,vision_cls_attention,logit_concept,-0.1875
7635::120::cub_attribute_yes_no_v1,7635,131,120,1,vision.late,32,raw_yes_minus_no,vision_cls_attention,logit_concept,-0.1875
7635::120::cub_attribute_yes_no_v1,7635,131,120,1,projector.output,32,correct_answer_margin,vision_cls_attention,logit_concept,-0.17187500000000006
7635::120::cub_attribute_yes_no_v1,7635,131,120,1,projector.output,32,raw_yes_minus_no,vision_cls_attention,logit_concept,-0.17187500000000006
7635::295::cub_attribute_yes_no_v1,7635,131,295,0,vision.late,32,correct_answer_margin,vision_cls_attention,logit_concept,0.12760416666666669
7635::295::cub_attribute_yes_no_v1,7635,131,295,0,vision.late,32,raw_yes_minus_no,vision_cls_attention,logit_concept,-0.12760416666666669
7635::295::cub_attribute_yes_no_v1,7635,131,295,0,projector.output,32,correct_answer_margin,vision_cls_attention,logit_concept,0.14062500000000006
7635::295::cub_attribute_yes_no_v1,7635,131,295,0,projector.output,32,raw_yes_minus_no,vision_cls_attention,logit_concept,-0.14062500000000006
7635::299::cub_attribute_yes_no_v1,7635,131,299,1,vision.late,32,correct_answer_margin,vision_cls_attention,logit_concept,-0.2552083333333333
7635::299::cub_attribute_yes_no_v1,7635,131,299,1,vision.late,32,raw_yes_minus_no,vision_cls_attention,logit_concept,-0.2552083333333333
7635::299::cub_attribute_yes_no_v1,7635,131,299,1,projector.output,32,correct_answer_margin,vision_cls_attention,logit_concept,-0.3125
7635::299::cub_attribute_yes_no_v1,7635,131,299,1,projector.output,32,raw_yes_minus_no,vision_cls_attention,logit_concept,-0.3125
7635::305::cub_attribute_yes_no_v1,7635,131,305,0,vision.late,32,correct_answer_margin,vision_cls_attention,logit_concept,0.1796875
7635::305::cub_attribute_yes_no_v1,7635,131,305,0,vision.late,32,raw_yes_minus_no,vision_cls_attention,logit_concept,-0.1796875
7635::305::cub_attribute_yes_no_v1,7635,131,305,0,projector.output,32,correct_answer_margin,vision_cls_attention,logit_concept,0.20572916666666666
7635::305::cub_attribute_yes_no_v1,7635,131,305,0,projector.output,32,raw_yes_minus_no,vision_cls_attention,logit_concept,-0.20572916666666666
7635::308::cub_attribute_yes_no_v1,7635,131,308,1,vision.late,32,correct_answer_margin,vision_cls_attention,logit_concept,-0.25520833333333326
7635::308::cub_attribute_yes_no_v1,7635,131,308,1,vision.late,32,raw_yes_minus_no,vision_cls_attention,logit_concept,-0.25520833333333326
7635::308::cub_attribute_yes_no_v1,7635,131,308,1,projector.output,32,correct_answer_margin,vision_cls_attention,logit_concept,-0.24739583333333337
7635::308::cub_attribute_yes_no_v1,7635,131,308,1,projector.output,32,raw_yes_minus_no,vision_cls_attention,logit_concept,-0.24739583333333337
7635::309::cub_attribute_yes_no_v1,7635,131,309,1,vision.late,32,correct_answer_margin,vision_cls_attention,logit_concept,-0.08333333333333333
7635::309::cub_attribute_yes_no_v1,7635,131,309,1,vision.late,32,raw_yes_minus_no,vision_cls_attention,logit_concept,-0.08333333333333333
7635::309::cub_attribute_yes_no_v1,7635,131,309,1,projector.output,32,correct_answer_margin,vision_cls_attention,logit_concept,-0.109375
7635::309::cub_attribute_yes_no_v1,7635,131,309,1,projector.output,32,raw_yes_minus_no,vision_cls_attention,logit_concept,-0.109375
7635::312::cub_attribute_yes_no_v1,7635,131,312,0,vision.late,32,correct_answer_margin,vision_cls_attention,logit_concept,-0.08854166666666652
7635::312::cub_attribute_yes_no_v1,7635,131,312,0,vision.late,32,raw_yes_minus_no,vision_cls_attention,logit_concept,0.08854166666666652
7635::312::cub_attribute_yes_no_v1,7635,131,312,0,projector.output,32,correct_answer_margin,vision_cls_attention,logit_concept,0.02083333333333326
7635::312::cub_attribute_yes_no_v1,7635,131,312,0,projector.output,32,raw_yes_minus_no,vision_cls_attention,logit_concept,-0.02083333333333326
7635::8::cub_attribute_yes_no_v1,7635,131,8,1,vision.late,32,correct_answer_margin,vision_cls_attention,logit_concept,-0.04166666666666667
7635::8::cub_attribute_yes_no_v1,7635,131,8,1,vision.late,32,raw_yes_minus_no,vision_cls_attention,logit_concept,-0.04166666666666667
7635::8::cub_attribute_yes_no_v1,7635,131,8,1,projector.output,32,correct_answer_margin,vision_cls_attention,logit_concept,-0.04947916666666666
7635::8::cub_attribute_yes_no_v1,7635,131,8,1,projector.output,32,raw_yes_minus_no,vision_cls_attention,logit_concept,-0.04947916666666666
7635::96::cub_attribute_yes_no_v1,7635,131,96,1,vision.late,32,correct_answer_margin,vision_cls_attention,logit_concept,-0.2265625
7635::96::cub_attribute_yes_no_v1,7635,131,96,1,vision.late,32,raw_yes_minus_no,vision_cls_attention,logit_concept,-0.2265625
7635::96::cub_attribute_yes_no_v1,7635,131,96,1,projector.output,32,correct_answer_margin,vision_cls_attention,logit_concept,-0.2421875
7635::96::cub_attribute_yes_no_v1,7635,131,96,1,projector.output,32,raw_yes_minus_no,vision_cls_attention,logit_concept,-0.2421875
7670::100::cub_attribute_yes_no_v1,7670,131,100,1,vision.late,32,correct_answer_margin,vision_cls_attention,logit_concept,0.23697916666666666
7670::100::cub_attribute_yes_no_v1,7670,131,100,1,vision.late,32,raw_yes_minus_no,vision_cls_attention,logit_concept,0.23697916666666666
7670::100::cub_attribute_yes_no_v1,7670,131,100,1,projector.output,32,correct_answer_margin,vision_cls_attention,logit_concept,0.2526041666666667
7670::100::cub_attribute_yes_no_v1,7670,131,100,1,projector.output,32,raw_yes_minus_no,vision_cls_attention,logit_concept,0.2526041666666667
7670::101::cub_attribute_yes_no_v1,7670,131,101,0,vision.late,32,correct_answer_margin,vision_cls_attention,logit_concept,-0.46093750000000006
7670::101::cub_attribute_yes_no_v1,7670,131,101,0,vision.late,32,raw_yes_minus_no,vision_cls_attention,logit_concept,0.46093750000000006
7670::101::cub_attribute_yes_no_v1,7670,131,101,0,projector.output,32,correct_answer_margin,vision_cls_attention,logit_concept,-0.49479166666666663
7670::101::cub_attribute_yes_no_v1,7670,131,101,0,projector.output,32,raw_yes_minus_no,vision_cls_attention,logit_concept,0.49479166666666663
7670::117::cub_attribute_yes_no_v1,7670,131,117,1,vision.late,32,correct_answer_margin,vision_cls_attention,logit_concept,-0.3046875
7670::117::cub_attribute_yes_no_v1,7670,131,117,1,vision.late,32,raw_yes_minus_no,vision_cls_attention,logit_concept,-0.3046875
7670::117::cub_attribute_yes_no_v1,7670,131,117,1,projector.output,32,correct_answer_margin,vision_cls_attention,logit_concept,-0.3359375
7670::117::cub_attribute_yes_no_v1,7670,131,117,1,projector.output,32,raw_yes_minus_no,vision_cls_attention,logit_concept,-0.3359375
7670::118::cub_attribute_yes_no_v1,7670,131,118,1,vision.late,32,correct_answer_margin,vision_cls_attention,logit_concept,0.33072916666666663
7670::118::cub_attribute_yes_no_v1,7670,131,118,1,vision.late,32,raw_yes_minus_no,vision_cls_attention,logit_concept,0.33072916666666663
7670::118::cub_attribute_yes_no_v1,7670,131,118,1,projector.output,32,correct_answer_margin,vision_cls_attention,logit_concept,0.32552083333333337
7670::118::cub_attribute_yes_no_v1,7670,131,118,1,projector.output,32,raw_yes_minus_no,vision_cls_attention,logit_concept,0.32552083333333337
7670::120::cub_attribute_yes_no_v1,7670,131,120,0,vision.late,32,correct_answer_margin,vision_cls_attention,logit_concept,-0.17447916666666666
7670::120::cub_attribute_yes_no_v1,7670,131,120,0,vision.late,32,raw_yes_minus_no,vision_cls_attention,logit_concept,0.17447916666666666
7670::120::cub_attribute_yes_no_v1,7670,131,120,0,projector.output,32,correct_answer_margin,vision_cls_attention,logit_concept,-0.15364583333333334
7670::120::cub_attribute_yes_no_v1,7670,131,120,0,projector.output,32,raw_yes_minus_no,vision_cls_attention,logit_concept,0.15364583333333334
7670::295::cub_attribute_yes_no_v1,7670,131,295,0,vision.late,32,correct_answer_margin,vision_cls_attention,logit_concept,-0.18229166666666663
7670::295::cub_attribute_yes_no_v1,7670,131,295,0,vision.late,32,raw_yes_minus_no,vision_cls_attention,logit_concept,0.18229166666666663
7670::295::cub_attribute_yes_no_v1,7670,131,295,0,projector.output,32,correct_answer_margin,vision_cls_attention,logit_concept,-0.19270833333333334
7670::295::cub_attribute_yes_no_v1,7670,131,295,0,projector.output,32,raw_yes_minus_no,vision_cls_attention,logit_concept,0.19270833333333334
7670::305::cub_attribute_yes_no_v1,7670,131,305,1,vision.late,32,correct_answer_margin,vision_cls_attention,logit_concept,-0.5859375
7670::305::cub_attribute_yes_no_v1,7670,131,305,1,vision.late,32,raw_yes_minus_no,vision_cls_attention,logit_concept,-0.5859375
7670::305::cub_attribute_yes_no_v1,7670,131,305,1,projector.output,32,correct_answer_margin,vision_cls_attention,logit_concept,-0.5364583333333334
7670::305::cub_attribute_yes_no_v1,7670,131,305,1,projector.output,32,raw_yes_minus_no,vision_cls_attention,logit_concept,-0.5364583333333334
7670::306::cub_attribute_yes_no_v1,7670,131,306,1,vision.late,32,correct_answer_margin,vision_cls_attention,logit_concept,0.3098958333333333
7670::306::cub_attribute_yes_no_v1,7670,131,306,1,vision.late,32,raw_yes_minus_no,vision_cls_attention,logit_concept,0.3098958333333333
7670::306::cub_attribute_yes_no_v1,7670,131,306,1,projector.output,32,correct_answer_margin,vision_cls_attention,logit_concept,0.3229166666666667
7670::306::cub_attribute_yes_no_v1,7670,131,306,1,projector.output,32,raw_yes_minus_no,vision_cls_attention,logit_concept,0.3229166666666667
7670::308::cub_attribute_yes_no_v1,7670,131,308,0,vision.late,32,correct_answer_margin,vision_cls_attention,logit_concept,-0.30989583333333337
7670::308::cub_attribute_yes_no_v1,7670,131,308,0,vision.late,32,raw_yes_minus_no,vision_cls_attention,logit_concept,0.30989583333333337
7670::308::cub_attribute_yes_no_v1,7670,131,308,0,projector.output,32,correct_answer_margin,vision_cls_attention,logit_concept,-0.3541666666666667
7670::308::cub_attribute_yes_no_v1,7670,131,308,0,projector.output,32,raw_yes_minus_no,vision_cls_attention,logit_concept,0.3541666666666667
7670::311::cub_attribute_yes_no_v1,7670,131,311,1,vision.late,32,correct_answer_margin,vision_cls_attention,logit_concept,0.5572916666666666
7670::311::cub_attribute_yes_no_v1,7670,131,311,1,vision.late,32,raw_yes_minus_no,vision_cls_attention,logit_concept,0.5572916666666666
7670::311::cub_attribute_yes_no_v1,7670,131,311,1,projector.output,32,correct_answer_margin,vision_cls_attention,logit_concept,0.8984375
7670::311::cub_attribute_yes_no_v1,7670,131,311,1,projector.output,32,raw_yes_minus_no,vision_cls_attention,logit_concept,0.8984375
7670::7::cub_attribute_yes_no_v1,7670,131,7,0,vision.late,32,correct_answer_margin,vision_cls_attention,logit_concept,0.265625
7670::7::cub_attribute_yes_no_v1,7670,131,7,0,vision.late,32,raw_yes_minus_no,vision_cls_attention,logit_concept,-0.265625
7670::7::cub_attribute_yes_no_v1,7670,131,7,0,projector.output,32,correct_answer_margin,vision_cls_attention,logit_concept,0.24479166666666666
7670::7::cub_attribute_yes_no_v1,7670,131,7,0,projector.output,32,raw_yes_minus_no,vision_cls_attention,logit_concept,-0.24479166666666666
7670::8::cub_attribute_yes_no_v1,7670,131,8,1,vision.late,32,correct_answer_margin,vision_cls_attention,logit_concept,0.265625
7670::8::cub_attribute_yes_no_v1,7670,131,8,1,vision.late,32,raw_yes_minus_no,vision_cls_attention,logit_concept,0.265625
7670::8::cub_attribute_yes_no_v1,7670,131,8,1,projector.output,32,correct_answer_margin,vision_cls_attention,logit_concept,0.28645833333333337
7670::8::cub_attribute_yes_no_v1,7670,131,8,1,projector.output,32,raw_yes_minus_no,vision_cls_attention,logit_concept,0.28645833333333337
7677::101::cub_attribute_yes_no_v1,7677,131,101,1,vision.late,32,correct_answer_margin,vision_cls_attention,logit_concept,-0.234375
7677::101::cub_attribute_yes_no_v1,7677,131,101,1,vision.late,32,raw_yes_minus_no,vision_cls_attention,logit_concept,-0.234375
7677::101::cub_attribute_yes_no_v1,7677,131,101,1,projector.output,32,correct_answer_margin,vision_cls_attention,logit_concept,-0.109375
7677::101::cub_attribute_yes_no_v1,7677,131,101,1,projector.output,32,raw_yes_minus_no,vision_cls_attention,logit_concept,-0.109375
7677::107::cub_attribute_yes_no_v1,7677,131,107,0,vision.late,32,correct_answer_margin,vision_cls_attention,logit_concept,-0.08854166666666669
7677::107::cub_attribute_yes_no_v1,7677,131,107,0,vision.late,32,raw_yes_minus_no,vision_cls_attention,logit_concept,0.08854166666666669
7677::107::cub_attribute_yes_no_v1,7677,131,107,0,projector.output,32,correct_answer_margin,vision_cls_attention,logit_concept,-0.06770833333333331
7677::107::cub_attribute_yes_no_v1,7677,131,107,0,projector.output,32,raw_yes_minus_no,vision_cls_attention,logit_concept,0.06770833333333331
7677::117::cub_attribute_yes_no_v1,7677,131,117,0,vision.late,32,correct_answer_margin,vision_cls_attention,logit_concept,0.3619791666666667
7677::117::cub_attribute_yes_no_v1,7677,131,117,0,vision.late,32,raw_yes_minus_no,vision_cls_attention,logit_concept,-0.3619791666666667
7677::117::cub_attribute_yes_no_v1,7677,131,117,0,projector.output,32,correct_answer_margin,vision_cls_attention,logit_concept,0.39062500000000006
7677::117::cub_attribute_yes_no_v1,7677,131,117,0,projector.output,32,raw_yes_minus_no,vision_cls_attention,logit_concept,-0.39062500000000006
7677::118::cub_attribute_yes_no_v1,7677,131,118,1,vision.late,32,correct_answer_margin,vision_cls_attention,logit_concept,-0.19010416666666669
7677::118::cub_attribute_yes_no_v1,7677,131,118,1,vision.late,32,raw_yes_minus_no,vision_cls_attention,logit_concept,-0.19010416666666669
7677::118::cub_attribute_yes_no_v1,7677,131,118,1,projector.output,32,correct_answer_margin,vision_cls_attention,logit_concept,-0.15104166666666666
7677::118::cub_attribute_yes_no_v1,7677,131,118,1,projector.output,32,raw_yes_minus_no,vision_cls_attention,logit_concept,-0.15104166666666666
7677::120::cub_attribute_yes_no_v1,7677,131,120,1,vision.late,32,correct_answer_margin,vision_cls_attention,logit_concept,-0.06510416666666666
7677::120::cub_attribute_yes_no_v1,7677,131,120,1,vision.late,32,raw_yes_minus_no,vision_cls_attention,logit_concept,-0.06510416666666666
7677::120::cub_attribute_yes_no_v1,7677,131,120,1,projector.output,32,correct_answer_margin,vision_cls_attention,logit_concept,-0.0390625
7677::120::cub_attribute_yes_no_v1,7677,131,120,1,projector.output,32,raw_yes_minus_no,vision_cls_attention,logit_concept,-0.0390625
7677::295::cub_attribute_yes_no_v1,7677,131,295,0,vision.late,32,correct_answer_margin,vision_cls_attention,logit_concept,0.057291666666666685
7677::295::cub_attribute_yes_no_v1,7677,131,295,0,vision.late,32,raw_yes_minus_no,vision_cls_attention,logit_concept,-0.057291666666666685
7677::295::cub_attribute_yes_no_v1,7677,131,295,0,projector.output,32,correct_answer_margin,vision_cls_attention,logit_concept,0.03125
7677::295::cub_attribute_yes_no_v1,7677,131,295,0,projector.output,32,raw_yes_minus_no,vision_cls_attention,logit_concept,-0.03125
7677::299::cub_attribute_yes_no_v1,7677,131,299,0,vision.late,32,correct_answer_margin,vision_cls_attention,logit_concept,0.21093749999999994
7677::299::cub_attribute_yes_no_v1,7677,131,299,0,vision.late,32,raw_yes_minus_no,vision_cls_attention,logit_concept,-0.21093749999999994
7677::299::cub_attribute_yes_no_v1,7677,131,299,0,projector.output,32,correct_answer_margin,vision_cls_attention,logit_concept,0.2109375
7677::299::cub_attribute_yes_no_v1,7677,131,299,0,projector.output,32,raw_yes_minus_no,vision_cls_attention,logit_concept,-0.2109375
7677::305::cub_attribute_yes_no_v1,7677,131,305,0,vision.late,32,correct_answer_margin,vision_cls_attention,logit_concept,0.42447916666666663
7677::305::cub_attribute_yes_no_v1,7677,131,305,0,vision.late,32,raw_yes_minus_no,vision_cls_attention,logit_concept,-0.42447916666666663
7677::305::cub_attribute_yes_no_v1,7677,131,305,0,projector.output,32,correct_answer_margin,vision_cls_attention,logit_concept,0.39322916666666663
7677::305::cub_attribute_yes_no_v1,7677,131,305,0,projector.output,32,raw_yes_minus_no,vision_cls_attention,logit_concept,-0.39322916666666663
7677::308::cub_attribute_yes_no_v1,7677,131,308,1,vision.late,32,correct_answer_margin,vision_cls_attention,logit_concept,-0.005208333333333336
7677::308::cub_attribute_yes_no_v1,7677,131,308,1,vision.late,32,raw_yes_minus_no,vision_cls_attention,logit_concept,-0.005208333333333336
7677::308::cub_attribute_yes_no_v1,7677,131,308,1,projector.output,32,correct_answer_margin,vision_cls_attention,logit_concept,0.04427083333333333
7677::308::cub_attribute_yes_no_v1,7677,131,308,1,projector.output,32,raw_yes_minus_no,vision_cls_attention,logit_concept,0.04427083333333333
7677::311::cub_attribute_yes_no_v1,7677,131,311,1,vision.late,32,correct_answer_margin,vision_cls_attention,logit_concept,-0.25520833333333337
7677::311::cub_attribute_yes_no_v1,7677,131,311,1,vision.late,32,raw_yes_minus_no,vision_cls_attention,logit_concept,-0.25520833333333337
7677::311::cub_attribute_yes_no_v1,7677,131,311,1,projector.output,32,correct_answer_margin,vision_cls_attention,logit_concept,-0.26302083333333326
7677::311::cub_attribute_yes_no_v1,7677,131,311,1,projector.output,32,raw_yes_minus_no,vision_cls_attention,logit_concept,-0.26302083333333326
7677::8::cub_attribute_yes_no_v1,7677,131,8,1,vision.late,32,correct_answer_margin,vision_cls_attention,logit_concept,-0.1171875
7677::8::cub_attribute_yes_no_v1,7677,131,8,1,vision.late,32,raw_yes_minus_no,vision_cls_attention,logit_concept,-0.1171875
7677::8::cub_attribute_yes_no_v1,7677,131,8,1,projector.output,32,correct_answer_margin,vision_cls_attention,logit_concept,-0.08333333333333334
7677::8::cub_attribute_yes_no_v1,7677,131,8,1,projector.output,32,raw_yes_minus_no,vision_cls_attention,logit_concept,-0.08333333333333334
8782::101::cub_attribute_yes_no_v1,8782,150,101,1,vision.late,32,correct_answer_margin,vision_cls_attention,logit_concept,2.6223958333333335
8782::101::cub_attribute_yes_no_v1,8782,150,101,1,vision.late,32,raw_yes_minus_no,vision_cls_attention,logit_concept,2.6223958333333335
8782::101::cub_attribute_yes_no_v1,8782,150,101,1,projector.output,32,correct_answer_margin,vision_cls_attention,logit_concept,2.6223958333333335
8782::101::cub_attribute_yes_no_v1,8782,150,101,1,projector.output,32,raw_yes_minus_no,vision_cls_attention,logit_concept,2.6223958333333335
8782::104::cub_attribute_yes_no_v1,8782,150,104,0,vision.late,32,correct_answer_margin,vision_cls_attention,logit_concept,-0.8776041666666666
8782::104::cub_attribute_yes_no_v1,8782,150,104,0,vision.late,32,raw_yes_minus_no,vision_cls_attention,logit_concept,0.8776041666666666
8782::104::cub_attribute_yes_no_v1,8782,150,104,0,projector.output,32,correct_answer_margin,vision_cls_attention,logit_concept,-0.9505208333333333
8782::104::cub_attribute_yes_no_v1,8782,150,104,0,projector.output,32,raw_yes_minus_no,vision_cls_attention,logit_concept,0.9505208333333333
8782::107::cub_attribute_yes_no_v1,8782,150,107,0,vision.late,32,correct_answer_margin,vision_cls_attention,logit_concept,0.2265625
8782::107::cub_attribute_yes_no_v1,8782,150,107,0,vision.late,32,raw_yes_minus_no,vision_cls_attention,logit_concept,-0.2265625
8782::107::cub_attribute_yes_no_v1,8782,150,107,0,projector.output,32,correct_answer_margin,vision_cls_attention,logit_concept,0.1953125
8782::107::cub_attribute_yes_no_v1,8782,150,107,0,projector.output,32,raw_yes_minus_no,vision_cls_attention,logit_concept,-0.1953125
8782::111::cub_attribute_yes_no_v1,8782,150,111,1,vision.late,32,correct_answer_margin,vision_cls_attention,logit_concept,-0.14583333333333334
8782::111::cub_attribute_yes_no_v1,8782,150,111,1,vision.late,32,raw_yes_minus_no,vision_cls_attention,logit_concept,-0.14583333333333334
8782::111::cub_attribute_yes_no_v1,8782,150,111,1,projector.output,32,correct_answer_margin,vision_cls_attention,logit_concept,-0.14322916666666666
8782::111::cub_attribute_yes_no_v1,8782,150,111,1,projector.output,32,raw_yes_minus_no,vision_cls_attention,logit_concept,-0.14322916666666666
8782::118::cub_attribute_yes_no_v1,8782,150,118,1,vision.late,32,correct_answer_margin,vision_cls_attention,logit_concept,-0.19010416666666663
8782::118::cub_attribute_yes_no_v1,8782,150,118,1,vision.late,32,raw_yes_minus_no,vision_cls_attention,logit_concept,-0.19010416666666663
8782::118::cub_attribute_yes_no_v1,8782,150,118,1,projector.output,32,correct_answer_margin,vision_cls_attention,logit_concept,-0.2864583333333333
8782::118::cub_attribute_yes_no_v1,8782,150,118,1,projector.output,32,raw_yes_minus_no,vision_cls_attention,logit_concept,-0.2864583333333333
8782::120::cub_attribute_yes_no_v1,8782,150,120,0,vision.late,32,correct_answer_margin,vision_cls_attention,logit_concept,0.15885416666666666
8782::120::cub_attribute_yes_no_v1,8782,150,120,0,vision.late,32,raw_yes_minus_no,vision_cls_attention,logit_concept,-0.15885416666666666
8782::120::cub_attribute_yes_no_v1,8782,150,120,0,projector.output,32,correct_answer_margin,vision_cls_attention,logit_concept,0.19010416666666666
8782::120::cub_attribute_yes_no_v1,8782,150,120,0,projector.output,32,raw_yes_minus_no,vision_cls_attention,logit_concept,-0.19010416666666666
8782::311::cub_attribute_yes_no_v1,8782,150,311,1,vision.late,32,correct_answer_margin,vision_cls_attention,logit_concept,0.03125
8782::311::cub_attribute_yes_no_v1,8782,150,311,1,vision.late,32,raw_yes_minus_no,vision_cls_attention,logit_concept,0.03125
8782::311::cub_attribute_yes_no_v1,8782,150,311,1,projector.output,32,correct_answer_margin,vision_cls_attention,logit_concept,0.06250000000000003
8782::311::cub_attribute_yes_no_v1,8782,150,311,1,projector.output,32,raw_yes_minus_no,vision_cls_attention,logit_concept,0.06250000000000003
8787::101::cub_attribute_yes_no_v1,8787,150,101,1,vision.late,32,correct_answer_margin,vision_cls_attention,logit_concept,1.7838541666666665
8787::101::cub_attribute_yes_no_v1,8787,150,101,1,vision.late,32,raw_yes_minus_no,vision_cls_attention,logit_concept,1.7838541666666665
8787::101::cub_attribute_yes_no_v1,8787,150,101,1,projector.output,32,correct_answer_margin,vision_cls_attention,logit_concept,1.8072916666666665
8787::101::cub_attribute_yes_no_v1,8787,150,101,1,projector.output,32,raw_yes_minus_no,vision_cls_attention,logit_concept,1.8072916666666665
8787::102::cub_attribute_yes_no_v1,8787,150,102,0,vision.late,32,correct_answer_margin,vision_cls_attention,logit_concept,0.5677083333333333
8787::102::cub_attribute_yes_no_v1,8787,150,102,0,vision.late,32,raw_yes_minus_no,vision_cls_attention,logit_concept,-0.5677083333333333
8787::102::cub_attribute_yes_no_v1,8787,150,102,0,projector.output,32,correct_answer_margin,vision_cls_attention,logit_concept,0.5078125
8787::102::cub_attribute_yes_no_v1,8787,150,102,0,projector.output,32,raw_yes_minus_no,vision_cls_attention,logit_concept,-0.5078125
8787::107::cub_attribute_yes_no_v1,8787,150,107,1,vision.late,32,correct_answer_margin,vision_cls_attention,logit_concept,0.234375
8787::107::cub_attribute_yes_no_v1,8787,150,107,1,vision.late,32,raw_yes_minus_no,vision_cls_attention,logit_concept,0.234375
8787::107::cub_attribute_yes_no_v1,8787,150,107,1,projector.output,32,correct_answer_margin,vision_cls_attention,logit_concept,0.28125
8787::107::cub_attribute_yes_no_v1,8787,150,107,1,projector.output,32,raw_yes_minus_no,vision_cls_attention,logit_concept,0.28125
8787::117::cub_attribute_yes_no_v1,8787,150,117,0,vision.late,32,correct_answer_margin,vision_cls_attention,logit_concept,0.5442708333333333
8787::117::cub_attribute_yes_no_v1,8787,150,117,0,vision.late,32,raw_yes_minus_no,vision_cls_attention,logit_concept,-0.5442708333333333
8787::117::cub_attribute_yes_no_v1,8787,150,117,0,projector.output,32,correct_answer_margin,vision_cls_attention,logit_concept,0.4713541666666667
8787::117::cub_attribute_yes_no_v1,8787,150,117,0,projector.output,32,raw_yes_minus_no,vision_cls_attention,logit_concept,-0.4713541666666667
8787::118::cub_attribute_yes_no_v1,8787,150,118,1,vision.late,32,correct_answer_margin,vision_cls_attention,logit_concept,-0.3984375
8787::118::cub_attribute_yes_no_v1,8787,150,118,1,vision.late,32,raw_yes_minus_no,vision_cls_attention,logit_concept,-0.3984375
8787::118::cub_attribute_yes_no_v1,8787,150,118,1,projector.output,32,correct_answer_margin,vision_cls_attention,logit_concept,-0.3385416666666667
8787::118::cub_attribute_yes_no_v1,8787,150,118,1,projector.output,32,raw_yes_minus_no,vision_cls_attention,logit_concept,-0.3385416666666667
8787::120::cub_attribute_yes_no_v1,8787,150,120,1,vision.late,32,correct_answer_margin,vision_cls_attention,logit_concept,0.28645833333333337
8787::120::cub_attribute_yes_no_v1,8787,150,120,1,vision.late,32,raw_yes_minus_no,vision_cls_attention,logit_concept,0.28645833333333337
8787::120::cub_attribute_yes_no_v1,8787,150,120,1,projector.output,32,correct_answer_margin,vision_cls_attention,logit_concept,0.31510416666666663
8787::120::cub_attribute_yes_no_v1,8787,150,120,1,projector.output,32,raw_yes_minus_no,vision_cls_attention,logit_concept,0.31510416666666663
8787::295::cub_attribute_yes_no_v1,8787,150,295,1,vision.late,32,correct_answer_margin,vision_cls_attention,logit_concept,0.02604166666666667
8787::295::cub_attribute_yes_no_v1,8787,150,295,1,vision.late,32,raw_yes_minus_no,vision_cls_attention,logit_concept,0.02604166666666667
8787::295::cub_attribute_yes_no_v1,8787,150,295,1,projector.output,32,correct_answer_margin,vision_cls_attention,logit_concept,0.09635416666666667
8787::295::cub_attribute_yes_no_v1,8787,150,295,1,projector.output,32,raw_yes_minus_no,vision_cls_attention,logit_concept,0.09635416666666667
8787::305::cub_attribute_yes_no_v1,8787,150,305,0,vision.late,32,correct_answer_margin,vision_cls_attention,logit_concept,0.5338541666666667
8787::305::cub_attribute_yes_no_v1,8787,150,305,0,vision.late,32,raw_yes_minus_no,vision_cls_attention,logit_concept,-0.5338541666666667
8787::305::cub_attribute_yes_no_v1,8787,150,305,0,projector.output,32,correct_answer_margin,vision_cls_attention,logit_concept,0.44010416666666674
8787::305::cub_attribute_yes_no_v1,8787,150,305,0,projector.output,32,raw_yes_minus_no,vision_cls_attention,logit_concept,-0.44010416666666674
8787::308::cub_attribute_yes_no_v1,8787,150,308,1,vision.late,32,correct_answer_margin,vision_cls_attention,logit_concept,0.25
8787::308::cub_attribute_yes_no_v1,8787,150,308,1,vision.late,32,raw_yes_minus_no,vision_cls_attention,logit_concept,0.25
8787::308::cub_attribute_yes_no_v1,8787,150,308,1,projector.output,32,correct_answer_margin,vision_cls_attention,logit_concept,0.2942708333333333
8787::308::cub_attribute_yes_no_v1,8787,150,308,1,projector.output,32,raw_yes_minus_no,vision_cls_attention,logit_concept,0.2942708333333333
8787::311::cub_attribute_yes_no_v1,8787,150,311,1,vision.late,32,correct_answer_margin,vision_cls_attention,logit_concept,0.11979166666666666
8787::311::cub_attribute_yes_no_v1,8787,150,311,1,vision.late,32,raw_yes_minus_no,vision_cls_attention,logit_concept,0.11979166666666666
8787::311::cub_attribute_yes_no_v1,8787,150,311,1,projector.output,32,correct_answer_margin,vision_cls_attention,logit_concept,0.018229166666666685
8787::311::cub_attribute_yes_no_v1,8787,150,311,1,projector.output,32,raw_yes_minus_no,vision_cls_attention,logit_concept,0.018229166666666685
8787::7::cub_attribute_yes_no_v1,8787,150,7,0,vision.late,32,correct_answer_margin,vision_cls_attention,logit_concept,-0.3385416666666667
8787::7::cub_attribute_yes_no_v1,8787,150,7,0,vision.late,32,raw_yes_minus_no,vision_cls_attention,logit_concept,0.3385416666666667
8787::7::cub_attribute_yes_no_v1,8787,150,7,0,projector.output,32,correct_answer_margin,vision_cls_attention,logit_concept,-0.34895833333333337
8787::7::cub_attribute_yes_no_v1,8787,150,7,0,projector.output,32,raw_yes_minus_no,vision_cls_attention,logit_concept,0.34895833333333337
8787::8::cub_attribute_yes_no_v1,8787,150,8,0,vision.late,32,correct_answer_margin,vision_cls_attention,logit_concept,-0.15885416666666666
8787::8::cub_attribute_yes_no_v1,8787,150,8,0,vision.late,32,raw_yes_minus_no,vision_cls_attention,logit_concept,0.15885416666666666
8787::8::cub_attribute_yes_no_v1,8787,150,8,0,projector.output,32,correct_answer_margin,vision_cls_attention,logit_concept,-0.18489583333333331
8787::8::cub_attribute_yes_no_v1,8787,150,8,0,projector.output,32,raw_yes_minus_no,vision_cls_attention,logit_concept,0.18489583333333331
8804::101::cub_attribute_yes_no_v1,8804,150,101,1,vision.late,32,correct_answer_margin,vision_cls_attention,logit_concept,1.6640625
8804::101::cub_attribute_yes_no_v1,8804,150,101,1,vision.late,32,raw_yes_minus_no,vision_cls_attention,logit_concept,1.6640625
8804::101::cub_attribute_yes_no_v1,8804,150,101,1,projector.output,32,correct_answer_margin,vision_cls_attention,logit_concept,1.625
8804::101::cub_attribute_yes_no_v1,8804,150,101,1,projector.output,32,raw_yes_minus_no,vision_cls_attention,logit_concept,1.625
8804::107::cub_attribute_yes_no_v1,8804,150,107,1,vision.late,32,correct_answer_margin,vision_cls_attention,logit_concept,0.010416666666666685
8804::107::cub_attribute_yes_no_v1,8804,150,107,1,vision.late,32,raw_yes_minus_no,vision_cls_attention,logit_concept,0.010416666666666685
8804::107::cub_attribute_yes_no_v1,8804,150,107,1,projector.output,32,correct_answer_margin,vision_cls_attention,logit_concept,-0.049479166666666685
8804::107::cub_attribute_yes_no_v1,8804,150,107,1,projector.output,32,raw_yes_minus_no,vision_cls_attention,logit_concept,-0.049479166666666685
8804::117::cub_attribute_yes_no_v1,8804,150,117,0,vision.late,32,correct_answer_margin,vision_cls_attention,logit_concept,0.3880208333333333
8804::117::cub_attribute_yes_no_v1,8804,150,117,0,vision.late,32,raw_yes_minus_no,vision_cls_attention,logit_concept,-0.3880208333333333
8804::117::cub_attribute_yes_no_v1,8804,150,117,0,projector.output,32,correct_answer_margin,vision_cls_attention,logit_concept,0.3697916666666667
8804::117::cub_attribute_yes_no_v1,8804,150,117,0,projector.output,32,raw_yes_minus_no,vision_cls_attention,logit_concept,-0.3697916666666667
8804::118::cub_attribute_yes_no_v1,8804,150,118,0,vision.late,32,correct_answer_margin,vision_cls_attention,logit_concept,0.12239583333333337
8804::118::cub_attribute_yes_no_v1,8804,150,118,0,vision.late,32,raw_yes_minus_no,vision_cls_attention,logit_concept,-0.12239583333333337
8804::118::cub_attribute_yes_no_v1,8804,150,118,0,projector.output,32,correct_answer_margin,vision_cls_attention,logit_concept,0.19010416666666669
8804::118::cub_attribute_yes_no_v1,8804,150,118,0,projector.output,32,raw_yes_minus_no,vision_cls_attention,logit_concept,-0.19010416666666669
8804::120::cub_attribute_yes_no_v1,8804,150,120,1,vision.late,32,correct_answer_margin,vision_cls_attention,logit_concept,-0.03645833333333334
8804::120::cub_attribute_yes_no_v1,8804,150,120,1,vision.late,32,raw_yes_minus_no,vision_cls_attention,logit_concept,-0.03645833333333334
8804::120::cub_attribute_yes_no_v1,8804,150,120,1,projector.output,32,correct_answer_margin,vision_cls_attention,logit_concept,-0.04166666666666667
8804::120::cub_attribute_yes_no_v1,8804,150,120,1,projector.output,32,raw_yes_minus_no,vision_cls_attention,logit_concept,-0.04166666666666667
8804::294::cub_attribute_yes_no_v1,8804,150,294,0,vision.late,32,correct_answer_margin,vision_cls_attention,logit_concept,-0.0234375
8804::294::cub_attribute_yes_no_v1,8804,150,294,0,vision.late,32,raw_yes_minus_no,vision_cls_attention,logit_concept,0.0234375
8804::294::cub_attribute_yes_no_v1,8804,150,294,0,projector.output,32,correct_answer_margin,vision_cls_attention,logit_concept,-0.044270833333333336
8804::294::cub_attribute_yes_no_v1,8804,150,294,0,projector.output,32,raw_yes_minus_no,vision_cls_attention,logit_concept,0.044270833333333336
8804::295::cub_attribute_yes_no_v1,8804,150,295,0,vision.late,32,correct_answer_margin,vision_cls_attention,logit_concept,-0.018229166666666685
8804::295::cub_attribute_yes_no_v1,8804,150,295,0,vision.late,32,raw_yes_minus_no,vision_cls_attention,logit_concept,0.018229166666666685
8804::295::cub_attribute_yes_no_v1,8804,150,295,0,projector.output,32,correct_answer_margin,vision_cls_attention,logit_concept,-0.028645833333333343
8804::295::cub_attribute_yes_no_v1,8804,150,295,0,projector.output,32,raw_yes_minus_no,vision_cls_attention,logit_concept,0.028645833333333343
8804::305::cub_attribute_yes_no_v1,8804,150,305,0,vision.late,32,correct_answer_margin,vision_cls_attention,logit_concept,0.41927083333333337
8804::305::cub_attribute_yes_no_v1,8804,150,305,0,vision.late,32,raw_yes_minus_no,vision_cls_attention,logit_concept,-0.41927083333333337
8804::305::cub_attribute_yes_no_v1,8804,150,305,0,projector.output,32,correct_answer_margin,vision_cls_attention,logit_concept,0.3697916666666667
8804::305::cub_attribute_yes_no_v1,8804,150,305,0,projector.output,32,raw_yes_minus_no,vision_cls_attention,logit_concept,-0.3697916666666667
8804::308::cub_attribute_yes_no_v1,8804,150,308,1,vision.late,32,correct_answer_margin,vision_cls_attention,logit_concept,0.20833333333333334
8804::308::cub_attribute_yes_no_v1,8804,150,308,1,vision.late,32,raw_yes_minus_no,vision_cls_attention,logit_concept,0.20833333333333334
8804::308::cub_attribute_yes_no_v1,8804,150,308,1,projector.output,32,correct_answer_margin,vision_cls_attention,logit_concept,0.22916666666666666
8804::308::cub_attribute_yes_no_v1,8804,150,308,1,projector.output,32,raw_yes_minus_no,vision_cls_attention,logit_concept,0.22916666666666666
8804::309::cub_attribute_yes_no_v1,8804,150,309,0,vision.late,32,correct_answer_margin,vision_cls_attention,logit_concept,0.1796875
8804::309::cub_attribute_yes_no_v1,8804,150,309,0,vision.late,32,raw_yes_minus_no,vision_cls_attention,logit_concept,-0.1796875
8804::309::cub_attribute_yes_no_v1,8804,150,309,0,projector.output,32,correct_answer_margin,vision_cls_attention,logit_concept,0.18229166666666666
8804::309::cub_attribute_yes_no_v1,8804,150,309,0,projector.output,32,raw_yes_minus_no,vision_cls_attention,logit_concept,-0.18229166666666666
8804::311::cub_attribute_yes_no_v1,8804,150,311,1,vision.late,32,correct_answer_margin,vision_cls_attention,logit_concept,-0.26562499999999994
8804::311::cub_attribute_yes_no_v1,8804,150,311,1,vision.late,32,raw_yes_minus_no,vision_cls_attention,logit_concept,-0.26562499999999994
8804::311::cub_attribute_yes_no_v1,8804,150,311,1,projector.output,32,correct_answer_margin,vision_cls_attention,logit_concept,-0.3489583333333333
8804::311::cub_attribute_yes_no_v1,8804,150,311,1,projector.output,32,raw_yes_minus_no,vision_cls_attention,logit_concept,-0.3489583333333333
8804::7::cub_attribute_yes_no_v1,8804,150,7,1,vision.late,32,correct_answer_margin,vision_cls_attention,logit_concept,-0.265625
8804::7::cub_attribute_yes_no_v1,8804,150,7,1,vision.late,32,raw_yes_minus_no,vision_cls_attention,logit_concept,-0.265625
8804::7::cub_attribute_yes_no_v1,8804,150,7,1,projector.output,32,correct_answer_margin,vision_cls_attention,logit_concept,-0.23177083333333331
8804::7::cub_attribute_yes_no_v1,8804,150,7,1,projector.output,32,raw_yes_minus_no,vision_cls_attention,logit_concept,-0.23177083333333331
8815::101::cub_attribute_yes_no_v1,8815,150,101,0,vision.late,32,correct_answer_margin,vision_cls_attention,logit_concept,-0.25520833333333337
8815::101::cub_attribute_yes_no_v1,8815,150,101,0,vision.late,32,raw_yes_minus_no,vision_cls_attention,logit_concept,0.25520833333333337
8815::101::cub_attribute_yes_no_v1,8815,150,101,0,projector.output,32,correct_answer_margin,vision_cls_attention,logit_concept,-0.3177083333333333
8815::101::cub_attribute_yes_no_v1,8815,150,101,0,projector.output,32,raw_yes_minus_no,vision_cls_attention,logit_concept,0.3177083333333333
8815::102::cub_attribute_yes_no_v1,8815,150,102,1,vision.late,32,correct_answer_margin,vision_cls_attention,logit_concept,-0.5520833333333334
8815::102::cub_attribute_yes_no_v1,8815,150,102,1,vision.late,32,raw_yes_minus_no,vision_cls_attention,logit_concept,-0.5520833333333334
8815::102::cub_attribute_yes_no_v1,8815,150,102,1,projector.output,32,correct_answer_margin,vision_cls_attention,logit_concept,-0.5729166666666666
8815::102::cub_attribute_yes_no_v1,8815,150,102,1,projector.output,32,raw_yes_minus_no,vision_cls_attention,logit_concept,-0.5729166666666666
8815::111::cub_attribute_yes_no_v1,8815,150,111,0,vision.late,32,correct_answer_margin,vision_cls_attention,logit_concept,0.4375
8815::111::cub_attribute_yes_no_v1,8815,150,111,0,vision.late,32,raw_yes_minus_no,vision_cls_attention,logit_concept,-0.4375
8815::111::cub_attribute_yes_no_v1,8815,150,111,0,projector.output,32,correct_answer_margin,vision_cls_attention,logit_concept,0.44791666666666663
8815::111::cub_attribute_yes_no_v1,8815,150,111,0,projector.output,32,raw_yes_minus_no,vision_cls_attention,logit_concept,-0.44791666666666663
8815::117::cub_attribute_yes_no_v1,8815,150,117,1,vision.late,32,correct_answer_margin,vision_cls_attention,logit_concept,-0.4427083333333333
8815::117::cub_attribute_yes_no_v1,8815,150,117,1,vision.late,32,raw_yes_minus_no,vision_cls_attention,logit_concept,-0.4427083333333333
8815::117::cub_attribute_yes_no_v1,8815,150,117,1,projector.output,32,correct_answer_margin,vision_cls_attention,logit_concept,-0.375
8815::117::cub_attribute_yes_no_v1,8815,150,117,1,projector.output,32,raw_yes_minus_no,vision_cls_attention,logit_concept,-0.375
8815::118::cub_attribute_yes_no_v1,8815,150,118,1,vision.late,32,correct_answer_margin,vision_cls_attention,logit_concept,-0.3802083333333333
8815::118::cub_attribute_yes_no_v1,8815,150,118,1,vision.late,32,raw_yes_minus_no,vision_cls_attention,logit_concept,-0.3802083333333333
8815::118::cub_attribute_yes_no_v1,8815,150,118,1,projector.output,32,correct_answer_margin,vision_cls_attention,logit_concept,-0.3463541666666667
8815::118::cub_attribute_yes_no_v1,8815,150,118,1,projector.output,32,raw_yes_minus_no,vision_cls_attention,logit_concept,-0.3463541666666667
8815::120::cub_attribute_yes_no_v1,8815,150,120,0,vision.late,32,correct_answer_margin,vision_cls_attention,logit_concept,0.140625
8815::120::cub_attribute_yes_no_v1,8815,150,120,0,vision.late,32,raw_yes_minus_no,vision_cls_attention,logit_concept,-0.140625
8815::120::cub_attribute_yes_no_v1,8815,150,120,0,projector.output,32,correct_answer_margin,vision_cls_attention,logit_concept,0.10677083333333333
8815::120::cub_attribute_yes_no_v1,8815,150,120,0,projector.output,32,raw_yes_minus_no,vision_cls_attention,logit_concept,-0.10677083333333333
8815::295::cub_attribute_yes_no_v1,8815,150,295,0,vision.late,32,correct_answer_margin,vision_cls_attention,logit_concept,0.026041666666666657
8815::295::cub_attribute_yes_no_v1,8815,150,295,0,vision.late,32,raw_yes_minus_no,vision_cls_attention,logit_concept,-0.026041666666666657
8815::295::cub_attribute_yes_no_v1,8815,150,295,0,projector.output,32,correct_answer_margin,vision_cls_attention,logit_concept,-0.007812499999999972
8815::295::cub_attribute_yes_no_v1,8815,150,295,0,projector.output,32,raw_yes_minus_no,vision_cls_attention,logit_concept,0.007812499999999972
8815::299::cub_attribute_yes_no_v1,8815,150,299,1,vision.late,32,correct_answer_margin,vision_cls_attention,logit_concept,-0.3020833333333333
8815::299::cub_attribute_yes_no_v1,8815,150,299,1,vision.late,32,raw_yes_minus_no,vision_cls_attention,logit_concept,-0.3020833333333333
8815::299::cub_attribute_yes_no_v1,8815,150,299,1,projector.output,32,correct_answer_margin,vision_cls_attention,logit_concept,-0.30729166666666663
8815::299::cub_attribute_yes_no_v1,8815,150,299,1,projector.output,32,raw_yes_minus_no,vision_cls_attention,logit_concept,-0.30729166666666663
8815::311::cub_attribute_yes_no_v1,8815,150,311,1,vision.late,32,correct_answer_margin,vision_cls_attention,logit_concept,0.3411458333333333
8815::311::cub_attribute_yes_no_v1,8815,150,311,1,vision.late,32,raw_yes_minus_no,vision_cls_attention,logit_concept,0.3411458333333333
8815::311::cub_attribute_yes_no_v1,8815,150,311,1,projector.output,32,correct_answer_margin,vision_cls_attention,logit_concept,0.6067708333333333
8815::311::cub_attribute_yes_no_v1,8815,150,311,1,projector.output,32,raw_yes_minus_no,vision_cls_attention,logit_concept,0.6067708333333333
8815::312::cub_attribute_yes_no_v1,8815,150,312,0,vision.late,32,correct_answer_margin,vision_cls_attention,logit_concept,-0.96875
8815::312::cub_attribute_yes_no_v1,8815,150,312,0,vision.late,32,raw_yes_minus_no,vision_cls_attention,logit_concept,0.96875
8815::312::cub_attribute_yes_no_v1,8815,150,312,0,projector.output,32,correct_answer_margin,vision_cls_attention,logit_concept,-1.2682291666666667
8815::312::cub_attribute_yes_no_v1,8815,150,312,0,projector.output,32,raw_yes_minus_no,vision_cls_attention,logit_concept,1.2682291666666667
8815::7::cub_attribute_yes_no_v1,8815,150,7,1,vision.late,32,correct_answer_margin,vision_cls_attention,logit_concept,-0.19270833333333334
8815::7::cub_attribute_yes_no_v1,8815,150,7,1,vision.late,32,raw_yes_minus_no,vision_cls_attention,logit_concept,-0.19270833333333334
8815::7::cub_attribute_yes_no_v1,8815,150,7,1,projector.output,32,correct_answer_margin,vision_cls_attention,logit_concept,-0.16145833333333334
8815::7::cub_attribute_yes_no_v1,8815,150,7,1,projector.output,32,raw_yes_minus_no,vision_cls_attention,logit_concept,-0.16145833333333334
8815::8::cub_attribute_yes_no_v1,8815,150,8,0,vision.late,32,correct_answer_margin,vision_cls_attention,logit_concept,0.19270833333333331
8815::8::cub_attribute_yes_no_v1,8815,150,8,0,vision.late,32,raw_yes_minus_no,vision_cls_attention,logit_concept,-0.19270833333333331
8815::8::cub_attribute_yes_no_v1,8815,150,8,0,projector.output,32,correct_answer_margin,vision_cls_attention,logit_concept,0.1875
8815::8::cub_attribute_yes_no_v1,8815,150,8,0,projector.output,32,raw_yes_minus_no,vision_cls_attention,logit_concept,-0.1875
9302::100::cub_attribute_yes_no_v1,9302,159,100,1,vision.late,32,correct_answer_margin,vision_cls_attention,logit_concept,0.06770833333333334
9302::100::cub_attribute_yes_no_v1,9302,159,100,1,vision.late,32,raw_yes_minus_no,vision_cls_attention,logit_concept,0.06770833333333334
9302::100::cub_attribute_yes_no_v1,9302,159,100,1,projector.output,32,correct_answer_margin,vision_cls_attention,logit_concept,0.03125
9302::100::cub_attribute_yes_no_v1,9302,159,100,1,projector.output,32,raw_yes_minus_no,vision_cls_attention,logit_concept,0.03125
9302::117::cub_attribute_yes_no_v1,9302,159,117,1,vision.late,32,correct_answer_margin,vision_cls_attention,logit_concept,-0.24479166666666669
9302::117::cub_attribute_yes_no_v1,9302,159,117,1,vision.late,32,raw_yes_minus_no,vision_cls_attention,logit_concept,-0.24479166666666669
9302::117::cub_attribute_yes_no_v1,9302,159,117,1,projector.output,32,correct_answer_margin,vision_cls_attention,logit_concept,-0.2265625
9302::117::cub_attribute_yes_no_v1,9302,159,117,1,projector.output,32,raw_yes_minus_no,vision_cls_attention,logit_concept,-0.2265625
9302::120::cub_attribute_yes_no_v1,9302,159,120,0,vision.late,32,correct_answer_margin,vision_cls_attention,logit_concept,0.1328125
9302::120::cub_attribute_yes_no_v1,9302,159,120,0,vision.late,32,raw_yes_minus_no,vision_cls_attention,logit_concept,-0.1328125
9302::120::cub_attribute_yes_no_v1,9302,159,120,0,projector.output,32,correct_answer_margin,vision_cls_attention,logit_concept,0.13802083333333331
9302::120::cub_attribute_yes_no_v1,9302,159,120,0,projector.output,32,raw_yes_minus_no,vision_cls_attention,logit_concept,-0.13802083333333331
9302::305::cub_attribute_yes_no_v1,9302,159,305,1,vision.late,32,correct_answer_margin,vision_cls_attention,logit_concept,-0.3411458333333333
9302::305::cub_attribute_yes_no_v1,9302,159,305,1,vision.late,32,raw_yes_minus_no,vision_cls_attention,logit_concept,-0.3411458333333333
9302::305::cub_attribute_yes_no_v1,9302,159,305,1,projector.output,32,correct_answer_margin,vision_cls_attention,logit_concept,-0.2994791666666667
9302::305::cub_attribute_yes_no_v1,9302,159,305,1,projector.output,32,raw_yes_minus_no,vision_cls_attention,logit_concept,-0.2994791666666667
9302::306::cub_attribute_yes_no_v1,9302,159,306,1,vision.late,32,correct_answer_margin,vision_cls_attention,logit_concept,-0.046875
9302::306::cub_attribute_yes_no_v1,9302,159,306,1,vision.late,32,raw_yes_minus_no,vision_cls_attention,logit_concept,-0.046875
9302::306::cub_attribute_yes_no_v1,9302,159,306,1,projector.output,32,correct_answer_margin,vision_cls_attention,logit_concept,0.005208333333333329
9302::306::cub_attribute_yes_no_v1,9302,159,306,1,projector.output,32,raw_yes_minus_no,vision_cls_attention,logit_concept,0.005208333333333329
9302::310::cub_attribute_yes_no_v1,9302,159,310,0,vision.late,32,correct_answer_margin,vision_cls_attention,logit_concept,-0.0078125
9302::310::cub_attribute_yes_no_v1,9302,159,310,0,vision.late,32,raw_yes_minus_no,vision_cls_attention,logit_concept,0.0078125
9302::310::cub_attribute_yes_no_v1,9302,159,310,0,projector.output,32,correct_answer_margin,vision_cls_attention,logit_concept,0.015625
9302::310::cub_attribute_yes_no_v1,9302,159,310,0,projector.output,32,raw_yes_minus_no,vision_cls_attention,logit_concept,-0.015625
9302::311::cub_attribute_yes_no_v1,9302,159,311,1,vision.late,32,correct_answer_margin,vision_cls_attention,logit_concept,-0.15885416666666666
9302::311::cub_attribute_yes_no_v1,9302,159,311,1,vision.late,32,raw_yes_minus_no,vision_cls_attention,logit_concept,-0.15885416666666666
9302::311::cub_attribute_yes_no_v1,9302,159,311,1,projector.output,32,correct_answer_margin,vision_cls_attention,logit_concept,-0.23177083333333331
9302::311::cub_attribute_yes_no_v1,9302,159,311,1,projector.output,32,raw_yes_minus_no,vision_cls_attention,logit_concept,-0.23177083333333331
9302::7::cub_attribute_yes_no_v1,9302,159,7,1,vision.late,32,correct_answer_margin,vision_cls_attention,logit_concept,-0.16666666666666669
9302::7::cub_attribute_yes_no_v1,9302,159,7,1,vision.late,32,raw_yes_minus_no,vision_cls_attention,logit_concept,-0.16666666666666669
9302::7::cub_attribute_yes_no_v1,9302,159,7,1,projector.output,32,correct_answer_margin,vision_cls_attention,logit_concept,-0.11458333333333333
9302::7::cub_attribute_yes_no_v1,9302,159,7,1,projector.output,32,raw_yes_minus_no,vision_cls_attention,logit_concept,-0.11458333333333333
9302::96::cub_attribute_yes_no_v1,9302,159,96,1,vision.late,32,correct_answer_margin,vision_cls_attention,logit_concept,0.031249999999999993
9302::96::cub_attribute_yes_no_v1,9302,159,96,1,vision.late,32,raw_yes_minus_no,vision_cls_attention,logit_concept,0.031249999999999993
9302::96::cub_attribute_yes_no_v1,9302,159,96,1,projector.output,32,correct_answer_margin,vision_cls_attention,logit_concept,0.036458333333333336
9302::96::cub_attribute_yes_no_v1,9302,159,96,1,projector.output,32,raw_yes_minus_no,vision_cls_attention,logit_concept,0.036458333333333336
9307::101::cub_attribute_yes_no_v1,9307,159,101,0,vision.late,32,correct_answer_margin,vision_cls_attention,logit_concept,-1.6354166666666667
9307::101::cub_attribute_yes_no_v1,9307,159,101,0,vision.late,32,raw_yes_minus_no,vision_cls_attention,logit_concept,1.6354166666666667
9307::101::cub_attribute_yes_no_v1,9307,159,101,0,projector.output,32,correct_answer_margin,vision_cls_attention,logit_concept,-1.5677083333333333
9307::101::cub_attribute_yes_no_v1,9307,159,101,0,projector.output,32,raw_yes_minus_no,vision_cls_attention,logit_concept,1.5677083333333333
9307::104::cub_attribute_yes_no_v1,9307,159,104,0,vision.late,32,correct_answer_margin,vision_cls_attention,logit_concept,-0.59375
9307::104::cub_attribute_yes_no_v1,9307,159,104,0,vision.late,32,raw_yes_minus_no,vision_cls_attention,logit_concept,0.59375
9307::104::cub_attribute_yes_no_v1,9307,159,104,0,projector.output,32,correct_answer_margin,vision_cls_attention,logit_concept,-0.6380208333333334
9307::104::cub_attribute_yes_no_v1,9307,159,104,0,projector.output,32,raw_yes_minus_no,vision_cls_attention,logit_concept,0.6380208333333334
9307::111::cub_attribute_yes_no_v1,9307,159,111,1,vision.late,32,correct_answer_margin,vision_cls_attention,logit_concept,-0.036458333333333336
9307::111::cub_attribute_yes_no_v1,9307,159,111,1,vision.late,32,raw_yes_minus_no,vision_cls_attention,logit_concept,-0.036458333333333336
9307::111::cub_attribute_yes_no_v1,9307,159,111,1,projector.output,32,correct_answer_margin,vision_cls_attention,logit_concept,-0.03385416666666667
9307::111::cub_attribute_yes_no_v1,9307,159,111,1,projector.output,32,raw_yes_minus_no,vision_cls_attention,logit_concept,-0.03385416666666667
9307::117::cub_attribute_yes_no_v1,9307,159,117,1,vision.late,32,correct_answer_margin,vision_cls_attention,logit_concept,-0.9401041666666666
9307::117::cub_attribute_yes_no_v1,9307,159,117,1,vision.late,32,raw_yes_minus_no,vision_cls_attention,logit_concept,-0.9401041666666666
9307::117::cub_attribute_yes_no_v1,9307,159,117,1,projector.output,32,correct_answer_margin,vision_cls_attention,logit_concept,-0.9166666666666666
9307::117::cub_attribute_yes_no_v1,9307,159,117,1,projector.output,32,raw_yes_minus_no,vision_cls_attention,logit_concept,-0.9166666666666666
9307::118::cub_attribute_yes_no_v1,9307,159,118,1,vision.late,32,correct_answer_margin,vision_cls_attention,logit_concept,0.010416666666666685
9307::118::cub_attribute_yes_no_v1,9307,159,118,1,vision.late,32,raw_yes_minus_no,vision_cls_attention,logit_concept,0.010416666666666685
9307::118::cub_attribute_yes_no_v1,9307,159,118,1,projector.output,32,correct_answer_margin,vision_cls_attention,logit_concept,0.0078125
9307::118::cub_attribute_yes_no_v1,9307,159,118,1,projector.output,32,raw_yes_minus_no,vision_cls_attention,logit_concept,0.0078125
9307::120::cub_attribute_yes_no_v1,9307,159,120,0,vision.late,32,correct_answer_margin,vision_cls_attention,logit_concept,-0.15364583333333331
9307::120::cub_attribute_yes_no_v1,9307,159,120,0,vision.late,32,raw_yes_minus_no,vision_cls_attention,logit_concept,0.15364583333333331
9307::120::cub_attribute_yes_no_v1,9307,159,120,0,projector.output,32,correct_answer_margin,vision_cls_attention,logit_concept,-0.16666666666666669
9307::120::cub_attribute_yes_no_v1,9307,159,120,0,projector.output,32,raw_yes_minus_no,vision_cls_attention,logit_concept,0.16666666666666669
9307::299::cub_attribute_yes_no_v1,9307,159,299,1,vision.late,32,correct_answer_margin,vision_cls_attention,logit_concept,0.12239583333333333
9307::299::cub_attribute_yes_no_v1,9307,159,299,1,vision.late,32,raw_yes_minus_no,vision_cls_attention,logit_concept,0.12239583333333333
9307::299::cub_attribute_yes_no_v1,9307,159,299,1,projector.output,32,correct_answer_margin,vision_cls_attention,logit_concept,0.1484375
9307::299::cub_attribute_yes_no_v1,9307,159,299,1,projector.output,32,raw_yes_minus_no,vision_cls_attention,logit_concept,0.1484375
9307::306::cub_attribute_yes_no_v1,9307,159,306,1,vision.late,32,correct_answer_margin,vision_cls_attention,logit_concept,0.34895833333333337
9307::306::cub_attribute_yes_no_v1,9307,159,306,1,vision.late,32,raw_yes_minus_no,vision_cls_attention,logit_concept,0.34895833333333337
9307::306::cub_attribute_yes_no_v1,9307,159,306,1,projector.output,32,correct_answer_margin,vision_cls_attention,logit_concept,0.36197916666666663
9307::306::cub_attribute_yes_no_v1,9307,159,306,1,projector.output,32,raw_yes_minus_no,vision_cls_attention,logit_concept,0.36197916666666663
9307::309::cub_attribute_yes_no_v1,9307,159,309,0,vision.late,32,correct_answer_margin,vision_cls_attention,logit_concept,-0.11979166666666669
9307::309::cub_attribute_yes_no_v1,9307,159,309,0,vision.late,32,raw_yes_minus_no,vision_cls_attention,logit_concept,0.11979166666666669
9307::309::cub_attribute_yes_no_v1,9307,159,309,0,projector.output,32,correct_answer_margin,vision_cls_attention,logit_concept,-0.15625
9307::309::cub_attribute_yes_no_v1,9307,159,309,0,projector.output,32,raw_yes_minus_no,vision_cls_attention,logit_concept,0.15625
9307::311::cub_attribute_yes_no_v1,9307,159,311,1,vision.late,32,correct_answer_margin,vision_cls_attention,logit_concept,-0.4739583333333333
9307::311::cub_attribute_yes_no_v1,9307,159,311,1,vision.late,32,raw_yes_minus_no,vision_cls_attention,logit_concept,-0.4739583333333333
9307::311::cub_attribute_yes_no_v1,9307,159,311,1,projector.output,32,correct_answer_margin,vision_cls_attention,logit_concept,-0.5286458333333333
9307::311::cub_attribute_yes_no_v1,9307,159,311,1,projector.output,32,raw_yes_minus_no,vision_cls_attention,logit_concept,-0.5286458333333333
9307::312::cub_attribute_yes_no_v1,9307,159,312,0,vision.late,32,correct_answer_margin,vision_cls_attention,logit_concept,0.42708333333333337
9307::312::cub_attribute_yes_no_v1,9307,159,312,0,vision.late,32,raw_yes_minus_no,vision_cls_attention,logit_concept,-0.42708333333333337
9307::312::cub_attribute_yes_no_v1,9307,159,312,0,projector.output,32,correct_answer_margin,vision_cls_attention,logit_concept,0.3958333333333333
9307::312::cub_attribute_yes_no_v1,9307,159,312,0,projector.output,32,raw_yes_minus_no,vision_cls_attention,logit_concept,-0.3958333333333333
9307::7::cub_attribute_yes_no_v1,9307,159,7,1,vision.late,32,correct_answer_margin,vision_cls_attention,logit_concept,0.20833333333333334
9307::7::cub_attribute_yes_no_v1,9307,159,7,1,vision.late,32,raw_yes_minus_no,vision_cls_attention,logit_concept,0.20833333333333334
9307::7::cub_attribute_yes_no_v1,9307,159,7,1,projector.output,32,correct_answer_margin,vision_cls_attention,logit_concept,0.20833333333333334
9307::7::cub_attribute_yes_no_v1,9307,159,7,1,projector.output,32,raw_yes_minus_no,vision_cls_attention,logit_concept,0.20833333333333334
9307::8::cub_attribute_yes_no_v1,9307,159,8,0,vision.late,32,correct_answer_margin,vision_cls_attention,logit_concept,-0.10416666666666669
9307::8::cub_attribute_yes_no_v1,9307,159,8,0,vision.late,32,raw_yes_minus_no,vision_cls_attention,logit_concept,0.10416666666666669
9307::8::cub_attribute_yes_no_v1,9307,159,8,0,projector.output,32,correct_answer_margin,vision_cls_attention,logit_concept,-0.10416666666666664
9307::8::cub_attribute_yes_no_v1,9307,159,8,0,projector.output,32,raw_yes_minus_no,vision_cls_attention,logit_concept,0.10416666666666664
9307::96::cub_attribute_yes_no_v1,9307,159,96,1,vision.late,32,correct_answer_margin,vision_cls_attention,logit_concept,0.06770833333333333
9307::96::cub_attribute_yes_no_v1,9307,159,96,1,vision.late,32,raw_yes_minus_no,vision_cls_attention,logit_concept,0.06770833333333333
9307::96::cub_attribute_yes_no_v1,9307,159,96,1,projector.output,32,correct_answer_margin,vision_cls_attention,logit_concept,0.08333333333333333
9307::96::cub_attribute_yes_no_v1,9307,159,96,1,projector.output,32,raw_yes_minus_no,vision_cls_attention,logit_concept,0.08333333333333333
9331::101::cub_attribute_yes_no_v1,9331,159,101,0,vision.late,32,correct_answer_margin,vision_cls_attention,logit_concept,-2.2057291666666665
9331::101::cub_attribute_yes_no_v1,9331,159,101,0,vision.late,32,raw_yes_minus_no,vision_cls_attention,logit_concept,2.2057291666666665
9331::101::cub_attribute_yes_no_v1,9331,159,101,0,projector.output,32,correct_answer_margin,vision_cls_attention,logit_concept,-2.1822916666666665
9331::101::cub_attribute_yes_no_v1,9331,159,101,0,projector.output,32,raw_yes_minus_no,vision_cls_attention,logit_concept,2.1822916666666665
9331::104::cub_attribute_yes_no_v1,9331,159,104,1,vision.late,32,correct_answer_margin,vision_cls_attention,logit_concept,1.7161458333333335
9331::104::cub_attribute_yes_no_v1,9331,159,104,1,vision.late,32,raw_yes_minus_no,vision_cls_attention,logit_concept,1.7161458333333335
9331::104::cub_attribute_yes_no_v1,9331,159,104,1,projector.output,32,correct_answer_margin,vision_cls_attention,logit_concept,1.8541666666666665
9331::104::cub_attribute_yes_no_v1,9331,159,104,1,projector.output,32,raw_yes_minus_no,vision_cls_attention,logit_concept,1.8541666666666665
9331::105::cub_attribute_yes_no_v1,9331,159,105,0,vision.late,32,correct_answer_margin,vision_cls_attention,logit_concept,-1.15625
9331::105::cub_attribute_yes_no_v1,9331,159,105,0,vision.late,32,raw_yes_minus_no,vision_cls_attention,logit_concept,1.15625
9331::105::cub_attribute_yes_no_v1,9331,159,105,0,projector.output,32,correct_answer_margin,vision_cls_attention,logit_concept,-1.1770833333333333
9331::105::cub_attribute_yes_no_v1,9331,159,105,0,projector.output,32,raw_yes_minus_no,vision_cls_attention,logit_concept,1.1770833333333333
9331::111::cub_attribute_yes_no_v1,9331,159,111,0,vision.late,32,correct_answer_margin,vision_cls_attention,logit_concept,-0.15885416666666669
9331::111::cub_attribute_yes_no_v1,9331,159,111,0,vision.late,32,raw_yes_minus_no,vision_cls_attention,logit_concept,0.15885416666666669
9331::111::cub_attribute_yes_no_v1,9331,159,111,0,projector.output,32,correct_answer_margin,vision_cls_attention,logit_concept,-0.02864583333333333
9331::111::cub_attribute_yes_no_v1,9331,159,111,0,projector.output,32,raw_yes_minus_no,vision_cls_attention,logit_concept,0.02864583333333333
9331::117::cub_attribute_yes_no_v1,9331,159,117,1,vision.late,32,correct_answer_margin,vision_cls_attention,logit_concept,-0.2734375
9331::117::cub_attribute_yes_no_v1,9331,159,117,1,vision.late,32,raw_yes_minus_no,vision_cls_attention,logit_concept,-0.2734375
9331::117::cub_attribute_yes_no_v1,9331,159,117,1,projector.output,32,correct_answer_margin,vision_cls_attention,logit_concept,-0.27604166666666663
9331::117::cub_attribute_yes_no_v1,9331,159,117,1,projector.output,32,raw_yes_minus_no,vision_cls_attention,logit_concept,-0.27604166666666663
9331::118::cub_attribute_yes_no_v1,9331,159,118,1,vision.late,32,correct_answer_margin,vision_cls_attention,logit_concept,-0.40625
9331::118::cub_attribute_yes_no_v1,9331,159,118,1,vision.late,32,raw_yes_minus_no,vision_cls_attention,logit_concept,-0.40625
9331::118::cub_attribute_yes_no_v1,9331,159,118,1,projector.output,32,correct_answer_margin,vision_cls_attention,logit_concept,-0.3541666666666667
9331::118::cub_attribute_yes_no_v1,9331,159,118,1,projector.output,32,raw_yes_minus_no,vision_cls_attention,logit_concept,-0.3541666666666667
9331::120::cub_attribute_yes_no_v1,9331,159,120,0,vision.late,32,correct_answer_margin,vision_cls_attention,logit_concept,-0.17708333333333331
9331::120::cub_attribute_yes_no_v1,9331,159,120,0,vision.late,32,raw_yes_minus_no,vision_cls_attention,logit_concept,0.17708333333333331
9331::120::cub_attribute_yes_no_v1,9331,159,120,0,projector.output,32,correct_answer_margin,vision_cls_attention,logit_concept,-0.21614583333333334
9331::120::cub_attribute_yes_no_v1,9331,159,120,0,projector.output,32,raw_yes_minus_no,vision_cls_attention,logit_concept,0.21614583333333334
9331::295::cub_attribute_yes_no_v1,9331,159,295,0,vision.late,32,correct_answer_margin,vision_cls_attention,logit_concept,-0.02083333333333337
9331::295::cub_attribute_yes_no_v1,9331,159,295,0,vision.late,32,raw_yes_minus_no,vision_cls_attention,logit_concept,0.02083333333333337
9331::295::cub_attribute_yes_no_v1,9331,159,295,0,projector.output,32,correct_answer_margin,vision_cls_attention,logit_concept,-0.07291666666666669
9331::295::cub_attribute_yes_no_v1,9331,159,295,0,projector.output,32,raw_yes_minus_no,vision_cls_attention,logit_concept,0.07291666666666669
9331::305::cub_attribute_yes_no_v1,9331,159,305,1,vision.late,32,correct_answer_margin,vision_cls_attention,logit_concept,-0.020833333333333315
9331::305::cub_attribute_yes_no_v1,9331,159,305,1,vision.late,32,raw_yes_minus_no,vision_cls_attention,logit_concept,-0.020833333333333315
9331::305::cub_attribute_yes_no_v1,9331,159,305,1,projector.output,32,correct_answer_margin,vision_cls_attention,logit_concept,-0.013020833333333315
9331::305::cub_attribute_yes_no_v1,9331,159,305,1,projector.output,32,raw_yes_minus_no,vision_cls_attention,logit_concept,-0.013020833333333315
9331::306::cub_attribute_yes_no_v1,9331,159,306,1,vision.late,32,correct_answer_margin,vision_cls_attention,logit_concept,0.4661458333333333
9331::306::cub_attribute_yes_no_v1,9331,159,306,1,vision.late,32,raw_yes_minus_no,vision_cls_attention,logit_concept,0.4661458333333333
9331::306::cub_attribute_yes_no_v1,9331,159,306,1,projector.output,32,correct_answer_margin,vision_cls_attention,logit_concept,0.53125
9331::306::cub_attribute_yes_no_v1,9331,159,306,1,projector.output,32,raw_yes_minus_no,vision_cls_attention,logit_concept,0.53125
9331::308::cub_attribute_yes_no_v1,9331,159,308,0,vision.late,32,correct_answer_margin,vision_cls_attention,logit_concept,-0.6302083333333334
9331::308::cub_attribute_yes_no_v1,9331,159,308,0,vision.late,32,raw_yes_minus_no,vision_cls_attention,logit_concept,0.6302083333333334
9331::308::cub_attribute_yes_no_v1,9331,159,308,0,projector.output,32,correct_answer_margin,vision_cls_attention,logit_concept,-0.6953125
9331::308::cub_attribute_yes_no_v1,9331,159,308,0,projector.output,32,raw_yes_minus_no,vision_cls_attention,logit_concept,0.6953125
9331::311::cub_attribute_yes_no_v1,9331,159,311,1,vision.late,32,correct_answer_margin,vision_cls_attention,logit_concept,0.41927083333333326
9331::311::cub_attribute_yes_no_v1,9331,159,311,1,vision.late,32,raw_yes_minus_no,vision_cls_attention,logit_concept,0.41927083333333326
9331::311::cub_attribute_yes_no_v1,9331,159,311,1,projector.output,32,correct_answer_margin,vision_cls_attention,logit_concept,0.35416666666666674
9331::311::cub_attribute_yes_no_v1,9331,159,311,1,projector.output,32,raw_yes_minus_no,vision_cls_attention,logit_concept,0.35416666666666674
9331::7::cub_attribute_yes_no_v1,9331,159,7,1,vision.late,32,correct_answer_margin,vision_cls_attention,logit_concept,0.015625
9331::7::cub_attribute_yes_no_v1,9331,159,7,1,vision.late,32,raw_yes_minus_no,vision_cls_attention,logit_concept,0.015625
9331::7::cub_attribute_yes_no_v1,9331,159,7,1,projector.output,32,correct_answer_margin,vision_cls_attention,logit_concept,0.046875
9331::7::cub_attribute_yes_no_v1,9331,159,7,1,projector.output,32,raw_yes_minus_no,vision_cls_attention,logit_concept,0.046875
9331::96::cub_attribute_yes_no_v1,9331,159,96,0,vision.late,32,correct_answer_margin,vision_cls_attention,logit_concept,-0.6744791666666667
9331::96::cub_attribute_yes_no_v1,9331,159,96,0,vision.late,32,raw_yes_minus_no,vision_cls_attention,logit_concept,0.6744791666666667
9331::96::cub_attribute_yes_no_v1,9331,159,96,0,projector.output,32,correct_answer_margin,vision_cls_attention,logit_concept,-0.7447916666666666
9331::96::cub_attribute_yes_no_v1,9331,159,96,0,projector.output,32,raw_yes_minus_no,vision_cls_attention,logit_concept,0.7447916666666666
9340::100::cub_attribute_yes_no_v1,9340,159,100,1,vision.late,32,correct_answer_margin,vision_cls_attention,logit_concept,-0.028645833333333336
9340::100::cub_attribute_yes_no_v1,9340,159,100,1,vision.late,32,raw_yes_minus_no,vision_cls_attention,logit_concept,-0.028645833333333336
9340::100::cub_attribute_yes_no_v1,9340,159,100,1,projector.output,32,correct_answer_margin,vision_cls_attention,logit_concept,-0.049479166666666664
9340::100::cub_attribute_yes_no_v1,9340,159,100,1,projector.output,32,raw_yes_minus_no,vision_cls_attention,logit_concept,-0.049479166666666664
9340::107::cub_attribute_yes_no_v1,9340,159,107,0,vision.late,32,correct_answer_margin,vision_cls_attention,logit_concept,0.16927083333333334
9340::107::cub_attribute_yes_no_v1,9340,159,107,0,vision.late,32,raw_yes_minus_no,vision_cls_attention,logit_concept,-0.16927083333333334
9340::107::cub_attribute_yes_no_v1,9340,159,107,0,projector.output,32,correct_answer_margin,vision_cls_attention,logit_concept,0.17447916666666666
9340::107::cub_attribute_yes_no_v1,9340,159,107,0,projector.output,32,raw_yes_minus_no,vision_cls_attention,logit_concept,-0.17447916666666666
9340::117::cub_attribute_yes_no_v1,9340,159,117,1,vision.late,32,correct_answer_margin,vision_cls_attention,logit_concept,-0.22916666666666666
9340::117::cub_attribute_yes_no_v1,9340,159,117,1,vision.late,32,raw_yes_minus_no,vision_cls_attention,logit_concept,-0.22916666666666666
9340::117::cub_attribute_yes_no_v1,9340,159,117,1,projector.output,32,correct_answer_margin,vision_cls_attention,logit_concept,-0.22395833333333331
9340::117::cub_attribute_yes_no_v1,9340,159,117,1,projector.output,32,raw_yes_minus_no,vision_cls_attention,logit_concept,-0.22395833333333331
9340::118::cub_attribute_yes_no_v1,9340,159,118,1,vision.late,32,correct_answer_margin,vision_cls_attention,logit_concept,-0.13541666666666666
9340::118::cub_attribute_yes_no_v1,9340,159,118,1,vision.late,32,raw_yes_minus_no,vision_cls_attention,logit_concept,-0.13541666666666666
9340::118::cub_attribute_yes_no_v1,9340,159,118,1,projector.output,32,correct_answer_margin,vision_cls_attention,logit_concept,-0.1875
9340::118::cub_attribute_yes_no_v1,9340,159,118,1,projector.output,32,raw_yes_minus_no,vision_cls_attention,logit_concept,-0.1875
9340::299::cub_attribute_yes_no_v1,9340,159,299,0,vision.late,32,correct_answer_margin,vision_cls_attention,logit_concept,0.19791666666666666
9340::299::cub_attribute_yes_no_v1,9340,159,299,0,vision.late,32,raw_yes_minus_no,vision_cls_attention,logit_concept,-0.19791666666666666
9340::299::cub_attribute_yes_no_v1,9340,159,299,0,projector.output,32,correct_answer_margin,vision_cls_attention,logit_concept,0.234375
9340::299::cub_attribute_yes_no_v1,9340,159,299,0,projector.output,32,raw_yes_minus_no,vision_cls_attention,logit_concept,-0.234375
9340::305::cub_attribute_yes_no_v1,9340,159,305,1,vision.late,32,correct_answer_margin,vision_cls_attention,logit_concept,-0.36458333333333337
9340::305::cub_attribute_yes_no_v1,9340,159,305,1,vision.late,32,raw_yes_minus_no,vision_cls_attention,logit_concept,-0.36458333333333337
9340::305::cub_attribute_yes_no_v1,9340,159,305,1,projector.output,32,correct_answer_margin,vision_cls_attention,logit_concept,-0.33333333333333337
9340::305::cub_attribute_yes_no_v1,9340,159,305,1,projector.output,32,raw_yes_minus_no,vision_cls_attention,logit_concept,-0.33333333333333337
9340::306::cub_attribute_yes_no_v1,9340,159,306,1,vision.late,32,correct_answer_margin,vision_cls_attention,logit_concept,-0.08333333333333334
9340::306::cub_attribute_yes_no_v1,9340,159,306,1,vision.late,32,raw_yes_minus_no,vision_cls_attention,logit_concept,-0.08333333333333334
9340::306::cub_attribute_yes_no_v1,9340,159,306,1,projector.output,32,correct_answer_margin,vision_cls_attention,logit_concept,-0.03906250000000001
9340::306::cub_attribute_yes_no_v1,9340,159,306,1,projector.output,32,raw_yes_minus_no,vision_cls_attention,logit_concept,-0.03906250000000001
9340::309::cub_attribute_yes_no_v1,9340,159,309,0,vision.late,32,correct_answer_margin,vision_cls_attention,logit_concept,0.265625
9340::309::cub_attribute_yes_no_v1,9340,159,309,0,vision.late,32,raw_yes_minus_no,vision_cls_attention,logit_concept,-0.265625
9340::309::cub_attribute_yes_no_v1,9340,159,309,0,projector.output,32,correct_answer_margin,vision_cls_attention,logit_concept,0.3203125
9340::309::cub_attribute_yes_no_v1,9340,159,309,0,projector.output,32,raw_yes_minus_no,vision_cls_attention,logit_concept,-0.3203125
9340::311::cub_attribute_yes_no_v1,9340,159,311,0,vision.late,32,correct_answer_margin,vision_cls_attention,logit_concept,-0.15104166666666669
9340::311::cub_attribute_yes_no_v1,9340,159,311,0,vision.late,32,raw_yes_minus_no,vision_cls_attention,logit_concept,0.15104166666666669
9340::311::cub_attribute_yes_no_v1,9340,159,311,0,projector.output,32,correct_answer_margin,vision_cls_attention,logit_concept,-0.08854166666666667
9340::311::cub_attribute_yes_no_v1,9340,159,311,0,projector.output,32,raw_yes_minus_no,vision_cls_attention,logit_concept,0.08854166666666667
9340::312::cub_attribute_yes_no_v1,9340,159,312,1,vision.late,32,correct_answer_margin,vision_cls_attention,logit_concept,0.5833333333333334
9340::312::cub_attribute_yes_no_v1,9340,159,312,1,vision.late,32,raw_yes_minus_no,vision_cls_attention,logit_concept,0.5833333333333334
9340::312::cub_attribute_yes_no_v1,9340,159,312,1,projector.output,32,correct_answer_margin,vision_cls_attention,logit_concept,0.5911458333333333
9340::312::cub_attribute_yes_no_v1,9340,159,312,1,projector.output,32,raw_yes_minus_no,vision_cls_attention,logit_concept,0.5911458333333333
9340::7::cub_attribute_yes_no_v1,9340,159,7,1,vision.late,32,correct_answer_margin,vision_cls_attention,logit_concept,-0.06510416666666667
9340::7::cub_attribute_yes_no_v1,9340,159,7,1,vision.late,32,raw_yes_minus_no,vision_cls_attention,logit_concept,-0.06510416666666667
9340::7::cub_attribute_yes_no_v1,9340,159,7,1,projector.output,32,correct_answer_margin,vision_cls_attention,logit_concept,-0.08333333333333334
9340::7::cub_attribute_yes_no_v1,9340,159,7,1,projector.output,32,raw_yes_minus_no,vision_cls_attention,logit_concept,-0.08333333333333334
9340::8::cub_attribute_yes_no_v1,9340,159,8,0,vision.late,32,correct_answer_margin,vision_cls_attention,logit_concept,0.07552083333333334
9340::8::cub_attribute_yes_no_v1,9340,159,8,0,vision.late,32,raw_yes_minus_no,vision_cls_attention,logit_concept,-0.07552083333333334
9340::8::cub_attribute_yes_no_v1,9340,159,8,0,projector.output,32,correct_answer_margin,vision_cls_attention,logit_concept,0.09375
9340::8::cub_attribute_yes_no_v1,9340,159,8,0,projector.output,32,raw_yes_minus_no,vision_cls_attention,logit_concept,-0.09375
