estimand,metric_scale,stage,contrast_type,selection_method,target,grouping,omitted_group,leave_one_group_out_estimate,full_equal_group_estimate,change_from_full
selector_effect::raw_yes_minus_no::vision.late::vision_cls_attention::target_0,raw_yes_minus_no,vision.late,selector_effect_by_target,vision_cls_attention,0,attribute_id,100,0.05893040858069023,0.06239802908399702,-0.0034676205033067897
selector_effect::raw_yes_minus_no::vision.late::vision_cls_attention::target_0,raw_yes_minus_no,vision.late,selector_effect_by_target,vision_cls_attention,0,attribute_id,101,0.05232103358069023,0.06239802908399702,-0.01007699550330679
selector_effect::raw_yes_minus_no::vision.late::vision_cls_attention::target_0,raw_yes_minus_no,vision.late,selector_effect_by_target,vision_cls_attention,0,attribute_id,102,0.07553631135846801,0.06239802908399702,0.013138282274470996
selector_effect::raw_yes_minus_no::vision.late::vision_cls_attention::target_0,raw_yes_minus_no,vision.late,selector_effect_by_target,vision_cls_attention,0,attribute_id,103,0.06010600381878547,0.06239802908399702,-0.0022920252652115503
selector_effect::raw_yes_minus_no::vision.late::vision_cls_attention::target_0,raw_yes_minus_no,vision.late,selector_effect_by_target,vision_cls_attention,0,attribute_id,104,0.048333310366404515,0.06239802908399702,-0.014064718717592503
selector_effect::raw_yes_minus_no::vision.late::vision_cls_attention::target_0,raw_yes_minus_no,vision.late,selector_effect_by_target,vision_cls_attention,0,attribute_id,105,0.05069798670569023,0.06239802908399702,-0.01170004237830679
selector_effect::raw_yes_minus_no::vision.late::vision_cls_attention::target_0,raw_yes_minus_no,vision.late,selector_effect_by_target,vision_cls_attention,0,attribute_id,107,0.06516180739021404,0.06239802908399702,0.0027637783062170254
selector_effect::raw_yes_minus_no::vision.late::vision_cls_attention::target_0,raw_yes_minus_no,vision.late,selector_effect_by_target,vision_cls_attention,0,attribute_id,111,0.07106003821031986,0.06239802908399702,0.008662009126322846
selector_effect::raw_yes_minus_no::vision.late::vision_cls_attention::target_0,raw_yes_minus_no,vision.late,selector_effect_by_target,vision_cls_attention,0,attribute_id,117,0.07361308604982603,0.06239802908399702,0.011215056965829008
selector_effect::raw_yes_minus_no::vision.late::vision_cls_attention::target_0,raw_yes_minus_no,vision.late,selector_effect_by_target,vision_cls_attention,0,attribute_id,118,0.07070992246957912,0.06239802908399702,0.008311893385582102
selector_effect::raw_yes_minus_no::vision.late::vision_cls_attention::target_0,raw_yes_minus_no,vision.late,selector_effect_by_target,vision_cls_attention,0,attribute_id,120,0.06457415858069022,0.06239802908399702,0.0021761294966932063
selector_effect::raw_yes_minus_no::vision.late::vision_cls_attention::target_0,raw_yes_minus_no,vision.late,selector_effect_by_target,vision_cls_attention,0,attribute_id,2,0.05801026969180134,0.06239802908399702,-0.004387759392195677
selector_effect::raw_yes_minus_no::vision.late::vision_cls_attention::target_0,raw_yes_minus_no,vision.late,selector_effect_by_target,vision_cls_attention,0,attribute_id,294,0.06379368983069023,0.06239802908399702,0.0013956607466932072
selector_effect::raw_yes_minus_no::vision.late::vision_cls_attention::target_0,raw_yes_minus_no,vision.late,selector_effect_by_target,vision_cls_attention,0,attribute_id,295,0.06105974885846801,0.06239802908399702,-0.0013382802255290094
selector_effect::raw_yes_minus_no::vision.late::vision_cls_attention::target_0,raw_yes_minus_no,vision.late,selector_effect_by_target,vision_cls_attention,0,attribute_id,299,0.06880888080291245,0.06239802908399702,0.006410851718915429
selector_effect::raw_yes_minus_no::vision.late::vision_cls_attention::target_0,raw_yes_minus_no,vision.late,selector_effect_by_target,vision_cls_attention,0,attribute_id,305,0.07064462959518299,0.06239802908399702,0.008246600511185968
selector_effect::raw_yes_minus_no::vision.late::vision_cls_attention::target_0,raw_yes_minus_no,vision.late,selector_effect_by_target,vision_cls_attention,0,attribute_id,306,0.06313874191402356,0.06239802908399702,0.000740712830026545
selector_effect::raw_yes_minus_no::vision.late::vision_cls_attention::target_0,raw_yes_minus_no,vision.late,selector_effect_by_target,vision_cls_attention,0,attribute_id,308,0.061521554414023565,0.06239802908399702,-0.0008764746699734538
selector_effect::raw_yes_minus_no::vision.late::vision_cls_attention::target_0,raw_yes_minus_no,vision.late,selector_effect_by_target,vision_cls_attention,0,attribute_id,309,0.07149261922883837,0.06239802908399702,0.009094590144841354
selector_effect::raw_yes_minus_no::vision.late::vision_cls_attention::target_0,raw_yes_minus_no,vision.late,selector_effect_by_target,vision_cls_attention,0,attribute_id,310,0.05211493239021404,0.06239802908399702,-0.010283096693782981
selector_effect::raw_yes_minus_no::vision.late::vision_cls_attention::target_0,raw_yes_minus_no,vision.late,selector_effect_by_target,vision_cls_attention,0,attribute_id,311,0.05974176925777356,0.06239802908399702,-0.002656259826223459
selector_effect::raw_yes_minus_no::vision.late::vision_cls_attention::target_0,raw_yes_minus_no,vision.late,selector_effect_by_target,vision_cls_attention,0,attribute_id,312,0.054097819294975945,0.06239802908399702,-0.008300209789021074
selector_effect::raw_yes_minus_no::vision.late::vision_cls_attention::target_0,raw_yes_minus_no,vision.late,selector_effect_by_target,vision_cls_attention,0,attribute_id,5,0.06274985302513468,0.06239802908399702,0.00035182394113766197
selector_effect::raw_yes_minus_no::vision.late::vision_cls_attention::target_0,raw_yes_minus_no,vision.late,selector_effect_by_target,vision_cls_attention,0,attribute_id,7,0.06474607078307118,0.06239802908399702,0.0023480416990741618
selector_effect::raw_yes_minus_no::vision.late::vision_cls_attention::target_0,raw_yes_minus_no,vision.late,selector_effect_by_target,vision_cls_attention,0,attribute_id,8,0.06380150233069024,0.06239802908399702,0.0014034732466932168
selector_effect::raw_yes_minus_no::vision.late::vision_cls_attention::target_0,raw_yes_minus_no,vision.late,selector_effect_by_target,vision_cls_attention,0,attribute_id,96,0.055582607654764304,0.06239802908399702,-0.006815421429232714
selector_effect::raw_yes_minus_no::vision.late::vision_cls_attention::target_0,raw_yes_minus_no,vision.late,selector_effect_by_target,vision_cls_attention,0,class_id,104,0.026919367283950616,0.026463543388999117,0.00045582389495149936
selector_effect::raw_yes_minus_no::vision.late::vision_cls_attention::target_0,raw_yes_minus_no,vision.late,selector_effect_by_target,vision_cls_attention,0,class_id,108,0.03039580468822519,0.026463543388999117,0.003932261299226074
selector_effect::raw_yes_minus_no::vision.late::vision_cls_attention::target_0,raw_yes_minus_no,vision.late,selector_effect_by_target,vision_cls_attention,0,class_id,11,0.02339072960903416,0.026463543388999117,-0.003072813779964958
selector_effect::raw_yes_minus_no::vision.late::vision_cls_attention::target_0,raw_yes_minus_no,vision.late,selector_effect_by_target,vision_cls_attention,0,class_id,123,0.03526267428191428,0.026463543388999117,0.00879913089291516
selector_effect::raw_yes_minus_no::vision.late::vision_cls_attention::target_0,raw_yes_minus_no,vision.late,selector_effect_by_target,vision_cls_attention,0,class_id,125,0.021656046220876263,0.026463543388999117,-0.004807497168122853
selector_effect::raw_yes_minus_no::vision.late::vision_cls_attention::target_0,raw_yes_minus_no,vision.late,selector_effect_by_target,vision_cls_attention,0,class_id,130,0.016358496066555275,0.026463543388999117,-0.010105047322443841
selector_effect::raw_yes_minus_no::vision.late::vision_cls_attention::target_0,raw_yes_minus_no,vision.late,selector_effect_by_target,vision_cls_attention,0,class_id,131,0.02945326958527685,0.026463543388999117,0.0029897261962777318
selector_effect::raw_yes_minus_no::vision.late::vision_cls_attention::target_0,raw_yes_minus_no,vision.late,selector_effect_by_target,vision_cls_attention,0,class_id,150,0.03029234236488211,0.026463543388999117,0.0038287989758829938
selector_effect::raw_yes_minus_no::vision.late::vision_cls_attention::target_0,raw_yes_minus_no,vision.late,selector_effect_by_target,vision_cls_attention,0,class_id,159,0.02313341314078019,0.026463543388999117,-0.003330130248218925
selector_effect::raw_yes_minus_no::vision.late::vision_cls_attention::target_0,raw_yes_minus_no,vision.late,selector_effect_by_target,vision_cls_attention,0,class_id,194,0.023810551543427434,0.026463543388999117,-0.0026529918455716825
selector_effect::raw_yes_minus_no::vision.late::vision_cls_attention::target_0,raw_yes_minus_no,vision.late,selector_effect_by_target,vision_cls_attention,0,class_id,195,0.025826873680149447,0.026463543388999117,-0.0006366697088496694
selector_effect::raw_yes_minus_no::vision.late::vision_cls_attention::target_0,raw_yes_minus_no,vision.late,selector_effect_by_target,vision_cls_attention,0,class_id,25,0.024985210603186203,0.026463543388999117,-0.0014783327858129136
selector_effect::raw_yes_minus_no::vision.late::vision_cls_attention::target_0,raw_yes_minus_no,vision.late,selector_effect_by_target,vision_cls_attention,0,class_id,36,0.03244470610300346,0.026463543388999117,0.00598116271400434
selector_effect::raw_yes_minus_no::vision.late::vision_cls_attention::target_0,raw_yes_minus_no,vision.late,selector_effect_by_target,vision_cls_attention,0,class_id,56,0.029257433586860667,0.026463543388999117,0.0027938901978615503
selector_effect::raw_yes_minus_no::vision.late::vision_cls_attention::target_0,raw_yes_minus_no,vision.late,selector_effect_by_target,vision_cls_attention,0,class_id,65,0.030638993497923046,0.026463543388999117,0.00417545010892393
selector_effect::raw_yes_minus_no::vision.late::vision_cls_attention::target_0,raw_yes_minus_no,vision.late,selector_effect_by_target,vision_cls_attention,0,class_id,67,0.034629091627361226,0.026463543388999117,0.00816554823836211
selector_effect::raw_yes_minus_no::vision.late::vision_cls_attention::target_0,raw_yes_minus_no,vision.late,selector_effect_by_target,vision_cls_attention,0,class_id,73,0.03181504628723139,0.026463543388999117,0.005351502898232274
selector_effect::raw_yes_minus_no::vision.late::vision_cls_attention::target_0,raw_yes_minus_no,vision.late,selector_effect_by_target,vision_cls_attention,0,class_id,78,0.02384429679522881,0.026463543388999117,-0.002619246593770306
selector_effect::raw_yes_minus_no::vision.late::vision_cls_attention::target_0,raw_yes_minus_no,vision.late,selector_effect_by_target,vision_cls_attention,0,class_id,92,0.026174860753953748,0.026463543388999117,-0.0002886826350453689
selector_effect::raw_yes_minus_no::vision.late::vision_cls_attention::target_0,raw_yes_minus_no,vision.late,selector_effect_by_target,vision_cls_attention,0,class_id,99,0.008981660060161977,0.026463543388999117,-0.01748188332883714
selector_effect::raw_yes_minus_no::vision.late::vision_cls_attention::target_1,raw_yes_minus_no,vision.late,selector_effect_by_target,vision_cls_attention,1,attribute_id,100,0.09208735526416686,0.09395836109802369,-0.0018710058338568258
selector_effect::raw_yes_minus_no::vision.late::vision_cls_attention::target_1,raw_yes_minus_no,vision.late,selector_effect_by_target,vision_cls_attention,1,attribute_id,101,0.08037815387527797,0.09395836109802369,-0.013580207222745722
selector_effect::raw_yes_minus_no::vision.late::vision_cls_attention::target_1,raw_yes_minus_no,vision.late,selector_effect_by_target,vision_cls_attention,1,attribute_id,102,0.10677268512527797,0.09395836109802369,0.012814324027254284
selector_effect::raw_yes_minus_no::vision.late::vision_cls_attention::target_1,raw_yes_minus_no,vision.late,selector_effect_by_target,vision_cls_attention,1,attribute_id,103,0.0942568741133732,0.09395836109802369,0.0002985130153495136
selector_effect::raw_yes_minus_no::vision.late::vision_cls_attention::target_1,raw_yes_minus_no,vision.late,selector_effect_by_target,vision_cls_attention,1,attribute_id,104,0.07988931458956368,0.09395836109802369,-0.014069046508460012
selector_effect::raw_yes_minus_no::vision.late::vision_cls_attention::target_1,raw_yes_minus_no,vision.late,selector_effect_by_target,vision_cls_attention,1,attribute_id,105,0.08942893512527797,0.09395836109802369,-0.004529425972745721
selector_effect::raw_yes_minus_no::vision.late::vision_cls_attention::target_1,raw_yes_minus_no,vision.late,selector_effect_by_target,vision_cls_attention,1,attribute_id,107,0.09411364494670654,0.09395836109802369,0.00015528384868285228
selector_effect::raw_yes_minus_no::vision.late::vision_cls_attention::target_1,raw_yes_minus_no,vision.late,selector_effect_by_target,vision_cls_attention,1,attribute_id,111,0.10273839693083353,0.09395836109802369,0.00878003583280984
selector_effect::raw_yes_minus_no::vision.late::vision_cls_attention::target_1,raw_yes_minus_no,vision.late,selector_effect_by_target,vision_cls_attention,1,attribute_id,117,0.10673482825799402,0.09395836109802369,0.012776467159970328
selector_effect::raw_yes_minus_no::vision.late::vision_cls_attention::target_1,raw_yes_minus_no,vision.late,selector_effect_by_target,vision_cls_attention,1,attribute_id,118,0.10468891776416686,0.09395836109802369,0.01073055666614317
selector_effect::raw_yes_minus_no::vision.late::vision_cls_attention::target_1,raw_yes_minus_no,vision.late,selector_effect_by_target,vision_cls_attention,1,attribute_id,120,0.09350107054194463,0.09395836109802369,-0.0004572905560790569
selector_effect::raw_yes_minus_no::vision.late::vision_cls_attention::target_1,raw_yes_minus_no,vision.late,selector_effect_by_target,vision_cls_attention,1,attribute_id,2,0.07966113998638909,0.09395836109802369,-0.014297221111634603
selector_effect::raw_yes_minus_no::vision.late::vision_cls_attention::target_1,raw_yes_minus_no,vision.late,selector_effect_by_target,vision_cls_attention,1,attribute_id,294,0.0895396122086113,0.09395836109802369,-0.004418748889412391
selector_effect::raw_yes_minus_no::vision.late::vision_cls_attention::target_1,raw_yes_minus_no,vision.late,selector_effect_by_target,vision_cls_attention,1,attribute_id,295,0.08844586220861131,0.09395836109802369,-0.005512498889412382
selector_effect::raw_yes_minus_no::vision.late::vision_cls_attention::target_1,raw_yes_minus_no,vision.late,selector_effect_by_target,vision_cls_attention,1,attribute_id,299,0.0979915798012039,0.09395836109802369,0.004033218703180214
selector_effect::raw_yes_minus_no::vision.late::vision_cls_attention::target_1,raw_yes_minus_no,vision.late,selector_effect_by_target,vision_cls_attention,1,attribute_id,305,0.09969133322310406,0.09395836109802369,0.005732972125080366
selector_effect::raw_yes_minus_no::vision.late::vision_cls_attention::target_1,raw_yes_minus_no,vision.late,selector_effect_by_target,vision_cls_attention,1,attribute_id,306,0.09413596637527798,0.09395836109802369,0.00017760527725428632
selector_effect::raw_yes_minus_no::vision.late::vision_cls_attention::target_1,raw_yes_minus_no,vision.late,selector_effect_by_target,vision_cls_attention,1,attribute_id,308,0.08721702106277797,0.09395836109802369,-0.0067413400352457215
selector_effect::raw_yes_minus_no::vision.late::vision_cls_attention::target_1,raw_yes_minus_no,vision.late,selector_effect_by_target,vision_cls_attention,1,attribute_id,309,0.09960905665305575,0.09395836109802369,0.005650695555032059
selector_effect::raw_yes_minus_no::vision.late::vision_cls_attention::target_1,raw_yes_minus_no,vision.late,selector_effect_by_target,vision_cls_attention,1,attribute_id,310,0.09725538601813512,0.09395836109802369,0.003297024920111427
selector_effect::raw_yes_minus_no::vision.late::vision_cls_attention::target_1,raw_yes_minus_no,vision.late,selector_effect_by_target,vision_cls_attention,1,attribute_id,311,0.08745465127111131,0.09395836109802369,-0.006503709826912382
selector_effect::raw_yes_minus_no::vision.late::vision_cls_attention::target_1,raw_yes_minus_no,vision.late,selector_effect_by_target,vision_cls_attention,1,attribute_id,312,0.09481118958956368,0.09395836109802369,0.0008528284915399892
selector_effect::raw_yes_minus_no::vision.late::vision_cls_attention::target_1,raw_yes_minus_no,vision.late,selector_effect_by_target,vision_cls_attention,1,attribute_id,5,0.09978266776416686,0.09395836109802369,0.00582430666614317
selector_effect::raw_yes_minus_no::vision.late::vision_cls_attention::target_1,raw_yes_minus_no,vision.late,selector_effect_by_target,vision_cls_attention,1,attribute_id,7,0.09974887560146845,0.09395836109802369,0.005790514503444755
selector_effect::raw_yes_minus_no::vision.late::vision_cls_attention::target_1,raw_yes_minus_no,vision.late,selector_effect_by_target,vision_cls_attention,1,attribute_id,8,0.0959692997086113,0.09395836109802369,0.002010938610587612
selector_effect::raw_yes_minus_no::vision.late::vision_cls_attention::target_1,raw_yes_minus_no,vision.late,selector_effect_by_target,vision_cls_attention,1,attribute_id,96,0.08701357054194464,0.09395836109802369,-0.00694479055607905
selector_effect::raw_yes_minus_no::vision.late::vision_cls_attention::target_1,raw_yes_minus_no,vision.late,selector_effect_by_target,vision_cls_attention,1,class_id,104,0.06967708510099033,0.06537976784680886,0.0042973172541814625
selector_effect::raw_yes_minus_no::vision.late::vision_cls_attention::target_1,raw_yes_minus_no,vision.late,selector_effect_by_target,vision_cls_attention,1,class_id,108,0.06679344166623155,0.06537976784680886,0.0014136738194226867
selector_effect::raw_yes_minus_no::vision.late::vision_cls_attention::target_1,raw_yes_minus_no,vision.late,selector_effect_by_target,vision_cls_attention,1,class_id,11,0.063503101150228,0.06537976784680886,-0.0018766666965808615
selector_effect::raw_yes_minus_no::vision.late::vision_cls_attention::target_1,raw_yes_minus_no,vision.late,selector_effect_by_target,vision_cls_attention,1,class_id,123,0.0686042022917537,0.06537976784680886,0.0032244344449448292
selector_effect::raw_yes_minus_no::vision.late::vision_cls_attention::target_1,raw_yes_minus_no,vision.late,selector_effect_by_target,vision_cls_attention,1,class_id,125,0.06379746702911794,0.06537976784680886,-0.0015823008176909237
selector_effect::raw_yes_minus_no::vision.late::vision_cls_attention::target_1,raw_yes_minus_no,vision.late,selector_effect_by_target,vision_cls_attention,1,class_id,130,0.057498679696202315,0.06537976784680886,-0.00788108815060655
selector_effect::raw_yes_minus_no::vision.late::vision_cls_attention::target_1,raw_yes_minus_no,vision.late,selector_effect_by_target,vision_cls_attention,1,class_id,131,0.06033340322377124,0.06537976784680886,-0.005046364623037626
selector_effect::raw_yes_minus_no::vision.late::vision_cls_attention::target_1,raw_yes_minus_no,vision.late,selector_effect_by_target,vision_cls_attention,1,class_id,150,0.05830787227400098,0.06537976784680886,-0.007071895572807886
selector_effect::raw_yes_minus_no::vision.late::vision_cls_attention::target_1,raw_yes_minus_no,vision.late,selector_effect_by_target,vision_cls_attention,1,class_id,159,0.06751918383741472,0.06537976784680886,0.002139415990605853
selector_effect::raw_yes_minus_no::vision.late::vision_cls_attention::target_1,raw_yes_minus_no,vision.late,selector_effect_by_target,vision_cls_attention,1,class_id,194,0.06596429156115115,0.06537976784680886,0.0005845237143422832
selector_effect::raw_yes_minus_no::vision.late::vision_cls_attention::target_1,raw_yes_minus_no,vision.late,selector_effect_by_target,vision_cls_attention,1,class_id,195,0.061035720540500556,0.06537976784680886,-0.004344047306308309
selector_effect::raw_yes_minus_no::vision.late::vision_cls_attention::target_1,raw_yes_minus_no,vision.late,selector_effect_by_target,vision_cls_attention,1,class_id,25,0.06733026549664091,0.06537976784680886,0.0019504976498320448
selector_effect::raw_yes_minus_no::vision.late::vision_cls_attention::target_1,raw_yes_minus_no,vision.late,selector_effect_by_target,vision_cls_attention,1,class_id,36,0.07326012921844542,0.06537976784680886,0.007880361371636557
selector_effect::raw_yes_minus_no::vision.late::vision_cls_attention::target_1,raw_yes_minus_no,vision.late,selector_effect_by_target,vision_cls_attention,1,class_id,56,0.05921984730706976,0.06537976784680886,-0.006159920539739107
selector_effect::raw_yes_minus_no::vision.late::vision_cls_attention::target_1,raw_yes_minus_no,vision.late,selector_effect_by_target,vision_cls_attention,1,class_id,65,0.06746545046426831,0.06537976784680886,0.00208568261745945
selector_effect::raw_yes_minus_no::vision.late::vision_cls_attention::target_1,raw_yes_minus_no,vision.late,selector_effect_by_target,vision_cls_attention,1,class_id,67,0.07065429007631926,0.06537976784680886,0.0052745222295104005
selector_effect::raw_yes_minus_no::vision.late::vision_cls_attention::target_1,raw_yes_minus_no,vision.late,selector_effect_by_target,vision_cls_attention,1,class_id,73,0.07015672862712337,0.06537976784680886,0.004776960780314504
selector_effect::raw_yes_minus_no::vision.late::vision_cls_attention::target_1,raw_yes_minus_no,vision.late,selector_effect_by_target,vision_cls_attention,1,class_id,78,0.06367900681608535,0.06537976784680886,-0.001700761030723516
selector_effect::raw_yes_minus_no::vision.late::vision_cls_attention::target_1,raw_yes_minus_no,vision.late,selector_effect_by_target,vision_cls_attention,1,class_id,92,0.07212996412472153,0.06537976784680886,0.006750196277912665
selector_effect::raw_yes_minus_no::vision.late::vision_cls_attention::target_1,raw_yes_minus_no,vision.late,selector_effect_by_target,vision_cls_attention,1,class_id,99,0.060665226434140906,0.06537976784680886,-0.004714541412667958
selector_target_difference::raw_yes_minus_no::vision.late::vision_cls_attention,raw_yes_minus_no,vision.late,selector_target_difference,vision_cls_attention,,attribute_id,100,0.03315694668347663,0.03156033201402667,0.001596614669449957
selector_target_difference::raw_yes_minus_no::vision.late::vision_cls_attention,raw_yes_minus_no,vision.late,selector_target_difference,vision_cls_attention,,attribute_id,101,0.02805712029458774,0.03156033201402667,-0.003503211719438931
selector_target_difference::raw_yes_minus_no::vision.late::vision_cls_attention,raw_yes_minus_no,vision.late,selector_target_difference,vision_cls_attention,,attribute_id,102,0.031236373766809964,0.03156033201402667,-0.0003239582472167081
selector_target_difference::raw_yes_minus_no::vision.late::vision_cls_attention,raw_yes_minus_no,vision.late,selector_target_difference,vision_cls_attention,,attribute_id,103,0.03415087029458774,0.03156033201402667,0.0025905382805610708
selector_target_difference::raw_yes_minus_no::vision.late::vision_cls_attention,raw_yes_minus_no,vision.late,selector_target_difference,vision_cls_attention,,attribute_id,104,0.03155600422315917,0.03156033201402667,-4.327790867501846e-06
selector_target_difference::raw_yes_minus_no::vision.late::vision_cls_attention,raw_yes_minus_no,vision.late,selector_target_difference,vision_cls_attention,,attribute_id,105,0.03873094841958774,0.03156033201402667,0.0071706164055610686
selector_target_difference::raw_yes_minus_no::vision.late::vision_cls_attention,raw_yes_minus_no,vision.late,selector_target_difference,vision_cls_attention,,attribute_id,107,0.028951837556492502,0.03156033201402667,-0.0026084944575341697
selector_target_difference::raw_yes_minus_no::vision.late::vision_cls_attention,raw_yes_minus_no,vision.late,selector_target_difference,vision_cls_attention,,attribute_id,111,0.031678358720513666,0.03156033201402667,0.00011802670648699415
selector_target_difference::raw_yes_minus_no::vision.late::vision_cls_attention,raw_yes_minus_no,vision.late,selector_target_difference,vision_cls_attention,,attribute_id,117,0.03312174220816799,0.03156033201402667,0.0015614101941413203
selector_target_difference::raw_yes_minus_no::vision.late::vision_cls_attention,raw_yes_minus_no,vision.late,selector_target_difference,vision_cls_attention,,attribute_id,118,0.03397899529458774,0.03156033201402667,0.002418663280561069
selector_target_difference::raw_yes_minus_no::vision.late::vision_cls_attention,raw_yes_minus_no,vision.late,selector_target_difference,vision_cls_attention,,attribute_id,120,0.02892691196125441,0.03156033201402667,-0.002633420052772263
selector_target_difference::raw_yes_minus_no::vision.late::vision_cls_attention,raw_yes_minus_no,vision.late,selector_target_difference,vision_cls_attention,,attribute_id,2,0.021650870294587742,0.03156033201402667,-0.00990946171943893
selector_target_difference::raw_yes_minus_no::vision.late::vision_cls_attention,raw_yes_minus_no,vision.late,selector_target_difference,vision_cls_attention,,attribute_id,294,0.025745922377921077,0.03156033201402667,-0.005814409636105595
selector_target_difference::raw_yes_minus_no::vision.late::vision_cls_attention,raw_yes_minus_no,vision.late,selector_target_difference,vision_cls_attention,,attribute_id,295,0.027386113350143296,0.03156033201402667,-0.004174218663883376
selector_target_difference::raw_yes_minus_no::vision.late::vision_cls_attention,raw_yes_minus_no,vision.late,selector_target_difference,vision_cls_attention,,attribute_id,299,0.029182698998291446,0.03156033201402667,-0.002377633015735226
selector_target_difference::raw_yes_minus_no::vision.late::vision_cls_attention,raw_yes_minus_no,vision.late,selector_target_difference,vision_cls_attention,,attribute_id,305,0.029046703627921076,0.03156033201402667,-0.002513628386105596
selector_target_difference::raw_yes_minus_no::vision.late::vision_cls_attention,raw_yes_minus_no,vision.late,selector_target_difference,vision_cls_attention,,attribute_id,306,0.03099722446125441,0.03156033201402667,-0.0005631075527722622
selector_target_difference::raw_yes_minus_no::vision.late::vision_cls_attention,raw_yes_minus_no,vision.late,selector_target_difference,vision_cls_attention,,attribute_id,308,0.025695466648754408,0.03156033201402667,-0.005864865365272264
selector_target_difference::raw_yes_minus_no::vision.late::vision_cls_attention,raw_yes_minus_no,vision.late,selector_target_difference,vision_cls_attention,,attribute_id,309,0.02811643742421737,0.03156033201402667,-0.0034438945898093015
selector_target_difference::raw_yes_minus_no::vision.late::vision_cls_attention,raw_yes_minus_no,vision.late,selector_target_difference,vision_cls_attention,,attribute_id,310,0.04514045362792107,0.03156033201402667,0.013580121613894401
selector_target_difference::raw_yes_minus_no::vision.late::vision_cls_attention,raw_yes_minus_no,vision.late,selector_target_difference,vision_cls_attention,,attribute_id,311,0.027712882013337742,0.03156033201402667,-0.0038474500006889303
selector_target_difference::raw_yes_minus_no::vision.late::vision_cls_attention,raw_yes_minus_no,vision.late,selector_target_difference,vision_cls_attention,,attribute_id,312,0.04071337029458774,0.03156033201402667,0.00915303828056107
selector_target_difference::raw_yes_minus_no::vision.late::vision_cls_attention,raw_yes_minus_no,vision.late,selector_target_difference,vision_cls_attention,,attribute_id,5,0.03703281473903219,0.03156033201402667,0.005472482725005515
selector_target_difference::raw_yes_minus_no::vision.late::vision_cls_attention,raw_yes_minus_no,vision.late,selector_target_difference,vision_cls_attention,,attribute_id,7,0.035002804818397265,0.03156033201402667,0.003442472804370593
selector_target_difference::raw_yes_minus_no::vision.late::vision_cls_attention,raw_yes_minus_no,vision.late,selector_target_difference,vision_cls_attention,,attribute_id,8,0.032167797377921074,0.03156033201402667,0.0006074653638944022
selector_target_difference::raw_yes_minus_no::vision.late::vision_cls_attention,raw_yes_minus_no,vision.late,selector_target_difference,vision_cls_attention,,attribute_id,96,0.031430962887180336,0.03156033201402667,-0.00012936912684633622
selector_target_difference::raw_yes_minus_no::vision.late::vision_cls_attention,raw_yes_minus_no,vision.late,selector_target_difference,vision_cls_attention,,class_id,104,0.04275771781703971,0.03891622445780975,0.0038414933592299597
selector_target_difference::raw_yes_minus_no::vision.late::vision_cls_attention,raw_yes_minus_no,vision.late,selector_target_difference,vision_cls_attention,,class_id,108,0.03639763697800636,0.03891622445780975,-0.002518587479803387
selector_target_difference::raw_yes_minus_no::vision.late::vision_cls_attention,raw_yes_minus_no,vision.late,selector_target_difference,vision_cls_attention,,class_id,11,0.04011237154119385,0.03891622445780975,0.0011961470833840998
selector_target_difference::raw_yes_minus_no::vision.late::vision_cls_attention,raw_yes_minus_no,vision.late,selector_target_difference,vision_cls_attention,,class_id,123,0.033341528009839416,0.03891622445780975,-0.0055746964479703315
selector_target_difference::raw_yes_minus_no::vision.late::vision_cls_attention,raw_yes_minus_no,vision.late,selector_target_difference,vision_cls_attention,,class_id,125,0.042141420808241674,0.03891622445780975,0.003225196350431926
selector_target_difference::raw_yes_minus_no::vision.late::vision_cls_attention,raw_yes_minus_no,vision.late,selector_target_difference,vision_cls_attention,,class_id,130,0.04114018362964704,0.03891622445780975,0.002223959171837292
selector_target_difference::raw_yes_minus_no::vision.late::vision_cls_attention,raw_yes_minus_no,vision.late,selector_target_difference,vision_cls_attention,,class_id,131,0.030880133638494386,0.03891622445780975,-0.008036090819315361
selector_target_difference::raw_yes_minus_no::vision.late::vision_cls_attention,raw_yes_minus_no,vision.late,selector_target_difference,vision_cls_attention,,class_id,150,0.028015529909118864,0.03891622445780975,-0.010900694548690883
selector_target_difference::raw_yes_minus_no::vision.late::vision_cls_attention,raw_yes_minus_no,vision.late,selector_target_difference,vision_cls_attention,,class_id,159,0.04438577069663453,0.03891622445780975,0.005469546238824785
selector_target_difference::raw_yes_minus_no::vision.late::vision_cls_attention,raw_yes_minus_no,vision.late,selector_target_difference,vision_cls_attention,,class_id,194,0.04215374001772371,0.03891622445780975,0.0032375155599139657
selector_target_difference::raw_yes_minus_no::vision.late::vision_cls_attention,raw_yes_minus_no,vision.late,selector_target_difference,vision_cls_attention,,class_id,195,0.03520884686035111,0.03891622445780975,-0.003707377597458636
selector_target_difference::raw_yes_minus_no::vision.late::vision_cls_attention,raw_yes_minus_no,vision.late,selector_target_difference,vision_cls_attention,,class_id,25,0.042345054893454706,0.03891622445780975,0.0034288304356449584
selector_target_difference::raw_yes_minus_no::vision.late::vision_cls_attention,raw_yes_minus_no,vision.late,selector_target_difference,vision_cls_attention,,class_id,36,0.040815423115441965,0.03891622445780975,0.0018991986576322173
selector_target_difference::raw_yes_minus_no::vision.late::vision_cls_attention,raw_yes_minus_no,vision.late,selector_target_difference,vision_cls_attention,,class_id,56,0.02996241372020909,0.03891622445780975,-0.008953810737600657
selector_target_difference::raw_yes_minus_no::vision.late::vision_cls_attention,raw_yes_minus_no,vision.late,selector_target_difference,vision_cls_attention,,class_id,65,0.03682645696634526,0.03891622445780975,-0.0020897674914644865
selector_target_difference::raw_yes_minus_no::vision.late::vision_cls_attention,raw_yes_minus_no,vision.late,selector_target_difference,vision_cls_attention,,class_id,67,0.036025198448958046,0.03891622445780975,-0.002891026008851702
selector_target_difference::raw_yes_minus_no::vision.late::vision_cls_attention,raw_yes_minus_no,vision.late,selector_target_difference,vision_cls_attention,,class_id,73,0.03834168233989198,0.03891622445780975,-0.0005745421179177701
selector_target_difference::raw_yes_minus_no::vision.late::vision_cls_attention,raw_yes_minus_no,vision.late,selector_target_difference,vision_cls_attention,,class_id,78,0.03983471002085654,0.03891622445780975,0.0009184855630467934
selector_target_difference::raw_yes_minus_no::vision.late::vision_cls_attention,raw_yes_minus_no,vision.late,selector_target_difference,vision_cls_attention,,class_id,92,0.04595510337076778,0.03891622445780975,0.007038878912958034
selector_target_difference::raw_yes_minus_no::vision.late::vision_cls_attention,raw_yes_minus_no,vision.late,selector_target_difference,vision_cls_attention,,class_id,99,0.05168356637397893,0.03891622445780975,0.012767341916169184
selector_effect::raw_yes_minus_no::vision.late::logit_concept::target_0,raw_yes_minus_no,vision.late,selector_effect_by_target,logit_concept,0,attribute_id,100,-0.037589008313923394,-0.035776022951422064,-0.0018129853625013306
selector_effect::raw_yes_minus_no::vision.late::logit_concept::target_0,raw_yes_minus_no,vision.late,selector_effect_by_target,logit_concept,0,attribute_id,101,-0.03145706386947895,-0.035776022951422064,0.004318959081943116
selector_effect::raw_yes_minus_no::vision.late::logit_concept::target_0,raw_yes_minus_no,vision.late,selector_effect_by_target,logit_concept,0,attribute_id,102,-0.04081817498059006,-0.035776022951422064,-0.0050421520291679955
selector_effect::raw_yes_minus_no::vision.late::logit_concept::target_0,raw_yes_minus_no,vision.late,selector_effect_by_target,logit_concept,0,attribute_id,103,-0.03296599244090752,-0.035776022951422064,0.0028100305105145454
selector_effect::raw_yes_minus_no::vision.late::logit_concept::target_0,raw_yes_minus_no,vision.late,selector_effect_by_target,logit_concept,0,attribute_id,104,-0.03593474244090752,-0.035776022951422064,-0.00015871948948545378
selector_effect::raw_yes_minus_no::vision.late::logit_concept::target_0,raw_yes_minus_no,vision.late,selector_effect_by_target,logit_concept,0,attribute_id,105,-0.039889355536145615,-0.035776022951422064,-0.004113332584723552
selector_effect::raw_yes_minus_no::vision.late::logit_concept::target_0,raw_yes_minus_no,vision.late,selector_effect_by_target,logit_concept,0,attribute_id,107,-0.03495259958376466,-0.035776022951422064,0.0008234233676574013
selector_effect::raw_yes_minus_no::vision.late::logit_concept::target_0,raw_yes_minus_no,vision.late,selector_effect_by_target,logit_concept,0,attribute_id,111,-0.03492118423984932,-0.035776022951422064,0.0008548387115727418
selector_effect::raw_yes_minus_no::vision.late::logit_concept::target_0,raw_yes_minus_no,vision.late,selector_effect_by_target,logit_concept,0,attribute_id,117,-0.03276261942503451,-0.035776022951422064,0.0030134035263875564
selector_effect::raw_yes_minus_no::vision.late::logit_concept::target_0,raw_yes_minus_no,vision.late,selector_effect_by_target,logit_concept,0,attribute_id,118,-0.03503692498059006,-0.035776022951422064,0.0007390979708320061
selector_effect::raw_yes_minus_no::vision.late::logit_concept::target_0,raw_yes_minus_no,vision.late,selector_effect_by_target,logit_concept,0,attribute_id,120,-0.03686956386947895,-0.035776022951422064,-0.0010935409180568845
selector_effect::raw_yes_minus_no::vision.late::logit_concept::target_0,raw_yes_minus_no,vision.late,selector_effect_by_target,logit_concept,0,attribute_id,2,-0.03814456386947895,-0.035776022951422064,-0.002368540918056883
selector_effect::raw_yes_minus_no::vision.late::logit_concept::target_0,raw_yes_minus_no,vision.late,selector_effect_by_target,logit_concept,0,attribute_id,294,-0.03220706386947895,-0.035776022951422064,0.0035689590819431155
selector_effect::raw_yes_minus_no::vision.late::logit_concept::target_0,raw_yes_minus_no,vision.late,selector_effect_by_target,logit_concept,0,attribute_id,295,-0.03367234164725673,-0.035776022951422064,0.002103681304165335
selector_effect::raw_yes_minus_no::vision.late::logit_concept::target_0,raw_yes_minus_no,vision.late,selector_effect_by_target,logit_concept,0,attribute_id,299,-0.035337850906515984,-0.035776022951422064,0.0004381720449060794
selector_effect::raw_yes_minus_no::vision.late::logit_concept::target_0,raw_yes_minus_no,vision.late,selector_effect_by_target,logit_concept,0,attribute_id,305,-0.0357668464781746,-0.035776022951422064,9.17647324746168e-06
selector_effect::raw_yes_minus_no::vision.late::logit_concept::target_0,raw_yes_minus_no,vision.late,selector_effect_by_target,logit_concept,0,attribute_id,306,-0.03598831386947895,-0.035776022951422064,-0.00021229091805688438
selector_effect::raw_yes_minus_no::vision.late::logit_concept::target_0,raw_yes_minus_no,vision.late,selector_effect_by_target,logit_concept,0,attribute_id,308,-0.034518261786145615,-0.035776022951422064,0.0012577611652764484
selector_effect::raw_yes_minus_no::vision.late::logit_concept::target_0,raw_yes_minus_no,vision.late,selector_effect_by_target,logit_concept,0,attribute_id,309,-0.036101739795404875,-0.035776022951422064,-0.0003257168439828109
selector_effect::raw_yes_minus_no::vision.late::logit_concept::target_0,raw_yes_minus_no,vision.late,selector_effect_by_target,logit_concept,0,attribute_id,310,-0.03427551625043133,-0.035776022951422064,0.0015005067009907364
selector_effect::raw_yes_minus_no::vision.late::logit_concept::target_0,raw_yes_minus_no,vision.late,selector_effect_by_target,logit_concept,0,attribute_id,311,-0.03809573574447895,-0.035776022951422064,-0.0023197127930568856
selector_effect::raw_yes_minus_no::vision.late::logit_concept::target_0,raw_yes_minus_no,vision.late,selector_effect_by_target,logit_concept,0,attribute_id,312,-0.039327599583764666,-0.035776022951422064,-0.0035515766323426026
selector_effect::raw_yes_minus_no::vision.late::logit_concept::target_0,raw_yes_minus_no,vision.late,selector_effect_by_target,logit_concept,0,attribute_id,5,-0.03602650831392339,-0.035776022951422064,-0.00025048536250132925
selector_effect::raw_yes_minus_no::vision.late::logit_concept::target_0,raw_yes_minus_no,vision.late,selector_effect_by_target,logit_concept,0,attribute_id,7,-0.03431643886947895,-0.035776022951422064,0.001459584081943112
selector_effect::raw_yes_minus_no::vision.late::logit_concept::target_0,raw_yes_minus_no,vision.late,selector_effect_by_target,logit_concept,0,attribute_id,8,-0.03703518886947895,-0.035776022951422064,-0.001259165918056887
selector_effect::raw_yes_minus_no::vision.late::logit_concept::target_0,raw_yes_minus_no,vision.late,selector_effect_by_target,logit_concept,0,attribute_id,96,-0.03616539720281228,-0.035776022951422064,-0.00038937425139021903
selector_effect::raw_yes_minus_no::vision.late::logit_concept::target_0,raw_yes_minus_no,vision.late,selector_effect_by_target,logit_concept,0,class_id,104,-0.03135226122308085,-0.032556225542879194,0.0012039643197983424
selector_effect::raw_yes_minus_no::vision.late::logit_concept::target_0,raw_yes_minus_no,vision.late,selector_effect_by_target,logit_concept,0,class_id,108,-0.025156215553350972,-0.032556225542879194,0.007400009989528222
selector_effect::raw_yes_minus_no::vision.late::logit_concept::target_0,raw_yes_minus_no,vision.late,selector_effect_by_target,logit_concept,0,class_id,11,-0.03238625897788453,-0.032556225542879194,0.00016996656499466273
selector_effect::raw_yes_minus_no::vision.late::logit_concept::target_0,raw_yes_minus_no,vision.late,selector_effect_by_target,logit_concept,0,class_id,123,-0.03116013050566231,-0.032556225542879194,0.0013960950372168858
selector_effect::raw_yes_minus_no::vision.late::logit_concept::target_0,raw_yes_minus_no,vision.late,selector_effect_by_target,logit_concept,0,class_id,125,-0.03618857074689038,-0.032556225542879194,-0.003632345204011185
selector_effect::raw_yes_minus_no::vision.late::logit_concept::target_0,raw_yes_minus_no,vision.late,selector_effect_by_target,logit_concept,0,class_id,130,-0.03552318839633807,-0.032556225542879194,-0.0029669628534588766
selector_effect::raw_yes_minus_no::vision.late::logit_concept::target_0,raw_yes_minus_no,vision.late,selector_effect_by_target,logit_concept,0,class_id,131,-0.0320620706859742,-0.032556225542879194,0.000494154856904995
selector_effect::raw_yes_minus_no::vision.late::logit_concept::target_0,raw_yes_minus_no,vision.late,selector_effect_by_target,logit_concept,0,class_id,150,-0.03252560473811845,-0.032556225542879194,3.062080476074619e-05
selector_effect::raw_yes_minus_no::vision.late::logit_concept::target_0,raw_yes_minus_no,vision.late,selector_effect_by_target,logit_concept,0,class_id,159,-0.028356653714726635,-0.032556225542879194,0.00419957182815256
selector_effect::raw_yes_minus_no::vision.late::logit_concept::target_0,raw_yes_minus_no,vision.late,selector_effect_by_target,logit_concept,0,class_id,194,-0.03700951144498979,-0.032556225542879194,-0.004453285902110596
selector_effect::raw_yes_minus_no::vision.late::logit_concept::target_0,raw_yes_minus_no,vision.late,selector_effect_by_target,logit_concept,0,class_id,195,-0.02969577626067484,-0.032556225542879194,0.0028604492822043547
selector_effect::raw_yes_minus_no::vision.late::logit_concept::target_0,raw_yes_minus_no,vision.late,selector_effect_by_target,logit_concept,0,class_id,25,-0.02770218551297225,-0.032556225542879194,0.004854040029906945
selector_effect::raw_yes_minus_no::vision.late::logit_concept::target_0,raw_yes_minus_no,vision.late,selector_effect_by_target,logit_concept,0,class_id,36,-0.03543730292890792,-0.032556225542879194,-0.0028810773860287256
selector_effect::raw_yes_minus_no::vision.late::logit_concept::target_0,raw_yes_minus_no,vision.late,selector_effect_by_target,logit_concept,0,class_id,56,-0.019132040532465425,-0.032556225542879194,0.013424185010413769
selector_effect::raw_yes_minus_no::vision.late::logit_concept::target_0,raw_yes_minus_no,vision.late,selector_effect_by_target,logit_concept,0,class_id,65,-0.03241367125858628,-0.032556225542879194,0.00014255428429291173
selector_effect::raw_yes_minus_no::vision.late::logit_concept::target_0,raw_yes_minus_no,vision.late,selector_effect_by_target,logit_concept,0,class_id,67,-0.036858947861552034,-0.032556225542879194,-0.00430272231867284
selector_effect::raw_yes_minus_no::vision.late::logit_concept::target_0,raw_yes_minus_no,vision.late,selector_effect_by_target,logit_concept,0,class_id,73,-0.03293179871698924,-0.032556225542879194,-0.00037557317411004293
selector_effect::raw_yes_minus_no::vision.late::logit_concept::target_0,raw_yes_minus_no,vision.late,selector_effect_by_target,logit_concept,0,class_id,78,-0.030724226292003158,-0.032556225542879194,0.001831999250876036
selector_effect::raw_yes_minus_no::vision.late::logit_concept::target_0,raw_yes_minus_no,vision.late,selector_effect_by_target,logit_concept,0,class_id,92,-0.03399416056779681,-0.032556225542879194,-0.0014379350249176179
selector_effect::raw_yes_minus_no::vision.late::logit_concept::target_0,raw_yes_minus_no,vision.late,selector_effect_by_target,logit_concept,0,class_id,99,-0.0505139349386197,-0.032556225542879194,-0.017957709395740505
selector_effect::raw_yes_minus_no::vision.late::logit_concept::target_1,raw_yes_minus_no,vision.late,selector_effect_by_target,logit_concept,1,attribute_id,100,-0.032094853490913275,-0.03154486446775849,-0.0005499890231547844
selector_effect::raw_yes_minus_no::vision.late::logit_concept::target_1,raw_yes_minus_no,vision.late,selector_effect_by_target,logit_concept,1,attribute_id,101,-0.02770249237980216,-0.03154486446775849,0.00384237208795633
selector_effect::raw_yes_minus_no::vision.late::logit_concept::target_1,raw_yes_minus_no,vision.late,selector_effect_by_target,logit_concept,1,attribute_id,102,-0.03203408960202438,-0.03154486446775849,-0.0004892251342658929
selector_effect::raw_yes_minus_no::vision.late::logit_concept::target_1,raw_yes_minus_no,vision.late,selector_effect_by_target,logit_concept,1,attribute_id,103,-0.03237511142742121,-0.03154486446775849,-0.0008302469596627171
selector_effect::raw_yes_minus_no::vision.late::logit_concept::target_1,raw_yes_minus_no,vision.late,selector_effect_by_target,logit_concept,1,attribute_id,104,-0.028498623332183115,-0.03154486446775849,0.0030462411355753755
selector_effect::raw_yes_minus_no::vision.late::logit_concept::target_1,raw_yes_minus_no,vision.late,selector_effect_by_target,logit_concept,1,attribute_id,105,-0.029759784046468826,-0.03154486446775849,0.0017850804212896643
selector_effect::raw_yes_minus_no::vision.late::logit_concept::target_1,raw_yes_minus_no,vision.late,selector_effect_by_target,logit_concept,1,attribute_id,107,-0.03721886142742121,-0.03154486446775849,-0.005673996959662718
selector_effect::raw_yes_minus_no::vision.late::logit_concept::target_1,raw_yes_minus_no,vision.late,selector_effect_by_target,logit_concept,1,attribute_id,111,-0.030879575713135494,-0.03154486446775849,0.000665288754622996
selector_effect::raw_yes_minus_no::vision.late::logit_concept::target_1,raw_yes_minus_no,vision.late,selector_effect_by_target,logit_concept,1,attribute_id,117,-0.031950177564987345,-0.03154486446775849,-0.00040531309722885434
selector_effect::raw_yes_minus_no::vision.late::logit_concept::target_1,raw_yes_minus_no,vision.late,selector_effect_by_target,logit_concept,1,attribute_id,118,-0.03501152015757994,-0.03154486446775849,-0.003466655689821449
selector_effect::raw_yes_minus_no::vision.late::logit_concept::target_1,raw_yes_minus_no,vision.late,selector_effect_by_target,logit_concept,1,attribute_id,120,-0.034889992379802164,-0.03154486446775849,-0.003345127912043673
selector_effect::raw_yes_minus_no::vision.late::logit_concept::target_1,raw_yes_minus_no,vision.late,selector_effect_by_target,logit_concept,1,attribute_id,2,-0.02294554793535772,-0.03154486446775849,0.008599316532400772
selector_effect::raw_yes_minus_no::vision.late::logit_concept::target_1,raw_yes_minus_no,vision.late,selector_effect_by_target,logit_concept,1,attribute_id,294,-0.02434311737980216,-0.03154486446775849,0.007201747087956331
selector_effect::raw_yes_minus_no::vision.late::logit_concept::target_1,raw_yes_minus_no,vision.late,selector_effect_by_target,logit_concept,1,attribute_id,295,-0.033008047935357714,-0.03154486446775849,-0.001463183467599223
selector_effect::raw_yes_minus_no::vision.late::logit_concept::target_1,raw_yes_minus_no,vision.late,selector_effect_by_target,logit_concept,1,attribute_id,299,-0.032887677564987346,-0.03154486446775849,-0.0013428130972288552
selector_effect::raw_yes_minus_no::vision.late::logit_concept::target_1,raw_yes_minus_no,vision.late,selector_effect_by_target,logit_concept,1,attribute_id,305,-0.03123057208994709,-0.03154486446775849,0.00031429237781140096
selector_effect::raw_yes_minus_no::vision.late::logit_concept::target_1,raw_yes_minus_no,vision.late,selector_effect_by_target,logit_concept,1,attribute_id,306,-0.032004575713135495,-0.03154486446775849,-0.000459711245377005
selector_effect::raw_yes_minus_no::vision.late::logit_concept::target_1,raw_yes_minus_no,vision.late,selector_effect_by_target,logit_concept,1,attribute_id,308,-0.035723325713135495,-0.03154486446775849,-0.004178461245377005
selector_effect::raw_yes_minus_no::vision.late::logit_concept::target_1,raw_yes_minus_no,vision.late,selector_effect_by_target,logit_concept,1,attribute_id,309,-0.032945547935357714,-0.03154486446775849,-0.001400683467599223
selector_effect::raw_yes_minus_no::vision.late::logit_concept::target_1,raw_yes_minus_no,vision.late,selector_effect_by_target,logit_concept,1,attribute_id,310,-0.028029873332183115,-0.03154486446775849,0.003514991135575376
selector_effect::raw_yes_minus_no::vision.late::logit_concept::target_1,raw_yes_minus_no,vision.late,selector_effect_by_target,logit_concept,1,attribute_id,311,-0.03863999237980216,-0.03154486446775849,-0.0070951279120436694
selector_effect::raw_yes_minus_no::vision.late::logit_concept::target_1,raw_yes_minus_no,vision.late,selector_effect_by_target,logit_concept,1,attribute_id,312,-0.03422778999884978,-0.03154486446775849,-0.0026829255310912917
selector_effect::raw_yes_minus_no::vision.late::logit_concept::target_1,raw_yes_minus_no,vision.late,selector_effect_by_target,logit_concept,1,attribute_id,5,-0.02725110349091327,-0.03154486446775849,0.00429376097684522
selector_effect::raw_yes_minus_no::vision.late::logit_concept::target_1,raw_yes_minus_no,vision.late,selector_effect_by_target,logit_concept,1,attribute_id,7,-0.029402641189325972,-0.03154486446775849,0.0021422232784325188
selector_effect::raw_yes_minus_no::vision.late::logit_concept::target_1,raw_yes_minus_no,vision.late,selector_effect_by_target,logit_concept,1,attribute_id,8,-0.02987436737980216,-0.03154486446775849,0.0016704970879563297
selector_effect::raw_yes_minus_no::vision.late::logit_concept::target_1,raw_yes_minus_no,vision.late,selector_effect_by_target,logit_concept,1,attribute_id,96,-0.035237214602024385,-0.03154486446775849,-0.003692350134265894
selector_effect::raw_yes_minus_no::vision.late::logit_concept::target_1,raw_yes_minus_no,vision.late,selector_effect_by_target,logit_concept,1,class_id,104,-0.005713298545843774,-0.006393345424107141,0.0006800468782633667
selector_effect::raw_yes_minus_no::vision.late::logit_concept::target_1,raw_yes_minus_no,vision.late,selector_effect_by_target,logit_concept,1,class_id,108,-0.004890930124791143,-0.006393345424107141,0.0015024152993159982
selector_effect::raw_yes_minus_no::vision.late::logit_concept::target_1,raw_yes_minus_no,vision.late,selector_effect_by_target,logit_concept,1,class_id,11,-0.005478540100250624,-0.006393345424107141,0.0009148053238565166
selector_effect::raw_yes_minus_no::vision.late::logit_concept::target_1,raw_yes_minus_no,vision.late,selector_effect_by_target,logit_concept,1,class_id,123,-0.002133997102130324,-0.006393345424107141,0.004259348321976816
selector_effect::raw_yes_minus_no::vision.late::logit_concept::target_1,raw_yes_minus_no,vision.late,selector_effect_by_target,logit_concept,1,class_id,125,-0.004044902294799497,-0.006393345424107141,0.002348443129307644
selector_effect::raw_yes_minus_no::vision.late::logit_concept::target_1,raw_yes_minus_no,vision.late,selector_effect_by_target,logit_concept,1,class_id,130,-0.006423733487364242,-0.006393345424107141,-3.0388063257101063e-05
selector_effect::raw_yes_minus_no::vision.late::logit_concept::target_1,raw_yes_minus_no,vision.late,selector_effect_by_target,logit_concept,1,class_id,131,-0.015695937434732663,-0.006393345424107141,-0.009302592010625523
selector_effect::raw_yes_minus_no::vision.late::logit_concept::target_1,raw_yes_minus_no,vision.late,selector_effect_by_target,logit_concept,1,class_id,150,-0.006340680803571427,-0.006393345424107141,5.266462053571397e-05
selector_effect::raw_yes_minus_no::vision.late::logit_concept::target_1,raw_yes_minus_no,vision.late,selector_effect_by_target,logit_concept,1,class_id,159,-0.007588306704260649,-0.006393345424107141,-0.0011949612801535085
selector_effect::raw_yes_minus_no::vision.late::logit_concept::target_1,raw_yes_minus_no,vision.late,selector_effect_by_target,logit_concept,1,class_id,194,-0.006178736228592312,-0.006393345424107141,0.00021460919551482844
selector_effect::raw_yes_minus_no::vision.late::logit_concept::target_1,raw_yes_minus_no,vision.late,selector_effect_by_target,logit_concept,1,class_id,195,-0.005002863604323306,-0.006393345424107141,0.0013904818197838344
selector_effect::raw_yes_minus_no::vision.late::logit_concept::target_1,raw_yes_minus_no,vision.late,selector_effect_by_target,logit_concept,1,class_id,25,-0.007674038068260928,-0.006393345424107141,-0.0012806926441537875
selector_effect::raw_yes_minus_no::vision.late::logit_concept::target_1,raw_yes_minus_no,vision.late,selector_effect_by_target,logit_concept,1,class_id,36,-0.0049637032033208,-0.006393345424107141,0.0014296422207863407
selector_effect::raw_yes_minus_no::vision.late::logit_concept::target_1,raw_yes_minus_no,vision.late,selector_effect_by_target,logit_concept,1,class_id,56,-0.003684028321672234,-0.006393345424107141,0.0027093171024349066
selector_effect::raw_yes_minus_no::vision.late::logit_concept::target_1,raw_yes_minus_no,vision.late,selector_effect_by_target,logit_concept,1,class_id,65,-0.009025126292293231,-0.006393345424107141,-0.00263178086818609
selector_effect::raw_yes_minus_no::vision.late::logit_concept::target_1,raw_yes_minus_no,vision.late,selector_effect_by_target,logit_concept,1,class_id,67,-0.009025615797305762,-0.006393345424107141,-0.0026322703731986212
selector_effect::raw_yes_minus_no::vision.late::logit_concept::target_1,raw_yes_minus_no,vision.late,selector_effect_by_target,logit_concept,1,class_id,73,-0.0022433606803466985,-0.006393345424107141,0.004149984743760443
selector_effect::raw_yes_minus_no::vision.late::logit_concept::target_1,raw_yes_minus_no,vision.late,selector_effect_by_target,logit_concept,1,class_id,78,-0.00787715545373851,-0.006393345424107141,-0.0014838100296313697
selector_effect::raw_yes_minus_no::vision.late::logit_concept::target_1,raw_yes_minus_no,vision.late,selector_effect_by_target,logit_concept,1,class_id,92,-0.005629266852025896,-0.006393345424107141,0.0007640785720812449
selector_effect::raw_yes_minus_no::vision.late::logit_concept::target_1,raw_yes_minus_no,vision.late,selector_effect_by_target,logit_concept,1,class_id,99,-0.008252687382518794,-0.006393345424107141,-0.0018593419584116535
selector_target_difference::raw_yes_minus_no::vision.late::logit_concept,raw_yes_minus_no,vision.late,selector_target_difference,logit_concept,,attribute_id,100,0.00549415482301012,0.004231158483663577,0.0012629963393465437
selector_target_difference::raw_yes_minus_no::vision.late::logit_concept,raw_yes_minus_no,vision.late,selector_target_difference,logit_concept,,attribute_id,101,0.003754571489676787,0.004231158483663577,-0.0004765869939867898
selector_target_difference::raw_yes_minus_no::vision.late::logit_concept,raw_yes_minus_no,vision.late,selector_target_difference,logit_concept,,attribute_id,102,0.008784085378565676,0.004231158483663577,0.004552926894902099
selector_target_difference::raw_yes_minus_no::vision.late::logit_concept,raw_yes_minus_no,vision.late,selector_target_difference,logit_concept,,attribute_id,103,0.0005908810134863103,0.004231158483663577,-0.0036402774701772664
selector_target_difference::raw_yes_minus_no::vision.late::logit_concept,raw_yes_minus_no,vision.late,selector_target_difference,logit_concept,,attribute_id,104,0.007436119108724406,0.004231158483663577,0.0032049606250608292
selector_target_difference::raw_yes_minus_no::vision.late::logit_concept,raw_yes_minus_no,vision.late,selector_target_difference,logit_concept,,attribute_id,105,0.010129571489676787,0.004231158483663577,0.005898413006013211
selector_target_difference::raw_yes_minus_no::vision.late::logit_concept,raw_yes_minus_no,vision.late,selector_target_difference,logit_concept,,attribute_id,107,-0.002266261843656546,0.004231158483663577,-0.006497420327320123
selector_target_difference::raw_yes_minus_no::vision.late::logit_concept,raw_yes_minus_no,vision.late,selector_target_difference,logit_concept,,attribute_id,111,0.004041608526713824,0.004231158483663577,-0.00018954995694975274
selector_target_difference::raw_yes_minus_no::vision.late::logit_concept,raw_yes_minus_no,vision.late,selector_target_difference,logit_concept,,attribute_id,117,0.0008124418600471574,0.004231158483663577,-0.0034187166236164194
selector_target_difference::raw_yes_minus_no::vision.late::logit_concept,raw_yes_minus_no,vision.late,selector_target_difference,logit_concept,,attribute_id,118,2.5404823010120174e-05,0.004231158483663577,-0.004205753660653457
selector_target_difference::raw_yes_minus_no::vision.late::logit_concept,raw_yes_minus_no,vision.late,selector_target_difference,logit_concept,,attribute_id,120,0.001979571489676787,0.004231158483663577,-0.00225158699398679
selector_target_difference::raw_yes_minus_no::vision.late::logit_concept,raw_yes_minus_no,vision.late,selector_target_difference,logit_concept,,attribute_id,2,0.015199015934121232,0.004231158483663577,0.010967857450457655
selector_target_difference::raw_yes_minus_no::vision.late::logit_concept,raw_yes_minus_no,vision.late,selector_target_difference,logit_concept,,attribute_id,294,0.007863946489676787,0.004231158483663577,0.0036327880060132104
selector_target_difference::raw_yes_minus_no::vision.late::logit_concept,raw_yes_minus_no,vision.late,selector_target_difference,logit_concept,,attribute_id,295,0.0006642937118990096,0.004231158483663577,-0.003566864771764567
selector_target_difference::raw_yes_minus_no::vision.late::logit_concept,raw_yes_minus_no,vision.late,selector_target_difference,logit_concept,,attribute_id,299,0.0024501733415286386,0.004231158483663577,-0.001780985142134938
selector_target_difference::raw_yes_minus_no::vision.late::logit_concept,raw_yes_minus_no,vision.late,selector_target_difference,logit_concept,,attribute_id,305,0.004536274388227512,0.004231158483663577,0.00030511590456393494
selector_target_difference::raw_yes_minus_no::vision.late::logit_concept,raw_yes_minus_no,vision.late,selector_target_difference,logit_concept,,attribute_id,306,0.0039837381563434535,0.004231158483663577,-0.0002474203273201232
selector_target_difference::raw_yes_minus_no::vision.late::logit_concept,raw_yes_minus_no,vision.late,selector_target_difference,logit_concept,,attribute_id,308,-0.0012050639269898797,0.004231158483663577,-0.005436222410653457
selector_target_difference::raw_yes_minus_no::vision.late::logit_concept,raw_yes_minus_no,vision.late,selector_target_difference,logit_concept,,attribute_id,309,0.0031561918600471572,0.004231158483663577,-0.0010749666236164195
selector_target_difference::raw_yes_minus_no::vision.late::logit_concept,raw_yes_minus_no,vision.late,selector_target_difference,logit_concept,,attribute_id,310,0.006245642918248215,0.004231158483663577,0.0020144844345846387
selector_target_difference::raw_yes_minus_no::vision.late::logit_concept,raw_yes_minus_no,vision.late,selector_target_difference,logit_concept,,attribute_id,311,-0.0005442566353232135,0.004231158483663577,-0.00477541511898679
selector_target_difference::raw_yes_minus_no::vision.late::logit_concept,raw_yes_minus_no,vision.late,selector_target_difference,logit_concept,,attribute_id,312,0.0050998095849148824,0.004231158483663577,0.0008686511012513057
selector_target_difference::raw_yes_minus_no::vision.late::logit_concept,raw_yes_minus_no,vision.late,selector_target_difference,logit_concept,,attribute_id,5,0.00877540482301012,0.004231158483663577,0.004544246339346544
selector_target_difference::raw_yes_minus_no::vision.late::logit_concept,raw_yes_minus_no,vision.late,selector_target_difference,logit_concept,,attribute_id,7,0.0049137976801529775,0.004231158483663577,0.0006826391964894008
selector_target_difference::raw_yes_minus_no::vision.late::logit_concept,raw_yes_minus_no,vision.late,selector_target_difference,logit_concept,,attribute_id,8,0.0071608214896767865,0.004231158483663577,0.0029296630060132098
selector_target_difference::raw_yes_minus_no::vision.late::logit_concept,raw_yes_minus_no,vision.late,selector_target_difference,logit_concept,,attribute_id,96,0.0009281826007878981,0.004231158483663577,-0.0033029758828756785
selector_target_difference::raw_yes_minus_no::vision.late::logit_concept,raw_yes_minus_no,vision.late,selector_target_difference,logit_concept,,class_id,104,0.02563896267723708,0.02616288011877205,-0.0005239174415349705
selector_target_difference::raw_yes_minus_no::vision.late::logit_concept,raw_yes_minus_no,vision.late,selector_target_difference,logit_concept,,class_id,108,0.02026528542855983,0.02616288011877205,-0.00589759469021222
selector_target_difference::raw_yes_minus_no::vision.late::logit_concept,raw_yes_minus_no,vision.late,selector_target_difference,logit_concept,,class_id,11,0.026907718877633907,0.02616288011877205,0.0007448387588618564
selector_target_difference::raw_yes_minus_no::vision.late::logit_concept,raw_yes_minus_no,vision.late,selector_target_difference,logit_concept,,class_id,123,0.029026133403531985,0.02616288011877205,0.002863253284759934
selector_target_difference::raw_yes_minus_no::vision.late::logit_concept,raw_yes_minus_no,vision.late,selector_target_difference,logit_concept,,class_id,125,0.032143668452090886,0.02616288011877205,0.005980788333318835
selector_target_difference::raw_yes_minus_no::vision.late::logit_concept,raw_yes_minus_no,vision.late,selector_target_difference,logit_concept,,class_id,130,0.02909945490897383,0.02616288011877205,0.00293657479020178
selector_target_difference::raw_yes_minus_no::vision.late::logit_concept,raw_yes_minus_no,vision.late,selector_target_difference,logit_concept,,class_id,131,0.016366133251241536,0.02616288011877205,-0.009796746867530515
selector_target_difference::raw_yes_minus_no::vision.late::logit_concept,raw_yes_minus_no,vision.late,selector_target_difference,logit_concept,,class_id,150,0.026184923934547022,0.02616288011877205,2.2043815774971248e-05
selector_target_difference::raw_yes_minus_no::vision.late::logit_concept,raw_yes_minus_no,vision.late,selector_target_difference,logit_concept,,class_id,159,0.02076834701046599,0.02616288011877205,-0.005394533108306062
selector_target_difference::raw_yes_minus_no::vision.late::logit_concept,raw_yes_minus_no,vision.late,selector_target_difference,logit_concept,,class_id,194,0.03083077521639748,0.02616288011877205,0.00466789509762543
selector_target_difference::raw_yes_minus_no::vision.late::logit_concept,raw_yes_minus_no,vision.late,selector_target_difference,logit_concept,,class_id,195,0.024692912656351533,0.02616288011877205,-0.0014699674624205177
selector_target_difference::raw_yes_minus_no::vision.late::logit_concept,raw_yes_minus_no,vision.late,selector_target_difference,logit_concept,,class_id,25,0.020028147444711323,0.02616288011877205,-0.006134732674060728
selector_target_difference::raw_yes_minus_no::vision.late::logit_concept,raw_yes_minus_no,vision.late,selector_target_difference,logit_concept,,class_id,36,0.030473599725587122,0.02616288011877205,0.0043107196068150715
selector_target_difference::raw_yes_minus_no::vision.late::logit_concept,raw_yes_minus_no,vision.late,selector_target_difference,logit_concept,,class_id,56,0.01544801221079319,0.02616288011877205,-0.01071486790797886
selector_target_difference::raw_yes_minus_no::vision.late::logit_concept,raw_yes_minus_no,vision.late,selector_target_difference,logit_concept,,class_id,65,0.023388544966293053,0.02616288011877205,-0.0027743351524789975
selector_target_difference::raw_yes_minus_no::vision.late::logit_concept,raw_yes_minus_no,vision.late,selector_target_difference,logit_concept,,class_id,67,0.02783333206424627,0.02616288011877205,0.0016704519454742196
selector_target_difference::raw_yes_minus_no::vision.late::logit_concept,raw_yes_minus_no,vision.late,selector_target_difference,logit_concept,,class_id,73,0.030688438036642538,0.02616288011877205,0.0045255579178704874
selector_target_difference::raw_yes_minus_no::vision.late::logit_concept,raw_yes_minus_no,vision.late,selector_target_difference,logit_concept,,class_id,78,0.02284707083826465,0.02616288011877205,-0.0033158092805074015
selector_target_difference::raw_yes_minus_no::vision.late::logit_concept,raw_yes_minus_no,vision.late,selector_target_difference,logit_concept,,class_id,92,0.028364893715770917,0.02616288011877205,0.002202013596998866
selector_target_difference::raw_yes_minus_no::vision.late::logit_concept,raw_yes_minus_no,vision.late,selector_target_difference,logit_concept,,class_id,99,0.0422612475561009,0.02616288011877205,0.016098367437328853
selector_difference::raw_yes_minus_no::vision.late::target_0,raw_yes_minus_no,vision.late,selector_difference_by_target,vision_cls_attention_minus_logit_concept,0,attribute_id,100,0.12445211113028141,0.12657654916373212,-0.002124438033450707
selector_difference::raw_yes_minus_no::vision.late::target_0,raw_yes_minus_no,vision.late,selector_difference_by_target,vision_cls_attention_minus_logit_concept,0,attribute_id,101,0.10779933335250363,0.12657654916373212,-0.018777215811228487
selector_difference::raw_yes_minus_no::vision.late::target_0,raw_yes_minus_no,vision.late,selector_difference_by_target,vision_cls_attention_minus_logit_concept,0,attribute_id,102,0.14735141668583698,0.12657654916373212,0.020774867522104862
selector_difference::raw_yes_minus_no::vision.late::target_0,raw_yes_minus_no,vision.late,selector_difference_by_target,vision_cls_attention_minus_logit_concept,0,attribute_id,103,0.12247294446361476,0.12657654916373212,-0.004103604700117364
selector_difference::raw_yes_minus_no::vision.late::target_0,raw_yes_minus_no,vision.late,selector_difference_by_target,vision_cls_attention_minus_logit_concept,0,attribute_id,104,0.10896848017790046,0.12657654916373212,-0.017608068985831657
selector_difference::raw_yes_minus_no::vision.late::target_0,raw_yes_minus_no,vision.late,selector_difference_by_target,vision_cls_attention_minus_logit_concept,0,attribute_id,105,0.11509013196361476,0.12657654916373212,-0.011486417200117366
selector_difference::raw_yes_minus_no::vision.late::target_0,raw_yes_minus_no,vision.late,selector_difference_by_target,vision_cls_attention_minus_logit_concept,0,attribute_id,107,0.12899824208266236,0.12657654916373212,0.0024216929189302405
selector_difference::raw_yes_minus_no::vision.late::target_0,raw_yes_minus_no,vision.late,selector_difference_by_target,vision_cls_attention_minus_logit_concept,0,attribute_id,111,0.13648336113028142,0.12657654916373212,0.0099068119665493
selector_difference::raw_yes_minus_no::vision.late::target_0,raw_yes_minus_no,vision.late,selector_difference_by_target,vision_cls_attention_minus_logit_concept,0,attribute_id,117,0.13751538273521968,0.12657654916373212,0.01093883357148756
selector_difference::raw_yes_minus_no::vision.late::target_0,raw_yes_minus_no,vision.late,selector_difference_by_target,vision_cls_attention_minus_logit_concept,0,attribute_id,118,0.13336877779694808,0.12657654916373212,0.006792228633215963
selector_difference::raw_yes_minus_no::vision.late::target_0,raw_yes_minus_no,vision.late,selector_difference_by_target,vision_cls_attention_minus_logit_concept,0,attribute_id,120,0.1299396111302814,0.12657654916373212,0.0033630619665492856
selector_difference::raw_yes_minus_no::vision.late::target_0,raw_yes_minus_no,vision.late,selector_difference_by_target,vision_cls_attention_minus_logit_concept,0,attribute_id,2,0.12052850001917031,0.12657654916373212,-0.006048049144561807
selector_difference::raw_yes_minus_no::vision.late::target_0,raw_yes_minus_no,vision.late,selector_difference_by_target,vision_cls_attention_minus_logit_concept,0,attribute_id,294,0.12348856946361475,0.12657654916373212,-0.0030879797001173714
selector_difference::raw_yes_minus_no::vision.late::target_0,raw_yes_minus_no,vision.late,selector_difference_by_target,vision_cls_attention_minus_logit_concept,0,attribute_id,295,0.12278544446361475,0.12657654916373212,-0.0037911047001173703
selector_difference::raw_yes_minus_no::vision.late::target_0,raw_yes_minus_no,vision.late,selector_difference_by_target,vision_cls_attention_minus_logit_concept,0,attribute_id,299,0.13501924075991104,0.12657654916373212,0.008442691596178914
selector_difference::raw_yes_minus_no::vision.late::target_0,raw_yes_minus_no,vision.late,selector_difference_by_target,vision_cls_attention_minus_logit_concept,0,attribute_id,305,0.1388452270723104,0.12657654916373212,0.012268677908578274
selector_difference::raw_yes_minus_no::vision.late::target_0,raw_yes_minus_no,vision.late,selector_difference_by_target,vision_cls_attention_minus_logit_concept,0,attribute_id,306,0.1280458611302814,0.12657654916373212,0.001469311966549286
selector_difference::raw_yes_minus_no::vision.late::target_0,raw_yes_minus_no,vision.late,selector_difference_by_target,vision_cls_attention_minus_logit_concept,0,attribute_id,308,0.1252333611302814,0.12657654916373212,-0.0013431880334507096
selector_difference::raw_yes_minus_no::vision.late::target_0,raw_yes_minus_no,vision.late,selector_difference_by_target,vision_cls_attention_minus_logit_concept,0,attribute_id,309,0.13980512038954068,0.12657654916373212,0.01322857122580856
selector_difference::raw_yes_minus_no::vision.late::target_0,raw_yes_minus_no,vision.late,selector_difference_by_target,vision_cls_attention_minus_logit_concept,0,attribute_id,310,0.11250270636837666,0.12657654916373212,-0.014073842795355465
selector_difference::raw_yes_minus_no::vision.late::target_0,raw_yes_minus_no,vision.late,selector_difference_by_target,vision_cls_attention_minus_logit_concept,0,attribute_id,311,0.12509013196361476,0.12657654916373212,-0.001486417200117357
selector_difference::raw_yes_minus_no::vision.late::target_0,raw_yes_minus_no,vision.late,selector_difference_by_target,vision_cls_attention_minus_logit_concept,0,attribute_id,312,0.12216044446361475,0.12657654916373212,-0.004416104700117371
selector_difference::raw_yes_minus_no::vision.late::target_0,raw_yes_minus_no,vision.late,selector_difference_by_target,vision_cls_attention_minus_logit_concept,0,attribute_id,5,0.12733405557472585,0.12657654916373212,0.0007575064109937302
selector_difference::raw_yes_minus_no::vision.late::target_0,raw_yes_minus_no,vision.late,selector_difference_by_target,vision_cls_attention_minus_logit_concept,0,attribute_id,7,0.1290205635112338,0.12657654916373212,0.0024440143475016884
selector_difference::raw_yes_minus_no::vision.late::target_0,raw_yes_minus_no,vision.late,selector_difference_by_target,vision_cls_attention_minus_logit_concept,0,attribute_id,8,0.1309521111302814,0.12657654916373212,0.004375561966549285
selector_difference::raw_yes_minus_no::vision.late::target_0,raw_yes_minus_no,vision.late,selector_difference_by_target,vision_cls_attention_minus_logit_concept,0,attribute_id,96,0.11773914816731845,0.12657654916373212,-0.008837400996413669
selector_difference::raw_yes_minus_no::vision.late::target_0,raw_yes_minus_no,vision.late,selector_difference_by_target,vision_cls_attention_minus_logit_concept,0,class_id,104,0.07538865338258842,0.07651908430472884,-0.0011304309221404213
selector_difference::raw_yes_minus_no::vision.late::target_0,raw_yes_minus_no,vision.late,selector_difference_by_target,vision_cls_attention_minus_logit_concept,0,class_id,108,0.07464841302474937,0.07651908430472884,-0.0018706712799794745
selector_difference::raw_yes_minus_no::vision.late::target_0,raw_yes_minus_no,vision.late,selector_difference_by_target,vision_cls_attention_minus_logit_concept,0,class_id,11,0.07568757777690754,0.07651908430472884,-0.0008315065278212963
selector_difference::raw_yes_minus_no::vision.late::target_0,raw_yes_minus_no,vision.late,selector_difference_by_target,vision_cls_attention_minus_logit_concept,0,class_id,123,0.08693403702398357,0.07651908430472884,0.01041495271925473
selector_difference::raw_yes_minus_no::vision.late::target_0,raw_yes_minus_no,vision.late,selector_difference_by_target,vision_cls_attention_minus_logit_concept,0,class_id,125,0.07433409641725842,0.07651908430472884,-0.002184987887470416
selector_difference::raw_yes_minus_no::vision.late::target_0,raw_yes_minus_no,vision.late,selector_difference_by_target,vision_cls_attention_minus_logit_concept,0,class_id,130,0.06538436749425647,0.07651908430472884,-0.011134716810472373
selector_difference::raw_yes_minus_no::vision.late::target_0,raw_yes_minus_no,vision.late,selector_difference_by_target,vision_cls_attention_minus_logit_concept,0,class_id,131,0.0803741259616054,0.07651908430472884,0.0038550416568765566
selector_difference::raw_yes_minus_no::vision.late::target_0,raw_yes_minus_no,vision.late,selector_difference_by_target,vision_cls_attention_minus_logit_concept,0,class_id,150,0.08281477075936368,0.07651908430472884,0.0062956864546348384
selector_difference::raw_yes_minus_no::vision.late::target_0,raw_yes_minus_no,vision.late,selector_difference_by_target,vision_cls_attention_minus_logit_concept,0,class_id,159,0.06861276183079225,0.07651908430472884,-0.007906322473936592
selector_difference::raw_yes_minus_no::vision.late::target_0,raw_yes_minus_no,vision.late,selector_difference_by_target,vision_cls_attention_minus_logit_concept,0,class_id,194,0.08200410966652742,0.07651908430472884,0.005485025361798582
selector_difference::raw_yes_minus_no::vision.late::target_0,raw_yes_minus_no,vision.late,selector_difference_by_target,vision_cls_attention_minus_logit_concept,0,class_id,195,0.07273096750121832,0.07651908430472884,-0.003788116803510516
selector_difference::raw_yes_minus_no::vision.late::target_0,raw_yes_minus_no,vision.late,selector_difference_by_target,vision_cls_attention_minus_logit_concept,0,class_id,25,0.06783395935585491,0.07651908430472884,-0.008685124948873926
selector_difference::raw_yes_minus_no::vision.late::target_0,raw_yes_minus_no,vision.late,selector_difference_by_target,vision_cls_attention_minus_logit_concept,0,class_id,36,0.08707995030980228,0.07651908430472884,0.010560866005073444
selector_difference::raw_yes_minus_no::vision.late::target_0,raw_yes_minus_no,vision.late,selector_difference_by_target,vision_cls_attention_minus_logit_concept,0,class_id,56,0.06616637894649818,0.07651908430472884,-0.010352705358230657
selector_difference::raw_yes_minus_no::vision.late::target_0,raw_yes_minus_no,vision.late,selector_difference_by_target,vision_cls_attention_minus_logit_concept,0,class_id,65,0.08274395570088415,0.07651908430472884,0.00622487139615531
selector_difference::raw_yes_minus_no::vision.late::target_0,raw_yes_minus_no,vision.late,selector_difference_by_target,vision_cls_attention_minus_logit_concept,0,class_id,67,0.09136838134833611,0.07651908430472884,0.014849297043607268
selector_difference::raw_yes_minus_no::vision.late::target_0,raw_yes_minus_no,vision.late,selector_difference_by_target,vision_cls_attention_minus_logit_concept,0,class_id,73,0.08372533166684071,0.07651908430472884,0.007206247362111867
selector_difference::raw_yes_minus_no::vision.late::target_0,raw_yes_minus_no,vision.late,selector_difference_by_target,vision_cls_attention_minus_logit_concept,0,class_id,78,0.07012941152795182,0.07651908430472884,-0.006389672776777017
selector_difference::raw_yes_minus_no::vision.late::target_0,raw_yes_minus_no,vision.late,selector_difference_by_target,vision_cls_attention_minus_logit_concept,0,class_id,92,0.0726982114574631,0.07651908430472884,-0.0038208728472657466
selector_difference::raw_yes_minus_no::vision.late::target_0,raw_yes_minus_no,vision.late,selector_difference_by_target,vision_cls_attention_minus_logit_concept,0,class_id,99,0.06972222494169451,0.07651908430472884,-0.006796859363034327
selector_difference::raw_yes_minus_no::vision.late::target_1,raw_yes_minus_no,vision.late,selector_difference_by_target,vision_cls_attention_minus_logit_concept,1,attribute_id,100,0.14357603013452763,0.14516525333448171,-0.0015892231999540818
selector_difference::raw_yes_minus_no::vision.late::target_1,raw_yes_minus_no,vision.late,selector_difference_by_target,vision_cls_attention_minus_logit_concept,1,attribute_id,101,0.12696491902341653,0.14516525333448171,-0.018200334311065186
selector_difference::raw_yes_minus_no::vision.late::target_1,raw_yes_minus_no,vision.late,selector_difference_by_target,vision_cls_attention_minus_logit_concept,1,attribute_id,102,0.16177915513452765,0.14516525333448171,0.016613901800045933
selector_difference::raw_yes_minus_no::vision.late::target_1,raw_yes_minus_no,vision.late,selector_difference_by_target,vision_cls_attention_minus_logit_concept,1,attribute_id,103,0.1457188872773848,0.14516525333448171,0.0005536339429030868
selector_difference::raw_yes_minus_no::vision.late::target_1,raw_yes_minus_no,vision.late,selector_difference_by_target,vision_cls_attention_minus_logit_concept,1,attribute_id,104,0.12571888727738478,0.14516525333448171,-0.01944636605709693
selector_difference::raw_yes_minus_no::vision.late::target_1,raw_yes_minus_no,vision.late,selector_difference_by_target,vision_cls_attention_minus_logit_concept,1,attribute_id,105,0.1382505093011943,0.14516525333448171,-0.006914744033287401
selector_difference::raw_yes_minus_no::vision.late::target_1,raw_yes_minus_no,vision.late,selector_difference_by_target,vision_cls_attention_minus_logit_concept,1,attribute_id,107,0.15109835156309906,0.14516525333448171,0.005933098228617345
selector_difference::raw_yes_minus_no::vision.late::target_1,raw_yes_minus_no,vision.late,selector_difference_by_target,vision_cls_attention_minus_logit_concept,1,attribute_id,111,0.1563653819863795,0.14516525333448171,0.01120012865189779
selector_difference::raw_yes_minus_no::vision.late::target_1,raw_yes_minus_no,vision.late,selector_difference_by_target,vision_cls_attention_minus_logit_concept,1,attribute_id,117,0.16249192519625605,0.14516525333448171,0.017326671861774334
selector_difference::raw_yes_minus_no::vision.late::target_1,raw_yes_minus_no,vision.late,selector_difference_by_target,vision_cls_attention_minus_logit_concept,1,attribute_id,118,0.16131908569008319,0.14516525333448171,0.016153832355601472
selector_difference::raw_yes_minus_no::vision.late::target_1,raw_yes_minus_no,vision.late,selector_difference_by_target,vision_cls_attention_minus_logit_concept,1,attribute_id,120,0.14665103013452765,0.14516525333448171,0.0014857768000459404
selector_difference::raw_yes_minus_no::vision.late::target_1,raw_yes_minus_no,vision.late,selector_difference_by_target,vision_cls_attention_minus_logit_concept,1,attribute_id,2,0.11326353013452764,0.14516525333448171,-0.031901723199954074
selector_difference::raw_yes_minus_no::vision.late::target_1,raw_yes_minus_no,vision.late,selector_difference_by_target,vision_cls_attention_minus_logit_concept,1,attribute_id,294,0.1317270718011943,0.14516525333448171,-0.013438181533287408
selector_difference::raw_yes_minus_no::vision.late::target_1,raw_yes_minus_no,vision.late,selector_difference_by_target,vision_cls_attention_minus_logit_concept,1,attribute_id,295,0.13971491902341654,0.14516525333448171,-0.005450334311065175
selector_difference::raw_yes_minus_no::vision.late::target_1,raw_yes_minus_no,vision.late,selector_difference_by_target,vision_cls_attention_minus_logit_concept,1,attribute_id,299,0.15181677087526838,0.14516525333448171,0.006651517540786661
selector_difference::raw_yes_minus_no::vision.late::target_1,raw_yes_minus_no,vision.late,selector_difference_by_target,vision_cls_attention_minus_logit_concept,1,attribute_id,305,0.15223545042438272,0.14516525333448171,0.007070197089901004
selector_difference::raw_yes_minus_no::vision.late::target_1,raw_yes_minus_no,vision.late,selector_difference_by_target,vision_cls_attention_minus_logit_concept,1,attribute_id,306,0.1448989468011943,0.14516525333448171,-0.00026630653328740816
selector_difference::raw_yes_minus_no::vision.late::target_1,raw_yes_minus_no,vision.late,selector_difference_by_target,vision_cls_attention_minus_logit_concept,1,attribute_id,308,0.1409067593011943,0.14516525333448171,-0.004258494033287402
selector_difference::raw_yes_minus_no::vision.late::target_1,raw_yes_minus_no,vision.late,selector_difference_by_target,vision_cls_attention_minus_logit_concept,1,attribute_id,309,0.15300890050489802,0.14516525333448171,0.007843647170416301
selector_difference::raw_yes_minus_no::vision.late::target_1,raw_yes_minus_no,vision.late,selector_difference_by_target,vision_cls_attention_minus_logit_concept,1,attribute_id,310,0.14641829203928955,0.14516525333448171,0.001253038704807835
selector_difference::raw_yes_minus_no::vision.late::target_1,raw_yes_minus_no,vision.late,selector_difference_by_target,vision_cls_attention_minus_logit_concept,1,attribute_id,311,0.14540871242619433,0.14516525333448171,0.00024345909171261115
selector_difference::raw_yes_minus_no::vision.late::target_1,raw_yes_minus_no,vision.late,selector_difference_by_target,vision_cls_attention_minus_logit_concept,1,attribute_id,312,0.14988555394405145,0.14516525333448171,0.004720300609569739
selector_difference::raw_yes_minus_no::vision.late::target_1,raw_yes_minus_no,vision.late,selector_difference_by_target,vision_cls_attention_minus_logit_concept,1,attribute_id,5,0.14715241902341653,0.14516525333448171,0.001987165688934811
selector_difference::raw_yes_minus_no::vision.late::target_1,raw_yes_minus_no,vision.late,selector_difference_by_target,vision_cls_attention_minus_logit_concept,1,attribute_id,7,0.1509755837059562,0.14516525333448171,0.0058103303714744925
selector_difference::raw_yes_minus_no::vision.late::target_1,raw_yes_minus_no,vision.late,selector_difference_by_target,vision_cls_attention_minus_logit_concept,1,attribute_id,8,0.14644061346786097,0.14516525333448171,0.0012753601333792552
selector_difference::raw_yes_minus_no::vision.late::target_1,raw_yes_minus_no,vision.late,selector_difference_by_target,vision_cls_attention_minus_logit_concept,1,attribute_id,96,0.140508900504898,0.14516525333448171,-0.00465635282958371
selector_difference::raw_yes_minus_no::vision.late::target_1,raw_yes_minus_no,vision.late,selector_difference_by_target,vision_cls_attention_minus_logit_concept,1,class_id,104,0.08737215760756056,0.08248542906746031,0.004886728540100249
selector_difference::raw_yes_minus_no::vision.late::target_1,raw_yes_minus_no,vision.late,selector_difference_by_target,vision_cls_attention_minus_logit_concept,1,class_id,108,0.08324032738095238,0.08248542906746031,0.0007548983134920695
selector_difference::raw_yes_minus_no::vision.late::target_1,raw_yes_minus_no,vision.late,selector_difference_by_target,vision_cls_attention_minus_logit_concept,1,class_id,11,0.0828831926822264,0.08248542906746031,0.0003977636147660807
selector_difference::raw_yes_minus_no::vision.late::target_1,raw_yes_minus_no,vision.late,selector_difference_by_target,vision_cls_attention_minus_logit_concept,1,class_id,123,0.0838903492455096,0.08248542906746031,0.0014049201780492876
selector_difference::raw_yes_minus_no::vision.late::target_1,raw_yes_minus_no,vision.late,selector_difference_by_target,vision_cls_attention_minus_logit_concept,1,class_id,125,0.07873524958228906,0.08248542906746031,-0.0037501794851712567
selector_difference::raw_yes_minus_no::vision.late::target_1,raw_yes_minus_no,vision.late,selector_difference_by_target,vision_cls_attention_minus_logit_concept,1,class_id,130,0.07115265376984127,0.08248542906746031,-0.011332775297619044
selector_difference::raw_yes_minus_no::vision.late::target_1,raw_yes_minus_no,vision.late,selector_difference_by_target,vision_cls_attention_minus_logit_concept,1,class_id,131,0.0839142126148705,0.08248542906746031,0.0014287835474101895
selector_difference::raw_yes_minus_no::vision.late::target_1,raw_yes_minus_no,vision.late,selector_difference_by_target,vision_cls_attention_minus_logit_concept,1,class_id,150,0.07534379568713451,0.08248542906746031,-0.007141633380325807
selector_difference::raw_yes_minus_no::vision.late::target_1,raw_yes_minus_no,vision.late,selector_difference_by_target,vision_cls_attention_minus_logit_concept,1,class_id,159,0.08658568622076024,0.08248542906746031,0.004100257153299924
selector_difference::raw_yes_minus_no::vision.late::target_1,raw_yes_minus_no,vision.late,selector_difference_by_target,vision_cls_attention_minus_logit_concept,1,class_id,194,0.08420261265142022,0.08248542906746031,0.0017171835839599053
selector_difference::raw_yes_minus_no::vision.late::target_1,raw_yes_minus_no,vision.late,selector_difference_by_target,vision_cls_attention_minus_logit_concept,1,class_id,195,0.07434504229323308,0.08248542906746031,-0.008140386774227237
selector_difference::raw_yes_minus_no::vision.late::target_1,raw_yes_minus_no,vision.late,selector_difference_by_target,vision_cls_attention_minus_logit_concept,1,class_id,25,0.08504496919381788,0.08248542906746031,0.0025595401263575623
selector_difference::raw_yes_minus_no::vision.late::target_1,raw_yes_minus_no,vision.late,selector_difference_by_target,vision_cls_attention_minus_logit_concept,1,class_id,36,0.0904030910609858,0.08248542906746031,0.00791766199352549
selector_difference::raw_yes_minus_no::vision.late::target_1,raw_yes_minus_no,vision.late,selector_difference_by_target,vision_cls_attention_minus_logit_concept,1,class_id,56,0.06934001670843776,0.08248542906746031,-0.013145412359022557
selector_difference::raw_yes_minus_no::vision.late::target_1,raw_yes_minus_no,vision.late,selector_difference_by_target,vision_cls_attention_minus_logit_concept,1,class_id,65,0.08754307644110276,0.08248542906746031,0.005057647373642449
selector_difference::raw_yes_minus_no::vision.late::target_1,raw_yes_minus_no,vision.late,selector_difference_by_target,vision_cls_attention_minus_logit_concept,1,class_id,67,0.09328350172305765,0.08248542906746031,0.010798072655597332
selector_difference::raw_yes_minus_no::vision.late::target_1,raw_yes_minus_no,vision.late,selector_difference_by_target,vision_cls_attention_minus_logit_concept,1,class_id,73,0.08127064079469506,0.08248542906746031,-0.0012147882727652493
selector_difference::raw_yes_minus_no::vision.late::target_1,raw_yes_minus_no,vision.late,selector_difference_by_target,vision_cls_attention_minus_logit_concept,1,class_id,78,0.08029522047305765,0.08248542906746031,-0.002190208594402665
selector_difference::raw_yes_minus_no::vision.late::target_1,raw_yes_minus_no,vision.late,selector_difference_by_target,vision_cls_attention_minus_logit_concept,1,class_id,92,0.09274529096177944,0.08248542906746031,0.010259861894319128
selector_difference::raw_yes_minus_no::vision.late::target_1,raw_yes_minus_no,vision.late,selector_difference_by_target,vision_cls_attention_minus_logit_concept,1,class_id,99,0.07811749425647452,0.08248542906746031,-0.004367934810985796
selector_difference_target_difference::raw_yes_minus_no::vision.late,raw_yes_minus_no,vision.late,selector_difference_target_difference,vision_cls_attention_minus_logit_concept,,attribute_id,100,0.01912391900424622,0.018588704170749572,0.0005352148334966493
selector_difference_target_difference::raw_yes_minus_no::vision.late,raw_yes_minus_no,vision.late,selector_difference_target_difference,vision_cls_attention_minus_logit_concept,,attribute_id,101,0.01916558567091289,0.018588704170749572,0.0005768815001633183
selector_difference_target_difference::raw_yes_minus_no::vision.late,raw_yes_minus_no,vision.late,selector_difference_target_difference,vision_cls_attention_minus_logit_concept,,attribute_id,102,0.014427738448690669,0.018588704170749572,-0.004160965722058903
selector_difference_target_difference::raw_yes_minus_no::vision.late,raw_yes_minus_no,vision.late,selector_difference_target_difference,vision_cls_attention_minus_logit_concept,,attribute_id,103,0.023245942813770033,0.018588704170749572,0.004657238643020461
selector_difference_target_difference::raw_yes_minus_no::vision.late,raw_yes_minus_no,vision.late,selector_difference_target_difference,vision_cls_attention_minus_logit_concept,,attribute_id,104,0.01675040709948432,0.018588704170749572,-0.0018382970712652533
selector_difference_target_difference::raw_yes_minus_no::vision.late,raw_yes_minus_no,vision.late,selector_difference_target_difference,vision_cls_attention_minus_logit_concept,,attribute_id,105,0.023160377337579557,0.018588704170749572,0.004571673166829986
selector_difference_target_difference::raw_yes_minus_no::vision.late,raw_yes_minus_no,vision.late,selector_difference_target_difference,vision_cls_attention_minus_logit_concept,,attribute_id,107,0.022100109480436697,0.018588704170749572,0.0035114053096871253
selector_difference_target_difference::raw_yes_minus_no::vision.late,raw_yes_minus_no,vision.late,selector_difference_target_difference,vision_cls_attention_minus_logit_concept,,attribute_id,111,0.019882020856098075,0.018588704170749572,0.0012933166853485029
selector_difference_target_difference::raw_yes_minus_no::vision.late,raw_yes_minus_no,vision.late,selector_difference_target_difference,vision_cls_attention_minus_logit_concept,,attribute_id,117,0.024976542461036345,0.018588704170749572,0.006387838290286774
selector_difference_target_difference::raw_yes_minus_no::vision.late,raw_yes_minus_no,vision.late,selector_difference_target_difference,vision_cls_attention_minus_logit_concept,,attribute_id,118,0.02795030789313511,0.018588704170749572,0.00936160372238554
selector_difference_target_difference::raw_yes_minus_no::vision.late,raw_yes_minus_no,vision.late,selector_difference_target_difference,vision_cls_attention_minus_logit_concept,,attribute_id,120,0.016711419004246223,0.018588704170749572,-0.0018772851665033487
selector_difference_target_difference::raw_yes_minus_no::vision.late,raw_yes_minus_no,vision.late,selector_difference_target_difference,vision_cls_attention_minus_logit_concept,,attribute_id,2,-0.007264969884642667,0.018588704170749572,-0.02585367405539224
selector_difference_target_difference::raw_yes_minus_no::vision.late,raw_yes_minus_no,vision.late,selector_difference_target_difference,vision_cls_attention_minus_logit_concept,,attribute_id,294,0.008238502337579556,0.018588704170749572,-0.010350201833170015
selector_difference_target_difference::raw_yes_minus_no::vision.late,raw_yes_minus_no,vision.late,selector_difference_target_difference,vision_cls_attention_minus_logit_concept,,attribute_id,295,0.016929474559801778,0.018588704170749572,-0.001659229610947794
selector_difference_target_difference::raw_yes_minus_no::vision.late,raw_yes_minus_no,vision.late,selector_difference_target_difference,vision_cls_attention_minus_logit_concept,,attribute_id,299,0.016797530115357336,0.018588704170749572,-0.0017911740553922355
selector_difference_target_difference::raw_yes_minus_no::vision.late,raw_yes_minus_no,vision.late,selector_difference_target_difference,vision_cls_attention_minus_logit_concept,,attribute_id,305,0.01339022335207231,0.018588704170749572,-0.0051984808186772615
selector_difference_target_difference::raw_yes_minus_no::vision.late,raw_yes_minus_no,vision.late,selector_difference_target_difference,vision_cls_attention_minus_logit_concept,,attribute_id,306,0.016853085670912888,0.018588704170749572,-0.0017356184998366837
selector_difference_target_difference::raw_yes_minus_no::vision.late,raw_yes_minus_no,vision.late,selector_difference_target_difference,vision_cls_attention_minus_logit_concept,,attribute_id,308,0.01567339817091289,0.018588704170749572,-0.002915305999836682
selector_difference_target_difference::raw_yes_minus_no::vision.late,raw_yes_minus_no,vision.late,selector_difference_target_difference,vision_cls_attention_minus_logit_concept,,attribute_id,309,0.013203780115357335,0.018588704170749572,-0.005384924055392237
selector_difference_target_difference::raw_yes_minus_no::vision.late,raw_yes_minus_no,vision.late,selector_difference_target_difference,vision_cls_attention_minus_logit_concept,,attribute_id,310,0.03391558567091289,0.018588704170749572,0.015326881500163321
selector_difference_target_difference::raw_yes_minus_no::vision.late,raw_yes_minus_no,vision.late,selector_difference_target_difference,vision_cls_attention_minus_logit_concept,,attribute_id,311,0.020318580462579557,0.018588704170749572,0.0017298762918299855
selector_difference_target_difference::raw_yes_minus_no::vision.late,raw_yes_minus_no,vision.late,selector_difference_target_difference,vision_cls_attention_minus_logit_concept,,attribute_id,312,0.0277251094804367,0.018588704170749572,0.009136405309687127
selector_difference_target_difference::raw_yes_minus_no::vision.late,raw_yes_minus_no,vision.late,selector_difference_target_difference,vision_cls_attention_minus_logit_concept,,attribute_id,5,0.019818363448690667,0.018588704170749572,0.0012296592779410948
selector_difference_target_difference::raw_yes_minus_no::vision.late,raw_yes_minus_no,vision.late,selector_difference_target_difference,vision_cls_attention_minus_logit_concept,,attribute_id,7,0.021955020194722414,0.018588704170749572,0.003366316023972842
selector_difference_target_difference::raw_yes_minus_no::vision.late,raw_yes_minus_no,vision.late,selector_difference_target_difference,vision_cls_attention_minus_logit_concept,,attribute_id,8,0.015488502337579556,0.018588704170749572,-0.003100201833170016
selector_difference_target_difference::raw_yes_minus_no::vision.late,raw_yes_minus_no,vision.late,selector_difference_target_difference,vision_cls_attention_minus_logit_concept,,attribute_id,96,0.022769752337579555,0.018588704170749572,0.0041810481668299836
selector_difference_target_difference::raw_yes_minus_no::vision.late,raw_yes_minus_no,vision.late,selector_difference_target_difference,vision_cls_attention_minus_logit_concept,,class_id,104,0.011983504224972156,0.005966344762731484,0.006017159462240672
selector_difference_target_difference::raw_yes_minus_no::vision.late,raw_yes_minus_no,vision.late,selector_difference_target_difference,vision_cls_attention_minus_logit_concept,,class_id,108,0.008591914356203012,0.005966344762731484,0.0026255695934715283
selector_difference_target_difference::raw_yes_minus_no::vision.late,raw_yes_minus_no,vision.late,selector_difference_target_difference,vision_cls_attention_minus_logit_concept,,class_id,11,0.007195614905318856,0.005966344762731484,0.0012292701425873718
selector_difference_target_difference::raw_yes_minus_no::vision.late,raw_yes_minus_no,vision.late,selector_difference_target_difference,vision_cls_attention_minus_logit_concept,,class_id,123,-0.003043687778473959,0.005966344762731484,-0.009010032541205443
selector_difference_target_difference::raw_yes_minus_no::vision.late,raw_yes_minus_no,vision.late,selector_difference_target_difference,vision_cls_attention_minus_logit_concept,,class_id,125,0.004401153165030635,0.005966344762731484,-0.0015651915977008494
selector_difference_target_difference::raw_yes_minus_no::vision.late,raw_yes_minus_no,vision.late,selector_difference_target_difference,vision_cls_attention_minus_logit_concept,,class_id,130,0.0057682862755848,0.005966344762731484,-0.0001980584871466842
selector_difference_target_difference::raw_yes_minus_no::vision.late,raw_yes_minus_no,vision.late,selector_difference_target_difference,vision_cls_attention_minus_logit_concept,,class_id,131,0.003540086653265109,0.005966344762731484,-0.002426258109466375
selector_difference_target_difference::raw_yes_minus_no::vision.late,raw_yes_minus_no,vision.late,selector_difference_target_difference,vision_cls_attention_minus_logit_concept,,class_id,150,-0.007470975072229181,0.005966344762731484,-0.013437319834960666
selector_difference_target_difference::raw_yes_minus_no::vision.late,raw_yes_minus_no,vision.late,selector_difference_target_difference,vision_cls_attention_minus_logit_concept,,class_id,159,0.01797292438996798,0.005966344762731484,0.012006579627236495
selector_difference_target_difference::raw_yes_minus_no::vision.late,raw_yes_minus_no,vision.late,selector_difference_target_difference,vision_cls_attention_minus_logit_concept,,class_id,194,0.0021985029848927903,0.005966344762731484,-0.0037678417778386937
selector_difference_target_difference::raw_yes_minus_no::vision.late,raw_yes_minus_no,vision.late,selector_difference_target_difference,vision_cls_attention_minus_logit_concept,,class_id,195,0.0016140747920147637,0.005966344762731484,-0.00435226997071672
selector_difference_target_difference::raw_yes_minus_no::vision.late,raw_yes_minus_no,vision.late,selector_difference_target_difference,vision_cls_attention_minus_logit_concept,,class_id,25,0.017211009837962966,0.005966344762731484,0.011244665075231482
selector_difference_target_difference::raw_yes_minus_no::vision.late,raw_yes_minus_no,vision.late,selector_difference_target_difference,vision_cls_attention_minus_logit_concept,,class_id,36,0.003323140751183517,0.005966344762731484,-0.002643204011547967
selector_difference_target_difference::raw_yes_minus_no::vision.late,raw_yes_minus_no,vision.late,selector_difference_target_difference,vision_cls_attention_minus_logit_concept,,class_id,56,0.0031736377619395735,0.005966344762731484,-0.0027927070007919105
selector_difference_target_difference::raw_yes_minus_no::vision.late,raw_yes_minus_no,vision.late,selector_difference_target_difference,vision_cls_attention_minus_logit_concept,,class_id,65,0.004799120740218606,0.005966344762731484,-0.0011672240225128784
selector_difference_target_difference::raw_yes_minus_no::vision.late,raw_yes_minus_no,vision.late,selector_difference_target_difference,vision_cls_attention_minus_logit_concept,,class_id,67,0.0019151203747215303,0.005966344762731484,-0.004051224388009954
selector_difference_target_difference::raw_yes_minus_no::vision.late,raw_yes_minus_no,vision.late,selector_difference_target_difference,vision_cls_attention_minus_logit_concept,,class_id,73,-0.002454690872145639,0.005966344762731484,-0.008421035634877123
selector_difference_target_difference::raw_yes_minus_no::vision.late,raw_yes_minus_no,vision.late,selector_difference_target_difference,vision_cls_attention_minus_logit_concept,,class_id,78,0.010165808945105822,0.005966344762731484,0.004199464182374338
selector_difference_target_difference::raw_yes_minus_no::vision.late,raw_yes_minus_no,vision.late,selector_difference_target_difference,vision_cls_attention_minus_logit_concept,,class_id,92,0.020047079504316348,0.005966344762731484,0.014080734741584864
selector_difference_target_difference::raw_yes_minus_no::vision.late,raw_yes_minus_no,vision.late,selector_difference_target_difference,vision_cls_attention_minus_logit_concept,,class_id,99,0.008395269314780004,0.005966344762731484,0.0024289245520485205
selector_effect::raw_yes_minus_no::projector.output::vision_cls_attention::target_0,raw_yes_minus_no,projector.output,selector_effect_by_target,vision_cls_attention,0,attribute_id,100,0.07862909579643049,0.0820861030628071,-0.0034570072663766133
selector_effect::raw_yes_minus_no::projector.output::vision_cls_attention::target_0,raw_yes_minus_no,projector.output,selector_effect_by_target,vision_cls_attention,0,attribute_id,101,0.07178794996309716,0.0820861030628071,-0.010298153099709939
selector_effect::raw_yes_minus_no::projector.output::vision_cls_attention::target_0,raw_yes_minus_no,projector.output,selector_effect_by_target,vision_cls_attention,0,attribute_id,102,0.09557137010198605,0.0820861030628071,0.013485267039178947
selector_effect::raw_yes_minus_no::projector.output::vision_cls_attention::target_0,raw_yes_minus_no,projector.output,selector_effect_by_target,vision_cls_attention,0,attribute_id,103,0.08018353528055748,0.0820861030628071,-0.00190256778224962
selector_effect::raw_yes_minus_no::projector.output::vision_cls_attention::target_0,raw_yes_minus_no,projector.output,selector_effect_by_target,vision_cls_attention,0,attribute_id,104,0.06629216623293842,0.0820861030628071,-0.015793936829868682
selector_effect::raw_yes_minus_no::projector.output::vision_cls_attention::target_0,raw_yes_minus_no,projector.output,selector_effect_by_target,vision_cls_attention,0,attribute_id,105,0.06993009406031937,0.0820861030628071,-0.012156009002487728
selector_effect::raw_yes_minus_no::projector.output::vision_cls_attention::target_0,raw_yes_minus_no,projector.output,selector_effect_by_target,vision_cls_attention,0,attribute_id,107,0.08518353528055747,0.0820861030628071,0.0030974322177503705
selector_effect::raw_yes_minus_no::projector.output::vision_cls_attention::target_0,raw_yes_minus_no,projector.output,selector_effect_by_target,vision_cls_attention,0,attribute_id,111,0.0919740032038379,0.0820861030628071,0.009887900141030803
selector_effect::raw_yes_minus_no::projector.output::vision_cls_attention::target_0,raw_yes_minus_no,projector.output,selector_effect_by_target,vision_cls_attention,0,attribute_id,117,0.09349358267914654,0.0820861030628071,0.011407479616339436
selector_effect::raw_yes_minus_no::projector.output::vision_cls_attention::target_0,raw_yes_minus_no,projector.output,selector_effect_by_target,vision_cls_attention,0,attribute_id,118,0.09167249857420827,0.0820861030628071,0.009586395511401169
selector_effect::raw_yes_minus_no::projector.output::vision_cls_attention::target_0,raw_yes_minus_no,projector.output,selector_effect_by_target,vision_cls_attention,0,attribute_id,120,0.08477267218531938,0.0820861030628071,0.002686569122512278
selector_effect::raw_yes_minus_no::projector.output::vision_cls_attention::target_0,raw_yes_minus_no,projector.output,selector_effect_by_target,vision_cls_attention,0,attribute_id,2,0.07794767218531938,0.0820861030628071,-0.00413843087748772
selector_effect::raw_yes_minus_no::projector.output::vision_cls_attention::target_0,raw_yes_minus_no,projector.output,selector_effect_by_target,vision_cls_attention,0,attribute_id,294,0.08411303676865271,0.0820861030628071,0.0020269337058456127
selector_effect::raw_yes_minus_no::projector.output::vision_cls_attention::target_0,raw_yes_minus_no,projector.output,selector_effect_by_target,vision_cls_attention,0,attribute_id,295,0.08077579718531938,0.0820861030628071,-0.001310305877487719
selector_effect::raw_yes_minus_no::projector.output::vision_cls_attention::target_0,raw_yes_minus_no,projector.output,selector_effect_by_target,vision_cls_attention,0,attribute_id,299,0.08964761431494901,0.0820861030628071,0.0075615112521419114
selector_effect::raw_yes_minus_no::projector.output::vision_cls_attention::target_0,raw_yes_minus_no,projector.output,selector_effect_by_target,vision_cls_attention,0,attribute_id,305,0.09011592399691358,0.0820861030628071,0.00802982093410648
selector_effect::raw_yes_minus_no::projector.output::vision_cls_attention::target_0,raw_yes_minus_no,projector.output,selector_effect_by_target,vision_cls_attention,0,attribute_id,306,0.08362996385198604,0.0820861030628071,0.0015438607891789385
selector_effect::raw_yes_minus_no::projector.output::vision_cls_attention::target_0,raw_yes_minus_no,projector.output,selector_effect_by_target,vision_cls_attention,0,attribute_id,308,0.08115893520615271,0.0820861030628071,-0.0009271678566543928
selector_effect::raw_yes_minus_no::projector.output::vision_cls_attention::target_0,raw_yes_minus_no,projector.output,selector_effect_by_target,vision_cls_attention,0,attribute_id,309,0.09122313514828234,0.0820861030628071,0.009137032085475241
selector_effect::raw_yes_minus_no::projector.output::vision_cls_attention::target_0,raw_yes_minus_no,projector.output,selector_effect_by_target,vision_cls_attention,0,attribute_id,310,0.07093502337579558,0.0820861030628071,-0.011151079687011525
selector_effect::raw_yes_minus_no::projector.output::vision_cls_attention::target_0,raw_yes_minus_no,projector.output,selector_effect_by_target,vision_cls_attention,0,attribute_id,311,0.0790104977061527,0.0820861030628071,-0.0030756053566543956
selector_effect::raw_yes_minus_no::projector.output::vision_cls_attention::target_0,raw_yes_minus_no,projector.output,selector_effect_by_target,vision_cls_attention,0,attribute_id,312,0.07262587159008128,0.0820861030628071,-0.009460231472725816
selector_effect::raw_yes_minus_no::projector.output::vision_cls_attention::target_0,raw_yes_minus_no,projector.output,selector_effect_by_target,vision_cls_attention,0,attribute_id,5,0.08085565829643049,0.0820861030628071,-0.0012304447663766122
selector_effect::raw_yes_minus_no::projector.output::vision_cls_attention::target_0,raw_yes_minus_no,projector.output,selector_effect_by_target,vision_cls_attention,0,attribute_id,7,0.08400235968531938,0.0820861030628071,0.001916256622512283
selector_effect::raw_yes_minus_no::projector.output::vision_cls_attention::target_0,raw_yes_minus_no,projector.output,selector_effect_by_target,vision_cls_attention,0,attribute_id,8,0.08342683885198604,0.0820861030628071,0.00134073578917894
selector_effect::raw_yes_minus_no::projector.output::vision_cls_attention::target_0,raw_yes_minus_no,projector.output,selector_effect_by_target,vision_cls_attention,0,attribute_id,96,0.0752798481112453,0.0820861030628071,-0.006806254951561799
selector_effect::raw_yes_minus_no::projector.output::vision_cls_attention::target_0,raw_yes_minus_no,projector.output,selector_effect_by_target,vision_cls_attention,0,class_id,104,0.043987379337014416,0.043604339115203374,0.0003830402218110429
selector_effect::raw_yes_minus_no::projector.output::vision_cls_attention::target_0,raw_yes_minus_no,projector.output,selector_effect_by_target,vision_cls_attention,0,class_id,108,0.0476598906935307,0.043604339115203374,0.004055551578327328
selector_effect::raw_yes_minus_no::projector.output::vision_cls_attention::target_0,raw_yes_minus_no,projector.output,selector_effect_by_target,vision_cls_attention,0,class_id,11,0.04021439707667607,0.043604339115203374,-0.0033899420385273063
selector_effect::raw_yes_minus_no::projector.output::vision_cls_attention::target_0,raw_yes_minus_no,projector.output,selector_effect_by_target,vision_cls_attention,0,class_id,123,0.05206671055894946,0.043604339115203374,0.008462371443746085
selector_effect::raw_yes_minus_no::projector.output::vision_cls_attention::target_0,raw_yes_minus_no,projector.output,selector_effect_by_target,vision_cls_attention,0,class_id,125,0.03958163026381057,0.043604339115203374,-0.004022708851392803
selector_effect::raw_yes_minus_no::projector.output::vision_cls_attention::target_0,raw_yes_minus_no,projector.output,selector_effect_by_target,vision_cls_attention,0,class_id,130,0.03320104120435638,0.043604339115203374,-0.010403297910846994
selector_effect::raw_yes_minus_no::projector.output::vision_cls_attention::target_0,raw_yes_minus_no,projector.output,selector_effect_by_target,vision_cls_attention,0,class_id,131,0.046125931555233576,0.043604339115203374,0.002521592440030203
selector_effect::raw_yes_minus_no::projector.output::vision_cls_attention::target_0,raw_yes_minus_no,projector.output,selector_effect_by_target,vision_cls_attention,0,class_id,150,0.04699008466805034,0.043604339115203374,0.003385745552846965
selector_effect::raw_yes_minus_no::projector.output::vision_cls_attention::target_0,raw_yes_minus_no,projector.output,selector_effect_by_target,vision_cls_attention,0,class_id,159,0.04019298123237782,0.043604339115203374,-0.0034113578828255525
selector_effect::raw_yes_minus_no::projector.output::vision_cls_attention::target_0,raw_yes_minus_no,projector.output,selector_effect_by_target,vision_cls_attention,0,class_id,194,0.03996247536158104,0.043604339115203374,-0.0036418637536223333
selector_effect::raw_yes_minus_no::projector.output::vision_cls_attention::target_0,raw_yes_minus_no,projector.output,selector_effect_by_target,vision_cls_attention,0,class_id,195,0.042941959798585005,0.043604339115203374,-0.0006623793166183681
selector_effect::raw_yes_minus_no::projector.output::vision_cls_attention::target_0,raw_yes_minus_no,projector.output,selector_effect_by_target,vision_cls_attention,0,class_id,25,0.041797456287202384,0.043604339115203374,-0.00180688282800099
selector_effect::raw_yes_minus_no::projector.output::vision_cls_attention::target_0,raw_yes_minus_no,projector.output,selector_effect_by_target,vision_cls_attention,0,class_id,36,0.05052170016512636,0.043604339115203374,0.006917361049922986
selector_effect::raw_yes_minus_no::projector.output::vision_cls_attention::target_0,raw_yes_minus_no,projector.output,selector_effect_by_target,vision_cls_attention,0,class_id,56,0.04716807412955131,0.043604339115203374,0.003563735014347938
selector_effect::raw_yes_minus_no::projector.output::vision_cls_attention::target_0,raw_yes_minus_no,projector.output,selector_effect_by_target,vision_cls_attention,0,class_id,65,0.04808828916366437,0.043604339115203374,0.0044839500484609995
selector_effect::raw_yes_minus_no::projector.output::vision_cls_attention::target_0,raw_yes_minus_no,projector.output,selector_effect_by_target,vision_cls_attention,0,class_id,67,0.05245958932161132,0.043604339115203374,0.008855250206407948
selector_effect::raw_yes_minus_no::projector.output::vision_cls_attention::target_0,raw_yes_minus_no,projector.output,selector_effect_by_target,vision_cls_attention,0,class_id,73,0.04866254313083055,0.043604339115203374,0.005058204015627177
selector_effect::raw_yes_minus_no::projector.output::vision_cls_attention::target_0,raw_yes_minus_no,projector.output,selector_effect_by_target,vision_cls_attention,0,class_id,78,0.041321249494178154,0.043604339115203374,-0.0022830896210252194
selector_effect::raw_yes_minus_no::projector.output::vision_cls_attention::target_0,raw_yes_minus_no,projector.output,selector_effect_by_target,vision_cls_attention,0,class_id,92,0.04263767124517022,0.043604339115203374,-0.0009666678700331541
selector_effect::raw_yes_minus_no::projector.output::vision_cls_attention::target_0,raw_yes_minus_no,projector.output,selector_effect_by_target,vision_cls_attention,0,class_id,99,0.02650572761656746,0.043604339115203374,-0.017098611498635913
selector_effect::raw_yes_minus_no::projector.output::vision_cls_attention::target_1,raw_yes_minus_no,projector.output,selector_effect_by_target,vision_cls_attention,1,attribute_id,100,0.11295663781684927,0.11451534685914994,-0.0015587090423006683
selector_effect::raw_yes_minus_no::projector.output::vision_cls_attention::target_1,raw_yes_minus_no,projector.output,selector_effect_by_target,vision_cls_attention,1,attribute_id,101,0.10071401628907148,0.11451534685914994,-0.013801330570078457
selector_effect::raw_yes_minus_no::projector.output::vision_cls_attention::target_1,raw_yes_minus_no,projector.output,selector_effect_by_target,vision_cls_attention,1,attribute_id,102,0.12777868642796036,0.11451534685914994,0.013263339568810428
selector_effect::raw_yes_minus_no::projector.output::vision_cls_attention::target_1,raw_yes_minus_no,projector.output,selector_effect_by_target,vision_cls_attention,1,attribute_id,103,0.11511158573351593,0.11451534685914994,0.0005962388743659952
selector_effect::raw_yes_minus_no::projector.output::vision_cls_attention::target_1,raw_yes_minus_no,projector.output,selector_effect_by_target,vision_cls_attention,1,attribute_id,104,0.09958703216208736,0.11451534685914994,-0.014928314697062572
selector_effect::raw_yes_minus_no::projector.output::vision_cls_attention::target_1,raw_yes_minus_no,projector.output,selector_effect_by_target,vision_cls_attention,1,attribute_id,105,0.10902760135851593,0.11451534685914994,-0.005487745500634009
selector_effect::raw_yes_minus_no::projector.output::vision_cls_attention::target_1,raw_yes_minus_no,projector.output,selector_effect_by_target,vision_cls_attention,1,attribute_id,107,0.11517482978113498,0.11451534685914994,0.0006594829219850468
selector_effect::raw_yes_minus_no::projector.output::vision_cls_attention::target_1,raw_yes_minus_no,projector.output,selector_effect_by_target,vision_cls_attention,1,attribute_id,111,0.12502333341870112,0.11451534685914994,0.01050798655955118
selector_effect::raw_yes_minus_no::projector.output::vision_cls_attention::target_1,raw_yes_minus_no,projector.output,selector_effect_by_target,vision_cls_attention,1,attribute_id,117,0.1275913311038863,0.11451534685914994,0.013075984244736355
selector_effect::raw_yes_minus_no::projector.output::vision_cls_attention::target_1,raw_yes_minus_no,projector.output,selector_effect_by_target,vision_cls_attention,1,attribute_id,118,0.12621748851129372,0.11451534685914994,0.011702141652143783
selector_effect::raw_yes_minus_no::projector.output::vision_cls_attention::target_1,raw_yes_minus_no,projector.output,selector_effect_by_target,vision_cls_attention,1,attribute_id,120,0.1143938774001826,0.11451534685914994,-0.00012146945896733541
selector_effect::raw_yes_minus_no::projector.output::vision_cls_attention::target_1,raw_yes_minus_no,projector.output,selector_effect_by_target,vision_cls_attention,1,attribute_id,2,0.10059769684462704,0.11451534685914994,-0.0139176500145229
selector_effect::raw_yes_minus_no::projector.output::vision_cls_attention::target_1,raw_yes_minus_no,projector.output,selector_effect_by_target,vision_cls_attention,1,attribute_id,294,0.1095516899001826,0.11451534685914994,-0.004963656958967333
selector_effect::raw_yes_minus_no::projector.output::vision_cls_attention::target_1,raw_yes_minus_no,projector.output,selector_effect_by_target,vision_cls_attention,1,attribute_id,295,0.10883207184462704,0.11451534685914994,-0.005683275014522898
selector_effect::raw_yes_minus_no::projector.output::vision_cls_attention::target_1,raw_yes_minus_no,projector.output,selector_effect_by_target,vision_cls_attention,1,attribute_id,299,0.11992640054833074,0.11451534685914994,0.005411053689180809
selector_effect::raw_yes_minus_no::projector.output::vision_cls_attention::target_1,raw_yes_minus_no,projector.output,selector_effect_by_target,vision_cls_attention,1,attribute_id,305,0.12001647703786375,0.11451534685914994,0.0055011301787138145
selector_effect::raw_yes_minus_no::projector.output::vision_cls_attention::target_1,raw_yes_minus_no,projector.output,selector_effect_by_target,vision_cls_attention,1,attribute_id,306,0.11441627323351593,0.11451534685914994,-9.907362563400801e-05
selector_effect::raw_yes_minus_no::projector.output::vision_cls_attention::target_1,raw_yes_minus_no,projector.output,selector_effect_by_target,vision_cls_attention,1,attribute_id,308,0.10727629927518259,0.11451534685914994,-0.007239047583967345
selector_effect::raw_yes_minus_no::projector.output::vision_cls_attention::target_1,raw_yes_minus_no,projector.output,selector_effect_by_target,vision_cls_attention,1,attribute_id,309,0.12047472230759,0.11451534685914994,0.005959375448440066
selector_effect::raw_yes_minus_no::projector.output::vision_cls_attention::target_1,raw_yes_minus_no,projector.output,selector_effect_by_target,vision_cls_attention,1,attribute_id,310,0.11716515716208736,0.11451534685914994,0.0026498103029374276
selector_effect::raw_yes_minus_no::projector.output::vision_cls_attention::target_1,raw_yes_minus_no,projector.output,selector_effect_by_target,vision_cls_attention,1,attribute_id,311,0.10688974328559926,0.11451534685914994,-0.007625603573550674
selector_effect::raw_yes_minus_no::projector.output::vision_cls_attention::target_1,raw_yes_minus_no,projector.output,selector_effect_by_target,vision_cls_attention,1,attribute_id,312,0.11526597561446832,0.11451534685914994,0.0007506287553183805
selector_effect::raw_yes_minus_no::projector.output::vision_cls_attention::target_1,raw_yes_minus_no,projector.output,selector_effect_by_target,vision_cls_attention,1,attribute_id,5,0.11918276628907148,0.11451534685914994,0.004667419429921549
selector_effect::raw_yes_minus_no::projector.output::vision_cls_attention::target_1,raw_yes_minus_no,projector.output,selector_effect_by_target,vision_cls_attention,1,attribute_id,7,0.11990418245970641,0.11451534685914994,0.005388835600556474
selector_effect::raw_yes_minus_no::projector.output::vision_cls_attention::target_1,raw_yes_minus_no,projector.output,selector_effect_by_target,vision_cls_attention,1,attribute_id,8,0.11648007531684926,0.11451534685914994,0.001964728457699322
selector_effect::raw_yes_minus_no::projector.output::vision_cls_attention::target_1,raw_yes_minus_no,projector.output,selector_effect_by_target,vision_cls_attention,1,attribute_id,96,0.10784306721499741,0.11451534685914994,-0.006672279644152526
selector_effect::raw_yes_minus_no::projector.output::vision_cls_attention::target_1,raw_yes_minus_no,projector.output,selector_effect_by_target,vision_cls_attention,1,class_id,104,0.0876318536140699,0.08387926212694279,0.003752591487127116
selector_effect::raw_yes_minus_no::projector.output::vision_cls_attention::target_1,raw_yes_minus_no,projector.output,selector_effect_by_target,vision_cls_attention,1,class_id,108,0.0846075794684193,0.08387926212694279,0.0007283173414765198
selector_effect::raw_yes_minus_no::projector.output::vision_cls_attention::target_1,raw_yes_minus_no,projector.output,selector_effect_by_target,vision_cls_attention,1,class_id,11,0.08170063355545983,0.08387926212694279,-0.00217862857148296
selector_effect::raw_yes_minus_no::projector.output::vision_cls_attention::target_1,raw_yes_minus_no,projector.output,selector_effect_by_target,vision_cls_attention,1,class_id,123,0.08665060002436648,0.08387926212694279,0.0027713378974236896
selector_effect::raw_yes_minus_no::projector.output::vision_cls_attention::target_1,raw_yes_minus_no,projector.output,selector_effect_by_target,vision_cls_attention,1,class_id,125,0.08268736008315059,0.08387926212694279,-0.0011919020437922007
selector_effect::raw_yes_minus_no::projector.output::vision_cls_attention::target_1,raw_yes_minus_no,projector.output,selector_effect_by_target,vision_cls_attention,1,class_id,130,0.0755135553456123,0.08387926212694279,-0.008365706781330487
selector_effect::raw_yes_minus_no::projector.output::vision_cls_attention::target_1,raw_yes_minus_no,projector.output,selector_effect_by_target,vision_cls_attention,1,class_id,131,0.07868803614396233,0.08387926212694279,-0.005191225982980455
selector_effect::raw_yes_minus_no::projector.output::vision_cls_attention::target_1,raw_yes_minus_no,projector.output,selector_effect_by_target,vision_cls_attention,1,class_id,150,0.0759349783693174,0.08387926212694279,-0.00794428375762539
selector_effect::raw_yes_minus_no::projector.output::vision_cls_attention::target_1,raw_yes_minus_no,projector.output,selector_effect_by_target,vision_cls_attention,1,class_id,159,0.08593240438879317,0.08387926212694279,0.0020531422618503825
selector_effect::raw_yes_minus_no::projector.output::vision_cls_attention::target_1,raw_yes_minus_no,projector.output,selector_effect_by_target,vision_cls_attention,1,class_id,194,0.08429026804206698,0.08387926212694279,0.0004110059151241907
selector_effect::raw_yes_minus_no::projector.output::vision_cls_attention::target_1,raw_yes_minus_no,projector.output,selector_effect_by_target,vision_cls_attention,1,class_id,195,0.07937426098340469,0.08387926212694279,-0.004505001143538093
selector_effect::raw_yes_minus_no::projector.output::vision_cls_attention::target_1,raw_yes_minus_no,projector.output,selector_effect_by_target,vision_cls_attention,1,class_id,25,0.08604386875935499,0.08387926212694279,0.0021646066324122054
selector_effect::raw_yes_minus_no::projector.output::vision_cls_attention::target_1,raw_yes_minus_no,projector.output,selector_effect_by_target,vision_cls_attention,1,class_id,36,0.09247653571319793,0.08387926212694279,0.008597273586255144
selector_effect::raw_yes_minus_no::projector.output::vision_cls_attention::target_1,raw_yes_minus_no,projector.output,selector_effect_by_target,vision_cls_attention,1,class_id,56,0.07856831137631405,0.08387926212694279,-0.0053109507506287346
selector_effect::raw_yes_minus_no::projector.output::vision_cls_attention::target_1,raw_yes_minus_no,projector.output,selector_effect_by_target,vision_cls_attention,1,class_id,65,0.08661993457493561,0.08387926212694279,0.002740672447992823
selector_effect::raw_yes_minus_no::projector.output::vision_cls_attention::target_1,raw_yes_minus_no,projector.output,selector_effect_by_target,vision_cls_attention,1,class_id,67,0.08963145099619708,0.08387926212694279,0.005752188869254299
selector_effect::raw_yes_minus_no::projector.output::vision_cls_attention::target_1,raw_yes_minus_no,projector.output,selector_effect_by_target,vision_cls_attention,1,class_id,73,0.08845914767931112,0.08387926212694279,0.004579885552368337
selector_effect::raw_yes_minus_no::projector.output::vision_cls_attention::target_1,raw_yes_minus_no,projector.output,selector_effect_by_target,vision_cls_attention,1,class_id,78,0.08298026084634329,0.08387926212694279,-0.0008990012805994985
selector_effect::raw_yes_minus_no::projector.output::vision_cls_attention::target_1,raw_yes_minus_no,projector.output,selector_effect_by_target,vision_cls_attention,1,class_id,92,0.09010115145176309,0.08387926212694279,0.006221889324820304
selector_effect::raw_yes_minus_no::projector.output::vision_cls_attention::target_1,raw_yes_minus_no,projector.output,selector_effect_by_target,vision_cls_attention,1,class_id,99,0.07969305112281572,0.08387926212694279,-0.004186211004127069
selector_target_difference::raw_yes_minus_no::projector.output::vision_cls_attention,raw_yes_minus_no,projector.output,selector_target_difference,vision_cls_attention,,attribute_id,100,0.03432754202041877,0.032429243796342835,0.001898298224075938
selector_target_difference::raw_yes_minus_no::projector.output::vision_cls_attention,raw_yes_minus_no,projector.output,selector_target_difference,vision_cls_attention,,attribute_id,101,0.028926066325974324,0.032429243796342835,-0.003503177470368511
selector_target_difference::raw_yes_minus_no::projector.output::vision_cls_attention,raw_yes_minus_no,projector.output,selector_target_difference,vision_cls_attention,,attribute_id,102,0.032207316325974324,0.032429243796342835,-0.00022192747036851174
selector_target_difference::raw_yes_minus_no::projector.output::vision_cls_attention,raw_yes_minus_no,projector.output,selector_target_difference,vision_cls_attention,,attribute_id,103,0.03492805045295845,0.032429243796342835,0.0024988066566156153
selector_target_difference::raw_yes_minus_no::projector.output::vision_cls_attention,raw_yes_minus_no,projector.output,selector_target_difference,vision_cls_attention,,attribute_id,104,0.03329486592914893,0.032429243796342835,0.0008656221328060959
selector_target_difference::raw_yes_minus_no::projector.output::vision_cls_attention,raw_yes_minus_no,projector.output,selector_target_difference,vision_cls_attention,,attribute_id,105,0.03909750729819655,0.032429243796342835,0.006668263501853712
selector_target_difference::raw_yes_minus_no::projector.output::vision_cls_attention,raw_yes_minus_no,projector.output,selector_target_difference,vision_cls_attention,,attribute_id,107,0.0299912945005775,0.032429243796342835,-0.002437949295765334
selector_target_difference::raw_yes_minus_no::projector.output::vision_cls_attention,raw_yes_minus_no,projector.output,selector_target_difference,vision_cls_attention,,attribute_id,111,0.03304933021486321,0.032429243796342835,0.0006200864185203769
selector_target_difference::raw_yes_minus_no::projector.output::vision_cls_attention,raw_yes_minus_no,projector.output,selector_target_difference,vision_cls_attention,,attribute_id,117,0.034097748424739754,0.032429243796342835,0.001668504628396919
selector_target_difference::raw_yes_minus_no::projector.output::vision_cls_attention,raw_yes_minus_no,projector.output,selector_target_difference,vision_cls_attention,,attribute_id,118,0.034544989937085435,0.032429243796342835,0.0021157461407426
selector_target_difference::raw_yes_minus_no::projector.output::vision_cls_attention,raw_yes_minus_no,projector.output,selector_target_difference,vision_cls_attention,,attribute_id,120,0.029621205214863215,0.032429243796342835,-0.00280803858147962
selector_target_difference::raw_yes_minus_no::projector.output::vision_cls_attention,raw_yes_minus_no,projector.output,selector_target_difference,vision_cls_attention,,attribute_id,2,0.02265002465930766,0.032429243796342835,-0.009779219137035177
selector_target_difference::raw_yes_minus_no::projector.output::vision_cls_attention,raw_yes_minus_no,projector.output,selector_target_difference,vision_cls_attention,,attribute_id,294,0.025438653131529883,0.032429243796342835,-0.006990590664812953
selector_target_difference::raw_yes_minus_no::projector.output::vision_cls_attention,raw_yes_minus_no,projector.output,selector_target_difference,vision_cls_attention,,attribute_id,295,0.02805627465930766,0.032429243796342835,-0.004372969137035176
selector_target_difference::raw_yes_minus_no::projector.output::vision_cls_attention,raw_yes_minus_no,projector.output,selector_target_difference,vision_cls_attention,,attribute_id,299,0.030278786233381733,0.032429243796342835,-0.002150457562961103
selector_target_difference::raw_yes_minus_no::projector.output::vision_cls_attention,raw_yes_minus_no,projector.output,selector_target_difference,vision_cls_attention,,attribute_id,305,0.02990055304095017,0.032429243796342835,-0.002528690755392665
selector_target_difference::raw_yes_minus_no::projector.output::vision_cls_attention,raw_yes_minus_no,projector.output,selector_target_difference,vision_cls_attention,,attribute_id,306,0.030786309381529882,0.032429243796342835,-0.0016429344148129535
selector_target_difference::raw_yes_minus_no::projector.output::vision_cls_attention,raw_yes_minus_no,projector.output,selector_target_difference,vision_cls_attention,,attribute_id,308,0.026117364069029883,0.032429243796342835,-0.006311879727312952
selector_target_difference::raw_yes_minus_no::projector.output::vision_cls_attention,raw_yes_minus_no,projector.output,selector_target_difference,vision_cls_attention,,attribute_id,309,0.02925158715930766,0.032429243796342835,-0.0031776566370351755
selector_target_difference::raw_yes_minus_no::projector.output::vision_cls_attention,raw_yes_minus_no,projector.output,selector_target_difference,vision_cls_attention,,attribute_id,310,0.04623013378629179,0.032429243796342835,0.013800889989948953
selector_target_difference::raw_yes_minus_no::projector.output::vision_cls_attention,raw_yes_minus_no,projector.output,selector_target_difference,vision_cls_attention,,attribute_id,311,0.027879245579446547,0.032429243796342835,-0.004549998216896289
selector_target_difference::raw_yes_minus_no::projector.output::vision_cls_attention,raw_yes_minus_no,projector.output,selector_target_difference,vision_cls_attention,,attribute_id,312,0.042640104024387025,0.032429243796342835,0.01021086022804419
selector_target_difference::raw_yes_minus_no::projector.output::vision_cls_attention,raw_yes_minus_no,projector.output,selector_target_difference,vision_cls_attention,,attribute_id,5,0.038327107992640996,0.032429243796342835,0.005897864196298161
selector_target_difference::raw_yes_minus_no::projector.output::vision_cls_attention,raw_yes_minus_no,projector.output,selector_target_difference,vision_cls_attention,,attribute_id,7,0.03590182277438703,0.032429243796342835,0.0034725789780441912
selector_target_difference::raw_yes_minus_no::projector.output::vision_cls_attention,raw_yes_minus_no,projector.output,selector_target_difference,vision_cls_attention,,attribute_id,8,0.03305323646486322,0.032429243796342835,0.0006239926685203817
selector_target_difference::raw_yes_minus_no::projector.output::vision_cls_attention,raw_yes_minus_no,projector.output,selector_target_difference,vision_cls_attention,,attribute_id,96,0.0325632191037521,0.032429243796342835,0.00013397530740926616
selector_target_difference::raw_yes_minus_no::projector.output::vision_cls_attention,raw_yes_minus_no,projector.output,selector_target_difference,vision_cls_attention,,class_id,104,0.043644474277055485,0.04027492301173942,0.003369551265316066
selector_target_difference::raw_yes_minus_no::projector.output::vision_cls_attention,raw_yes_minus_no,projector.output,selector_target_difference,vision_cls_attention,,class_id,108,0.03694768877488861,0.04027492301173942,-0.003327234236850808
selector_target_difference::raw_yes_minus_no::projector.output::vision_cls_attention,raw_yes_minus_no,projector.output,selector_target_difference,vision_cls_attention,,class_id,11,0.04148623647878376,0.04027492301173942,0.0012113134670443393
selector_target_difference::raw_yes_minus_no::projector.output::vision_cls_attention,raw_yes_minus_no,projector.output,selector_target_difference,vision_cls_attention,,class_id,123,0.03458388946541701,0.04027492301173942,-0.005691033546322409
selector_target_difference::raw_yes_minus_no::projector.output::vision_cls_attention,raw_yes_minus_no,projector.output,selector_target_difference,vision_cls_attention,,class_id,125,0.043105729819340015,0.04027492301173942,0.0028308068076005957
selector_target_difference::raw_yes_minus_no::projector.output::vision_cls_attention,raw_yes_minus_no,projector.output,selector_target_difference,vision_cls_attention,,class_id,130,0.04231251414125592,0.04027492301173942,0.0020375911295165
selector_target_difference::raw_yes_minus_no::projector.output::vision_cls_attention,raw_yes_minus_no,projector.output,selector_target_difference,vision_cls_attention,,class_id,131,0.03256210458872876,0.04027492301173942,-0.0077128184230106575
selector_target_difference::raw_yes_minus_no::projector.output::vision_cls_attention,raw_yes_minus_no,projector.output,selector_target_difference,vision_cls_attention,,class_id,150,0.028944893701267058,0.04027492301173942,-0.011330029310472362
selector_target_difference::raw_yes_minus_no::projector.output::vision_cls_attention,raw_yes_minus_no,projector.output,selector_target_difference,vision_cls_attention,,class_id,159,0.04573942315641534,0.04027492301173942,0.005464500144675921
selector_target_difference::raw_yes_minus_no::projector.output::vision_cls_attention,raw_yes_minus_no,projector.output,selector_target_difference,vision_cls_attention,,class_id,194,0.044327792680485936,0.04027492301173942,0.004052869668746517
selector_target_difference::raw_yes_minus_no::projector.output::vision_cls_attention,raw_yes_minus_no,projector.output,selector_target_difference,vision_cls_attention,,class_id,195,0.03643230118481969,0.04027492301173942,-0.0038426218269197315
selector_target_difference::raw_yes_minus_no::projector.output::vision_cls_attention,raw_yes_minus_no,projector.output,selector_target_difference,vision_cls_attention,,class_id,25,0.0442464124721526,0.04027492301173942,0.0039714894604131815
selector_target_difference::raw_yes_minus_no::projector.output::vision_cls_attention,raw_yes_minus_no,projector.output,selector_target_difference,vision_cls_attention,,class_id,36,0.04195483554807156,0.04027492301173942,0.001679912536332144
selector_target_difference::raw_yes_minus_no::projector.output::vision_cls_attention,raw_yes_minus_no,projector.output,selector_target_difference,vision_cls_attention,,class_id,56,0.03140023724676274,0.04027492301173942,-0.00887468576497668
selector_target_difference::raw_yes_minus_no::projector.output::vision_cls_attention,raw_yes_minus_no,projector.output,selector_target_difference,vision_cls_attention,,class_id,65,0.03853164541127123,0.04027492301173942,-0.0017432776004681905
selector_target_difference::raw_yes_minus_no::projector.output::vision_cls_attention,raw_yes_minus_no,projector.output,selector_target_difference,vision_cls_attention,,class_id,67,0.03717186167458577,0.04027492301173942,-0.0031030613371536495
selector_target_difference::raw_yes_minus_no::projector.output::vision_cls_attention,raw_yes_minus_no,projector.output,selector_target_difference,vision_cls_attention,,class_id,73,0.03979660454848057,0.04027492301173942,-0.00047831846325884636
selector_target_difference::raw_yes_minus_no::projector.output::vision_cls_attention,raw_yes_minus_no,projector.output,selector_target_difference,vision_cls_attention,,class_id,78,0.04165901135216513,0.04027492301173942,0.001384088340425714
selector_target_difference::raw_yes_minus_no::projector.output::vision_cls_attention,raw_yes_minus_no,projector.output,selector_target_difference,vision_cls_attention,,class_id,92,0.04746348020659287,0.04027492301173942,0.007188557194853451
selector_target_difference::raw_yes_minus_no::projector.output::vision_cls_attention,raw_yes_minus_no,projector.output,selector_target_difference,vision_cls_attention,,class_id,99,0.05318732350624826,0.04027492301173942,0.012912400494508841
selector_effect::raw_yes_minus_no::projector.output::logit_concept::target_0,raw_yes_minus_no,projector.output,selector_effect_by_target,logit_concept,0,attribute_id,100,-0.028086999085815887,-0.026881529569694765,-0.0012054695161211222
selector_effect::raw_yes_minus_no::projector.output::logit_concept::target_0,raw_yes_minus_no,projector.output,selector_effect_by_target,logit_concept,0,attribute_id,101,-0.022817901863593667,-0.026881529569694765,0.004063627706101098
selector_effect::raw_yes_minus_no::projector.output::logit_concept::target_0,raw_yes_minus_no,projector.output,selector_effect_by_target,logit_concept,0,attribute_id,102,-0.031177276863593666,-0.026881529569694765,-0.004295747293898901
selector_effect::raw_yes_minus_no::projector.output::logit_concept::target_0,raw_yes_minus_no,projector.output,selector_effect_by_target,logit_concept,0,attribute_id,103,-0.023462743133434934,-0.026881529569694765,0.0034187864362598304
selector_effect::raw_yes_minus_no::projector.output::logit_concept::target_0,raw_yes_minus_no,projector.output,selector_effect_by_target,logit_concept,0,attribute_id,104,-0.026498457419149222,-0.026881529569694765,0.00038307215054554297
selector_effect::raw_yes_minus_no::projector.output::logit_concept::target_0,raw_yes_minus_no,projector.output,selector_effect_by_target,logit_concept,0,attribute_id,105,-0.03136824908581589,-0.026881529569694765,-0.004486719516121125
selector_effect::raw_yes_minus_no::projector.output::logit_concept::target_0,raw_yes_minus_no,projector.output,selector_effect_by_target,logit_concept,0,attribute_id,107,-0.025746969323911125,-0.026881529569694765,0.0011345602457836397
selector_effect::raw_yes_minus_no::projector.output::logit_concept::target_0,raw_yes_minus_no,projector.output,selector_effect_by_target,logit_concept,0,attribute_id,111,-0.025746142604334405,-0.026881529569694765,0.0011353869653603597
selector_effect::raw_yes_minus_no::projector.output::logit_concept::target_0,raw_yes_minus_no,projector.output,selector_effect_by_target,logit_concept,0,attribute_id,117,-0.02355092655495169,-0.026881529569694765,0.0033306030147430762
selector_effect::raw_yes_minus_no::projector.output::logit_concept::target_0,raw_yes_minus_no,projector.output,selector_effect_by_target,logit_concept,0,attribute_id,118,-0.025939429641371442,-0.026881529569694765,0.0009420999283233228
selector_effect::raw_yes_minus_no::projector.output::logit_concept::target_0,raw_yes_minus_no,projector.output,selector_effect_by_target,logit_concept,0,attribute_id,120,-0.027627624085815886,-0.026881529569694765,-0.0007460945161211208
selector_effect::raw_yes_minus_no::projector.output::logit_concept::target_0,raw_yes_minus_no,projector.output,selector_effect_by_target,logit_concept,0,attribute_id,2,-0.028963735196926996,-0.026881529569694765,-0.0020822056272322316
selector_effect::raw_yes_minus_no::projector.output::logit_concept::target_0,raw_yes_minus_no,projector.output,selector_effect_by_target,logit_concept,0,attribute_id,294,-0.02368595741914922,-0.026881529569694765,0.0031955721505455455
selector_effect::raw_yes_minus_no::projector.output::logit_concept::target_0,raw_yes_minus_no,projector.output,selector_effect_by_target,logit_concept,0,attribute_id,295,-0.02476234630803811,-0.026881529569694765,0.002119183261656655
selector_effect::raw_yes_minus_no::projector.output::logit_concept::target_0,raw_yes_minus_no,projector.output,selector_effect_by_target,logit_concept,0,attribute_id,299,-0.025966050011741813,-0.026881529569694765,0.0009154795579529515
selector_effect::raw_yes_minus_no::projector.output::logit_concept::target_0,raw_yes_minus_no,projector.output,selector_effect_by_target,logit_concept,0,attribute_id,305,-0.026702261766975308,-0.026881529569694765,0.0001792678027194572
selector_effect::raw_yes_minus_no::projector.output::logit_concept::target_0,raw_yes_minus_no,projector.output,selector_effect_by_target,logit_concept,0,attribute_id,306,-0.026790124085815888,-0.026881529569694765,9.14054838788772e-05
selector_effect::raw_yes_minus_no::projector.output::logit_concept::target_0,raw_yes_minus_no,projector.output,selector_effect_by_target,logit_concept,0,attribute_id,308,-0.025398197002482553,-0.026881529569694765,0.0014833325672122116
selector_effect::raw_yes_minus_no::projector.output::logit_concept::target_0,raw_yes_minus_no,projector.output,selector_effect_by_target,logit_concept,0,attribute_id,309,-0.027412809271001072,-0.026881529569694765,-0.0005312797013063073
selector_effect::raw_yes_minus_no::projector.output::logit_concept::target_0,raw_yes_minus_no,projector.output,selector_effect_by_target,logit_concept,0,attribute_id,310,-0.02719786218105398,-0.026881529569694765,-0.00031633261135921575
selector_effect::raw_yes_minus_no::projector.output::logit_concept::target_0,raw_yes_minus_no,projector.output,selector_effect_by_target,logit_concept,0,attribute_id,311,-0.029841556377482554,-0.026881529569694765,-0.002960026807787789
selector_effect::raw_yes_minus_no::projector.output::logit_concept::target_0,raw_yes_minus_no,projector.output,selector_effect_by_target,logit_concept,0,attribute_id,312,-0.03210113599057779,-0.026881529569694765,-0.0052196064208830245
selector_effect::raw_yes_minus_no::projector.output::logit_concept::target_0,raw_yes_minus_no,projector.output,selector_effect_by_target,logit_concept,0,attribute_id,5,-0.027817901863593664,-0.026881529569694765,-0.0009363722938988996
selector_effect::raw_yes_minus_no::projector.output::logit_concept::target_0,raw_yes_minus_no,projector.output,selector_effect_by_target,logit_concept,0,attribute_id,7,-0.02546795146676827,-0.026881529569694765,0.0014135781029264959
selector_effect::raw_yes_minus_no::projector.output::logit_concept::target_0,raw_yes_minus_no,projector.output,selector_effect_by_target,logit_concept,0,attribute_id,8,-0.027816165752482552,-0.026881529569694765,-0.0009346361827877875
selector_effect::raw_yes_minus_no::projector.output::logit_concept::target_0,raw_yes_minus_no,projector.output,selector_effect_by_target,logit_concept,0,attribute_id,96,-0.02697299445618626,-0.026881529569694765,-9.146488649149423e-05
selector_effect::raw_yes_minus_no::projector.output::logit_concept::target_0,raw_yes_minus_no,projector.output,selector_effect_by_target,logit_concept,0,class_id,104,-0.02399323776019911,-0.025038119522982804,0.0010448817627836948
selector_effect::raw_yes_minus_no::projector.output::logit_concept::target_0,raw_yes_minus_no,projector.output,selector_effect_by_target,logit_concept,0,class_id,108,-0.017225015120265943,-0.025038119522982804,0.007813104402716861
selector_effect::raw_yes_minus_no::projector.output::logit_concept::target_0,raw_yes_minus_no,projector.output,selector_effect_by_target,logit_concept,0,class_id,11,-0.024706609731794765,-0.025038119522982804,0.00033150979118803936
selector_effect::raw_yes_minus_no::projector.output::logit_concept::target_0,raw_yes_minus_no,projector.output,selector_effect_by_target,logit_concept,0,class_id,123,-0.023844550612642717,-0.025038119522982804,0.001193568910340087
selector_effect::raw_yes_minus_no::projector.output::logit_concept::target_0,raw_yes_minus_no,projector.output,selector_effect_by_target,logit_concept,0,class_id,125,-0.027920699644075467,-0.025038119522982804,-0.002882580121092663
selector_effect::raw_yes_minus_no::projector.output::logit_concept::target_0,raw_yes_minus_no,projector.output,selector_effect_by_target,logit_concept,0,class_id,130,-0.027767267017369812,-0.025038119522982804,-0.0027291474943870082
selector_effect::raw_yes_minus_no::projector.output::logit_concept::target_0,raw_yes_minus_no,projector.output,selector_effect_by_target,logit_concept,0,class_id,131,-0.025686598766882483,-0.025038119522982804,-0.0006484792438996786
selector_effect::raw_yes_minus_no::projector.output::logit_concept::target_0,raw_yes_minus_no,projector.output,selector_effect_by_target,logit_concept,0,class_id,150,-0.02445076177857839,-0.025038119522982804,0.0005873577444044133
selector_effect::raw_yes_minus_no::projector.output::logit_concept::target_0,raw_yes_minus_no,projector.output,selector_effect_by_target,logit_concept,0,class_id,159,-0.022138340099380396,-0.025038119522982804,0.0028997794236024083
selector_effect::raw_yes_minus_no::projector.output::logit_concept::target_0,raw_yes_minus_no,projector.output,selector_effect_by_target,logit_concept,0,class_id,194,-0.03013224249860763,-0.025038119522982804,-0.005094122975624827
selector_effect::raw_yes_minus_no::projector.output::logit_concept::target_0,raw_yes_minus_no,projector.output,selector_effect_by_target,logit_concept,0,class_id,195,-0.022399735776072127,-0.025038119522982804,0.0026383837469106768
selector_effect::raw_yes_minus_no::projector.output::logit_concept::target_0,raw_yes_minus_no,projector.output,selector_effect_by_target,logit_concept,0,class_id,25,-0.020268104614835702,-0.025038119522982804,0.004770014908147102
selector_effect::raw_yes_minus_no::projector.output::logit_concept::target_0,raw_yes_minus_no,projector.output,selector_effect_by_target,logit_concept,0,class_id,36,-0.02874421024349067,-0.025038119522982804,-0.0037060907205078673
selector_effect::raw_yes_minus_no::projector.output::logit_concept::target_0,raw_yes_minus_no,projector.output,selector_effect_by_target,logit_concept,0,class_id,56,-0.012103432953042328,-0.025038119522982804,0.012934686569940476
selector_effect::raw_yes_minus_no::projector.output::logit_concept::target_0,raw_yes_minus_no,projector.output,selector_effect_by_target,logit_concept,0,class_id,65,-0.025984707319514064,-0.025038119522982804,-0.0009465877965312598
selector_effect::raw_yes_minus_no::projector.output::logit_concept::target_0,raw_yes_minus_no,projector.output,selector_effect_by_target,logit_concept,0,class_id,67,-0.029347769923941797,-0.025038119522982804,-0.004309650400958993
selector_effect::raw_yes_minus_no::projector.output::logit_concept::target_0,raw_yes_minus_no,projector.output,selector_effect_by_target,logit_concept,0,class_id,73,-0.02539403793772626,-0.025038119522982804,-0.00035591841474345506
selector_effect::raw_yes_minus_no::projector.output::logit_concept::target_0,raw_yes_minus_no,projector.output,selector_effect_by_target,logit_concept,0,class_id,78,-0.022064751179163185,-0.025038119522982804,0.002973368343819619
selector_effect::raw_yes_minus_no::projector.output::logit_concept::target_0,raw_yes_minus_no,projector.output,selector_effect_by_target,logit_concept,0,class_id,92,-0.025814808288081314,-0.025038119522982804,-0.0007766887650985099
selector_effect::raw_yes_minus_no::projector.output::logit_concept::target_0,raw_yes_minus_no,projector.output,selector_effect_by_target,logit_concept,0,class_id,99,-0.04077550919399192,-0.025038119522982804,-0.015737389671009117
selector_effect::raw_yes_minus_no::projector.output::logit_concept::target_1,raw_yes_minus_no,projector.output,selector_effect_by_target,logit_concept,1,attribute_id,100,-0.025044166205381104,-0.024631810453892088,-0.0004123557514890165
selector_effect::raw_yes_minus_no::projector.output::logit_concept::target_1,raw_yes_minus_no,projector.output,selector_effect_by_target,logit_concept,1,attribute_id,101,-0.019811527316492217,-0.024631810453892088,0.004820283137399871
selector_effect::raw_yes_minus_no::projector.output::logit_concept::target_1,raw_yes_minus_no,projector.output,selector_effect_by_target,logit_concept,1,attribute_id,102,-0.025018124538714437,-0.024631810453892088,-0.00038631408482234925
selector_effect::raw_yes_minus_no::projector.output::logit_concept::target_1,raw_yes_minus_no,projector.output,selector_effect_by_target,logit_concept,1,attribute_id,103,-0.025140892395857293,-0.024631810453892088,-0.0005090819419652053
selector_effect::raw_yes_minus_no::projector.output::logit_concept::target_1,raw_yes_minus_no,projector.output,selector_effect_by_target,logit_concept,1,attribute_id,104,-0.021212320967285866,-0.024631810453892088,0.003419489486606222
selector_effect::raw_yes_minus_no::projector.output::logit_concept::target_1,raw_yes_minus_no,projector.output,selector_effect_by_target,logit_concept,1,attribute_id,105,-0.02335145787204777,-0.024631810453892088,0.0012803525818443177
selector_effect::raw_yes_minus_no::projector.output::logit_concept::target_1,raw_yes_minus_no,projector.output,selector_effect_by_target,logit_concept,1,attribute_id,107,-0.029262916205381104,-0.024631810453892088,-0.004631105751489017
selector_effect::raw_yes_minus_no::projector.output::logit_concept::target_1,raw_yes_minus_no,projector.output,selector_effect_by_target,logit_concept,1,attribute_id,111,-0.02356268472389962,-0.024631810453892088,0.0010691257299924664
selector_effect::raw_yes_minus_no::projector.output::logit_concept::target_1,raw_yes_minus_no,projector.output,selector_effect_by_target,logit_concept,1,attribute_id,117,-0.024625570526368757,-0.024631810453892088,6.239927523330607e-06
selector_effect::raw_yes_minus_no::projector.output::logit_concept::target_1,raw_yes_minus_no,projector.output,selector_effect_by_target,logit_concept,1,attribute_id,118,-0.027592777316492217,-0.024631810453892088,-0.002960966862600129
selector_effect::raw_yes_minus_no::projector.output::logit_concept::target_1,raw_yes_minus_no,projector.output,selector_effect_by_target,logit_concept,1,attribute_id,120,-0.02766708287204777,-0.024631810453892088,-0.0030352724181556823
selector_effect::raw_yes_minus_no::projector.output::logit_concept::target_1,raw_yes_minus_no,projector.output,selector_effect_by_target,logit_concept,1,attribute_id,2,-0.014540693983158883,-0.024631810453892088,0.010091116470733205
selector_effect::raw_yes_minus_no::projector.output::logit_concept::target_1,raw_yes_minus_no,projector.output,selector_effect_by_target,logit_concept,1,attribute_id,294,-0.01697124953871444,-0.024631810453892088,0.007660560915177649
selector_effect::raw_yes_minus_no::projector.output::logit_concept::target_1,raw_yes_minus_no,projector.output,selector_effect_by_target,logit_concept,1,attribute_id,295,-0.02619347176093666,-0.024631810453892088,-0.0015616613070445727
selector_effect::raw_yes_minus_no::projector.output::logit_concept::target_1,raw_yes_minus_no,projector.output,selector_effect_by_target,logit_concept,1,attribute_id,299,-0.025530277316492215,-0.024631810453892088,-0.0008984668626001273
selector_effect::raw_yes_minus_no::projector.output::logit_concept::target_1,raw_yes_minus_no,projector.output,selector_effect_by_target,logit_concept,1,attribute_id,305,-0.023905126350308642,-0.024631810453892088,0.0007266841035834457
selector_effect::raw_yes_minus_no::projector.output::logit_concept::target_1,raw_yes_minus_no,projector.output,selector_effect_by_target,logit_concept,1,attribute_id,306,-0.025137916205381104,-0.024631810453892088,-0.0005061057514890166
selector_effect::raw_yes_minus_no::projector.output::logit_concept::target_1,raw_yes_minus_no,projector.output,selector_effect_by_target,logit_concept,1,attribute_id,308,-0.029256405788714437,-0.024631810453892088,-0.004624595334822349
selector_effect::raw_yes_minus_no::projector.output::logit_concept::target_1,raw_yes_minus_no,projector.output,selector_effect_by_target,logit_concept,1,attribute_id,309,-0.02632310139056629,-0.024631810453892088,-0.0016912909366742016
selector_effect::raw_yes_minus_no::projector.output::logit_concept::target_1,raw_yes_minus_no,projector.output,selector_effect_by_target,logit_concept,1,attribute_id,310,-0.023191487633952533,-0.024631810453892088,0.0014403228199395546
selector_effect::raw_yes_minus_no::projector.output::logit_concept::target_1,raw_yes_minus_no,projector.output,selector_effect_by_target,logit_concept,1,attribute_id,311,-0.03287294224704777,-0.024631810453892088,-0.008241131793155686
selector_effect::raw_yes_minus_no::projector.output::logit_concept::target_1,raw_yes_minus_no,projector.output,selector_effect_by_target,logit_concept,1,attribute_id,312,-0.028251011443476342,-0.024631810453892088,-0.0036192009895842543
selector_effect::raw_yes_minus_no::projector.output::logit_concept::target_1,raw_yes_minus_no,projector.output,selector_effect_by_target,logit_concept,1,attribute_id,5,-0.02235319398315888,-0.024631810453892088,0.0022786164707332066
selector_effect::raw_yes_minus_no::projector.output::logit_concept::target_1,raw_yes_minus_no,projector.output,selector_effect_by_target,logit_concept,1,attribute_id,7,-0.02276366025300015,-0.024631810453892088,0.0018681502008919375
selector_effect::raw_yes_minus_no::projector.output::logit_concept::target_1,raw_yes_minus_no,projector.output,selector_effect_by_target,logit_concept,1,attribute_id,8,-0.02238270787204777,-0.024631810453892088,0.0022491025818443186
selector_effect::raw_yes_minus_no::projector.output::logit_concept::target_1,raw_yes_minus_no,projector.output,selector_effect_by_target,logit_concept,1,attribute_id,96,-0.028464305094269993,-0.024631810453892088,-0.0038324946403779057
selector_effect::raw_yes_minus_no::projector.output::logit_concept::target_1,raw_yes_minus_no,projector.output,selector_effect_by_target,logit_concept,1,class_id,104,-0.0003058862433862437,-0.0007761605076058204,0.00047027426421957663
selector_effect::raw_yes_minus_no::projector.output::logit_concept::target_1,raw_yes_minus_no,projector.output,selector_effect_by_target,logit_concept,1,class_id,108,0.001410236746379838,-0.0007761605076058204,0.0021863972539856585
selector_effect::raw_yes_minus_no::projector.output::logit_concept::target_1,raw_yes_minus_no,projector.output,selector_effect_by_target,logit_concept,1,class_id,11,0.00028437521755778316,-0.0007761605076058204,0.0010605357251636035
selector_effect::raw_yes_minus_no::projector.output::logit_concept::target_1,raw_yes_minus_no,projector.output,selector_effect_by_target,logit_concept,1,class_id,123,0.0032746389628585354,-0.0007761605076058204,0.004050799470464356
selector_effect::raw_yes_minus_no::projector.output::logit_concept::target_1,raw_yes_minus_no,projector.output,selector_effect_by_target,logit_concept,1,class_id,125,0.000909309950222779,-0.0007761605076058204,0.0016854704578285994
selector_effect::raw_yes_minus_no::projector.output::logit_concept::target_1,raw_yes_minus_no,projector.output,selector_effect_by_target,logit_concept,1,class_id,130,-0.00046522012496519083,-0.0007761605076058204,0.0003109403826406295
selector_effect::raw_yes_minus_no::projector.output::logit_concept::target_1,raw_yes_minus_no,projector.output,selector_effect_by_target,logit_concept,1,class_id,131,-0.009892433992968531,-0.0007761605076058204,-0.009116273485362711
selector_effect::raw_yes_minus_no::projector.output::logit_concept::target_1,raw_yes_minus_no,projector.output,selector_effect_by_target,logit_concept,1,class_id,150,-0.0016357081940963523,-0.0007761605076058204,-0.000859547686490532
selector_effect::raw_yes_minus_no::projector.output::logit_concept::target_1,raw_yes_minus_no,projector.output,selector_effect_by_target,logit_concept,1,class_id,159,-0.0016889418642091342,-0.0007761605076058204,-0.0009127813566033138
selector_effect::raw_yes_minus_no::projector.output::logit_concept::target_1,raw_yes_minus_no,projector.output,selector_effect_by_target,logit_concept,1,class_id,194,-0.0015622824422166532,-0.0007761605076058204,-0.0007861219346108328
selector_effect::raw_yes_minus_no::projector.output::logit_concept::target_1,raw_yes_minus_no,projector.output,selector_effect_by_target,logit_concept,1,class_id,195,-0.00022307831209969386,-0.0007761605076058204,0.0005530821955061265
selector_effect::raw_yes_minus_no::projector.output::logit_concept::target_1,raw_yes_minus_no,projector.output,selector_effect_by_target,logit_concept,1,class_id,25,-0.0019972620352965748,-0.0007761605076058204,-0.0012211015276907544
selector_effect::raw_yes_minus_no::projector.output::logit_concept::target_1,raw_yes_minus_no,projector.output,selector_effect_by_target,logit_concept,1,class_id,36,0.0005819942651768309,-0.0007761605076058204,0.0013581547727826511
selector_effect::raw_yes_minus_no::projector.output::logit_concept::target_1,raw_yes_minus_no,projector.output,selector_effect_by_target,logit_concept,1,class_id,56,0.002735163646964633,-0.0007761605076058204,0.0035113241545704534
selector_effect::raw_yes_minus_no::projector.output::logit_concept::target_1,raw_yes_minus_no,projector.output,selector_effect_by_target,logit_concept,1,class_id,65,-0.004653914517195768,-0.0007761605076058204,-0.003877754009589948
selector_effect::raw_yes_minus_no::projector.output::logit_concept::target_1,raw_yes_minus_no,projector.output,selector_effect_by_target,logit_concept,1,class_id,67,-0.003288685037245893,-0.0007761605076058204,-0.0025125245296400726
selector_effect::raw_yes_minus_no::projector.output::logit_concept::target_1,raw_yes_minus_no,projector.output,selector_effect_by_target,logit_concept,1,class_id,73,0.003251428266847675,-0.0007761605076058204,0.004027588774453495
selector_effect::raw_yes_minus_no::projector.output::logit_concept::target_1,raw_yes_minus_no,projector.output,selector_effect_by_target,logit_concept,1,class_id,78,-0.0017410333559593433,-0.0007761605076058204,-0.0009648728483535229
selector_effect::raw_yes_minus_no::projector.output::logit_concept::target_1,raw_yes_minus_no,projector.output,selector_effect_by_target,logit_concept,1,class_id,92,0.0009607079765385684,-0.0007761605076058204,0.0017368684841443888
selector_effect::raw_yes_minus_no::projector.output::logit_concept::target_1,raw_yes_minus_no,projector.output,selector_effect_by_target,logit_concept,1,class_id,99,-0.0014766190650236707,-0.0007761605076058204,-0.0007004585574178503
selector_target_difference::raw_yes_minus_no::projector.output::logit_concept,raw_yes_minus_no,projector.output,selector_target_difference,logit_concept,,attribute_id,100,0.0030428328804347855,0.0022497191158026785,0.000793113764632107
selector_target_difference::raw_yes_minus_no::projector.output::logit_concept,raw_yes_minus_no,projector.output,selector_target_difference,logit_concept,,attribute_id,101,0.0030063745471014523,0.0022497191158026785,0.0007566554312987738
selector_target_difference::raw_yes_minus_no::projector.output::logit_concept,raw_yes_minus_no,projector.output,selector_target_difference,logit_concept,,attribute_id,102,0.00615915232487923,0.0022497191158026785,0.0039094332090765516
selector_target_difference::raw_yes_minus_no::projector.output::logit_concept,raw_yes_minus_no,projector.output,selector_target_difference,logit_concept,,attribute_id,103,-0.0016781492624223574,0.0022497191158026785,-0.003927868378225036
selector_target_difference::raw_yes_minus_no::projector.output::logit_concept,raw_yes_minus_no,projector.output,selector_target_difference,logit_concept,,attribute_id,104,0.005286136451863357,0.0022497191158026785,0.0030364173360606784
selector_target_difference::raw_yes_minus_no::projector.output::logit_concept,raw_yes_minus_no,projector.output,selector_target_difference,logit_concept,,attribute_id,105,0.00801679121376812,0.0022497191158026785,0.005767072097965441
selector_target_difference::raw_yes_minus_no::projector.output::logit_concept,raw_yes_minus_no,projector.output,selector_target_difference,logit_concept,,attribute_id,107,-0.003515946881469977,0.0022497191158026785,-0.005765665997272656
selector_target_difference::raw_yes_minus_no::projector.output::logit_concept,raw_yes_minus_no,projector.output,selector_target_difference,logit_concept,,attribute_id,111,0.002183457880434786,0.0022497191158026785,-6.626123536789246e-05
selector_target_difference::raw_yes_minus_no::projector.output::logit_concept,raw_yes_minus_no,projector.output,selector_target_difference,logit_concept,,attribute_id,117,-0.0010746439714170667,0.0022497191158026785,-0.003324363087219745
selector_target_difference::raw_yes_minus_no::projector.output::logit_concept,raw_yes_minus_no,projector.output,selector_target_difference,logit_concept,,attribute_id,118,-0.0016533476751207702,0.0022497191158026785,-0.0039030667909234484
selector_target_difference::raw_yes_minus_no::projector.output::logit_concept,raw_yes_minus_no,projector.output,selector_target_difference,logit_concept,,attribute_id,120,-3.945878623188098e-05,0.0022497191158026785,-0.0022891779020345593
selector_target_difference::raw_yes_minus_no::projector.output::logit_concept,raw_yes_minus_no,projector.output,selector_target_difference,logit_concept,,attribute_id,2,0.014423041213768119,0.0022497191158026785,0.01217332209796544
selector_target_difference::raw_yes_minus_no::projector.output::logit_concept,raw_yes_minus_no,projector.output,selector_target_difference,logit_concept,,attribute_id,294,0.006714707880434786,0.0022497191158026785,0.004464988764632107
selector_target_difference::raw_yes_minus_no::projector.output::logit_concept,raw_yes_minus_no,projector.output,selector_target_difference,logit_concept,,attribute_id,295,-0.0014311254528985475,0.0022497191158026785,-0.003680844568701226
selector_target_difference::raw_yes_minus_no::projector.output::logit_concept,raw_yes_minus_no,projector.output,selector_target_difference,logit_concept,,attribute_id,299,0.0004357726952496005,0.0022497191158026785,-0.001813946420553078
selector_target_difference::raw_yes_minus_no::projector.output::logit_concept,raw_yes_minus_no,projector.output,selector_target_difference,logit_concept,,attribute_id,305,0.0027971354166666696,0.0022497191158026785,0.0005474163008639911
selector_target_difference::raw_yes_minus_no::projector.output::logit_concept,raw_yes_minus_no,projector.output,selector_target_difference,logit_concept,,attribute_id,306,0.0016522078804347856,0.0022497191158026785,-0.0005975112353678929
selector_target_difference::raw_yes_minus_no::projector.output::logit_concept,raw_yes_minus_no,projector.output,selector_target_difference,logit_concept,,attribute_id,308,-0.003858208786231882,0.0022497191158026785,-0.006107927902034561
selector_target_difference::raw_yes_minus_no::projector.output::logit_concept,raw_yes_minus_no,projector.output,selector_target_difference,logit_concept,,attribute_id,309,0.0010897078804347857,0.0022497191158026785,-0.0011600112353678928
selector_target_difference::raw_yes_minus_no::projector.output::logit_concept,raw_yes_minus_no,projector.output,selector_target_difference,logit_concept,,attribute_id,310,0.004006374547101453,0.0022497191158026785,0.0017566554312987742
selector_target_difference::raw_yes_minus_no::projector.output::logit_concept,raw_yes_minus_no,projector.output,selector_target_difference,logit_concept,,attribute_id,311,-0.0030313858695652143,0.0022497191158026785,-0.005281104985367893
selector_target_difference::raw_yes_minus_no::projector.output::logit_concept,raw_yes_minus_no,projector.output,selector_target_difference,logit_concept,,attribute_id,312,0.003850124547101452,0.0022497191158026785,0.0016004054312987737
selector_target_difference::raw_yes_minus_no::projector.output::logit_concept,raw_yes_minus_no,projector.output,selector_target_difference,logit_concept,,attribute_id,5,0.005464707880434786,0.0022497191158026785,0.0032149887646321074
selector_target_difference::raw_yes_minus_no::projector.output::logit_concept,raw_yes_minus_no,projector.output,selector_target_difference,logit_concept,,attribute_id,7,0.0027042912137681193,0.0022497191158026785,0.00045457209796544076
selector_target_difference::raw_yes_minus_no::projector.output::logit_concept,raw_yes_minus_no,projector.output,selector_target_difference,logit_concept,,attribute_id,8,0.005433457880434786,0.0022497191158026785,0.0031837387646321074
selector_target_difference::raw_yes_minus_no::projector.output::logit_concept,raw_yes_minus_no,projector.output,selector_target_difference,logit_concept,,attribute_id,96,-0.001491310638083733,0.0022497191158026785,-0.0037410297538864115
selector_target_difference::raw_yes_minus_no::projector.output::logit_concept,raw_yes_minus_no,projector.output,selector_target_difference,logit_concept,,class_id,104,0.023687351516812862,0.024261959015376984,-0.0005746074985641218
selector_target_difference::raw_yes_minus_no::projector.output::logit_concept,raw_yes_minus_no,projector.output,selector_target_difference,logit_concept,,class_id,108,0.01863525186664578,0.024261959015376984,-0.005626707148731203
selector_target_difference::raw_yes_minus_no::projector.output::logit_concept,raw_yes_minus_no,projector.output,selector_target_difference,logit_concept,,class_id,11,0.024990984949352545,0.024261959015376984,0.0007290259339755613
selector_target_difference::raw_yes_minus_no::projector.output::logit_concept,raw_yes_minus_no,projector.output,selector_target_difference,logit_concept,,class_id,123,0.027119189575501253,0.024261959015376984,0.0028572305601242687
selector_target_difference::raw_yes_minus_no::projector.output::logit_concept,raw_yes_minus_no,projector.output,selector_target_difference,logit_concept,,class_id,125,0.028830009594298243,0.024261959015376984,0.004568050578921259
selector_target_difference::raw_yes_minus_no::projector.output::logit_concept,raw_yes_minus_no,projector.output,selector_target_difference,logit_concept,,class_id,130,0.027302046892404622,0.024261959015376984,0.0030400878770276384
selector_target_difference::raw_yes_minus_no::projector.output::logit_concept,raw_yes_minus_no,projector.output,selector_target_difference,logit_concept,,class_id,131,0.01579416477391395,0.024261959015376984,-0.008467794241463034
selector_target_difference::raw_yes_minus_no::projector.output::logit_concept,raw_yes_minus_no,projector.output,selector_target_difference,logit_concept,,class_id,150,0.022815053584482037,0.024261959015376984,-0.0014469054308949465
selector_target_difference::raw_yes_minus_no::projector.output::logit_concept,raw_yes_minus_no,projector.output,selector_target_difference,logit_concept,,class_id,159,0.02044939823517126,0.024261959015376984,-0.0038125607802057225
selector_target_difference::raw_yes_minus_no::projector.output::logit_concept,raw_yes_minus_no,projector.output,selector_target_difference,logit_concept,,class_id,194,0.028569960056390977,0.024261959015376984,0.004308001041013993
selector_target_difference::raw_yes_minus_no::projector.output::logit_concept,raw_yes_minus_no,projector.output,selector_target_difference,logit_concept,,class_id,195,0.02217665746397243,0.024261959015376984,-0.002085301551404555
selector_target_difference::raw_yes_minus_no::projector.output::logit_concept,raw_yes_minus_no,projector.output,selector_target_difference,logit_concept,,class_id,25,0.018270842579539124,0.024261959015376984,-0.00599111643583786
selector_target_difference::raw_yes_minus_no::projector.output::logit_concept,raw_yes_minus_no,projector.output,selector_target_difference,logit_concept,,class_id,36,0.0293262045086675,0.024261959015376984,0.0050642454932905145
selector_target_difference::raw_yes_minus_no::projector.output::logit_concept,raw_yes_minus_no,projector.output,selector_target_difference,logit_concept,,class_id,56,0.014838596600006958,0.024261959015376984,-0.009423362415370026
selector_target_difference::raw_yes_minus_no::projector.output::logit_concept,raw_yes_minus_no,projector.output,selector_target_difference,logit_concept,,class_id,65,0.021330792802318293,0.024261959015376984,-0.002931166213058691
selector_target_difference::raw_yes_minus_no::projector.output::logit_concept,raw_yes_minus_no,projector.output,selector_target_difference,logit_concept,,class_id,67,0.026059084886695904,0.024261959015376984,0.00179712587131892
selector_target_difference::raw_yes_minus_no::projector.output::logit_concept,raw_yes_minus_no,projector.output,selector_target_difference,logit_concept,,class_id,73,0.028645466204573932,0.024261959015376984,0.004383507189196948
selector_target_difference::raw_yes_minus_no::projector.output::logit_concept,raw_yes_minus_no,projector.output,selector_target_difference,logit_concept,,class_id,78,0.02032371782320384,0.024261959015376984,-0.003938241192173144
selector_target_difference::raw_yes_minus_no::projector.output::logit_concept,raw_yes_minus_no,projector.output,selector_target_difference,logit_concept,,class_id,92,0.02677551626461988,0.024261959015376984,0.0025135572492428968
selector_target_difference::raw_yes_minus_no::projector.output::logit_concept,raw_yes_minus_no,projector.output,selector_target_difference,logit_concept,,class_id,99,0.039298890128968256,0.024261959015376984,0.015036931113591272
selector_difference::raw_yes_minus_no::projector.output::target_0,raw_yes_minus_no,projector.output,selector_difference_by_target,vision_cls_attention_minus_logit_concept,0,attribute_id,100,0.13766390976655357,0.14029015095074596,-0.002626241184192385
selector_difference::raw_yes_minus_no::projector.output::target_0,raw_yes_minus_no,projector.output,selector_difference_by_target,vision_cls_attention_minus_logit_concept,0,attribute_id,101,0.12115175698877578,0.14029015095074596,-0.019138393961970174
selector_difference::raw_yes_minus_no::projector.output::target_0,raw_yes_minus_no,projector.output,selector_difference_by_target,vision_cls_attention_minus_logit_concept,0,attribute_id,102,0.16061529865544244,0.14029015095074596,0.020325147704696483
selector_difference::raw_yes_minus_no::projector.output::target_0,raw_yes_minus_no,projector.output,selector_difference_by_target,vision_cls_attention_minus_logit_concept,0,attribute_id,103,0.13576782841734722,0.14029015095074596,-0.004522322533398737
selector_difference::raw_yes_minus_no::projector.output::target_0,raw_yes_minus_no,projector.output,selector_difference_by_target,vision_cls_attention_minus_logit_concept,0,attribute_id,104,0.12035116175068054,0.14029015095074596,-0.019938989200065413
selector_difference::raw_yes_minus_no::projector.output::target_0,raw_yes_minus_no,projector.output,selector_difference_by_target,vision_cls_attention_minus_logit_concept,0,attribute_id,105,0.12871425698877578,0.14029015095074596,-0.011575893961970174
selector_difference::raw_yes_minus_no::projector.output::target_0,raw_yes_minus_no,projector.output,selector_difference_by_target,vision_cls_attention_minus_logit_concept,0,attribute_id,107,0.14278419746496626,0.14029015095074596,0.002494046514220305
selector_difference::raw_yes_minus_no::projector.output::target_0,raw_yes_minus_no,projector.output,selector_difference_by_target,vision_cls_attention_minus_logit_concept,0,attribute_id,111,0.15143416439618318,0.14029015095074596,0.011144013445437223
selector_difference::raw_yes_minus_no::projector.output::target_0,raw_yes_minus_no,projector.output,selector_difference_by_target,vision_cls_attention_minus_logit_concept,0,attribute_id,117,0.15123354711223258,0.14029015095074596,0.010943396161486624
selector_difference::raw_yes_minus_no::projector.output::target_0,raw_yes_minus_no,projector.output,selector_difference_by_target,vision_cls_attention_minus_logit_concept,0,attribute_id,118,0.14825592365544246,0.14029015095074596,0.007965772704696505
selector_difference::raw_yes_minus_no::projector.output::target_0,raw_yes_minus_no,projector.output,selector_difference_by_target,vision_cls_attention_minus_logit_concept,0,attribute_id,120,0.14357259032210912,0.14029015095074596,0.0032824393713631606
selector_difference::raw_yes_minus_no::projector.output::target_0,raw_yes_minus_no,projector.output,selector_difference_by_target,vision_cls_attention_minus_logit_concept,0,attribute_id,2,0.13416564587766466,0.14029015095074596,-0.006124505073081293
selector_difference::raw_yes_minus_no::projector.output::target_0,raw_yes_minus_no,projector.output,selector_difference_by_target,vision_cls_attention_minus_logit_concept,0,attribute_id,294,0.13759446532210912,0.14029015095074596,-0.0026956856286368402
selector_difference::raw_yes_minus_no::projector.output::target_0,raw_yes_minus_no,projector.output,selector_difference_by_target,vision_cls_attention_minus_logit_concept,0,attribute_id,295,0.13659967365544246,0.14029015095074596,-0.0036904772953035014
selector_difference::raw_yes_minus_no::projector.output::target_0,raw_yes_minus_no,projector.output,selector_difference_by_target,vision_cls_attention_minus_logit_concept,0,attribute_id,299,0.15022467365544245,0.14029015095074596,0.009934522704696497
selector_difference::raw_yes_minus_no::projector.output::target_0,raw_yes_minus_no,projector.output,selector_difference_by_target,vision_cls_attention_minus_logit_concept,0,attribute_id,305,0.15232385843805116,0.14029015095074596,0.0120337074873052
selector_difference::raw_yes_minus_no::projector.output::target_0,raw_yes_minus_no,projector.output,selector_difference_by_target,vision_cls_attention_minus_logit_concept,0,attribute_id,306,0.14265175698877577,0.14029015095074596,0.0023616060380298176
selector_difference::raw_yes_minus_no::projector.output::target_0,raw_yes_minus_no,projector.output,selector_difference_by_target,vision_cls_attention_minus_logit_concept,0,attribute_id,308,0.13867519448877577,0.14029015095074596,-0.001614956461970185
selector_difference::raw_yes_minus_no::projector.output::target_0,raw_yes_minus_no,projector.output,selector_difference_by_target,vision_cls_attention_minus_logit_concept,0,attribute_id,309,0.15349434958136837,0.14029015095074596,0.013204198630622416
selector_difference::raw_yes_minus_no::projector.output::target_0,raw_yes_minus_no,projector.output,selector_difference_by_target,vision_cls_attention_minus_logit_concept,0,attribute_id,310,0.12670532841734722,0.14029015095074596,-0.013584822533398738
selector_difference::raw_yes_minus_no::projector.output::target_0,raw_yes_minus_no,projector.output,selector_difference_by_target,vision_cls_attention_minus_logit_concept,0,attribute_id,311,0.13942063719710912,0.14029015095074596,-0.0008695137536368358
selector_difference::raw_yes_minus_no::projector.output::target_0,raw_yes_minus_no,projector.output,selector_difference_by_target,vision_cls_attention_minus_logit_concept,0,attribute_id,312,0.13613241175068055,0.14029015095074596,-0.004157739200065402
selector_difference::raw_yes_minus_no::projector.output::target_0,raw_yes_minus_no,projector.output,selector_difference_by_target,vision_cls_attention_minus_logit_concept,0,attribute_id,5,0.14051981254433135,0.14029015095074596,0.00022966159358539517
selector_difference::raw_yes_minus_no::projector.output::target_0,raw_yes_minus_no,projector.output,selector_difference_by_target,vision_cls_attention_minus_logit_concept,0,attribute_id,7,0.14243449508401387,0.14029015095074596,0.002144344133267917
selector_difference::raw_yes_minus_no::projector.output::target_0,raw_yes_minus_no,projector.output,selector_difference_by_target,vision_cls_attention_minus_logit_concept,0,attribute_id,8,0.1444330069887758,0.14029015095074596,0.00414285603802983
selector_difference::raw_yes_minus_no::projector.output::target_0,raw_yes_minus_no,projector.output,selector_difference_by_target,vision_cls_attention_minus_logit_concept,0,attribute_id,96,0.130623979210998,0.14029015095074596,-0.009666171739747959
selector_difference::raw_yes_minus_no::projector.output::target_0,raw_yes_minus_no,projector.output,selector_difference_by_target,vision_cls_attention_minus_logit_concept,0,class_id,104,0.08557662602687274,0.08604419849537037,-0.000467572468497629
selector_difference::raw_yes_minus_no::projector.output::target_0,raw_yes_minus_no,projector.output,selector_difference_by_target,vision_cls_attention_minus_logit_concept,0,class_id,108,0.0845203829887218,0.08604419849537037,-0.0015238155066485681
selector_difference::raw_yes_minus_no::projector.output::target_0,raw_yes_minus_no,projector.output,selector_difference_by_target,vision_cls_attention_minus_logit_concept,0,class_id,11,0.08474773087231968,0.08604419849537037,-0.00129646762305069
selector_difference::raw_yes_minus_no::projector.output::target_0,raw_yes_minus_no,projector.output,selector_difference_by_target,vision_cls_attention_minus_logit_concept,0,class_id,123,0.0965721323708577,0.08604419849537037,0.010527933875487325
selector_difference::raw_yes_minus_no::projector.output::target_0,raw_yes_minus_no,projector.output,selector_difference_by_target,vision_cls_attention_minus_logit_concept,0,class_id,125,0.08406242385477583,0.08604419849537037,-0.0019817746405945413
selector_difference::raw_yes_minus_no::projector.output::target_0,raw_yes_minus_no,projector.output,selector_difference_by_target,vision_cls_attention_minus_logit_concept,0,class_id,130,0.07425682261208577,0.08604419849537037,-0.011787375883284601
selector_difference::raw_yes_minus_no::projector.output::target_0,raw_yes_minus_no,projector.output,selector_difference_by_target,vision_cls_attention_minus_logit_concept,0,class_id,131,0.09033640960038987,0.08604419849537037,0.004292211105019497
selector_difference::raw_yes_minus_no::projector.output::target_0,raw_yes_minus_no,projector.output,selector_difference_by_target,vision_cls_attention_minus_logit_concept,0,class_id,150,0.09083554154483431,0.08604419849537037,0.004791343049463936
selector_difference::raw_yes_minus_no::projector.output::target_0,raw_yes_minus_no,projector.output,selector_difference_by_target,vision_cls_attention_minus_logit_concept,0,class_id,159,0.07899180459830131,0.08604419849537037,-0.007052393897069062
selector_difference::raw_yes_minus_no::projector.output::target_0,raw_yes_minus_no,projector.output,selector_difference_by_target,vision_cls_attention_minus_logit_concept,0,class_id,194,0.09159651787889864,0.08604419849537037,0.005552319383528265
selector_difference::raw_yes_minus_no::projector.output::target_0,raw_yes_minus_no,projector.output,selector_difference_by_target,vision_cls_attention_minus_logit_concept,0,class_id,195,0.08186846238861041,0.08604419849537037,-0.004175736106759961
selector_difference::raw_yes_minus_no::projector.output::target_0,raw_yes_minus_no,projector.output,selector_difference_by_target,vision_cls_attention_minus_logit_concept,0,class_id,25,0.07678103679337232,0.08604419849537037,-0.009263161701998049
selector_difference::raw_yes_minus_no::projector.output::target_0,raw_yes_minus_no,projector.output,selector_difference_by_target,vision_cls_attention_minus_logit_concept,0,class_id,36,0.09863033778021442,0.08604419849537037,0.012586139284844047
selector_difference::raw_yes_minus_no::projector.output::target_0,raw_yes_minus_no,projector.output,selector_difference_by_target,vision_cls_attention_minus_logit_concept,0,class_id,56,0.07672963876705653,0.08604419849537037,-0.00931455972831384
selector_difference::raw_yes_minus_no::projector.output::target_0,raw_yes_minus_no,projector.output,selector_difference_by_target,vision_cls_attention_minus_logit_concept,0,class_id,65,0.09385203460038986,0.08604419849537037,0.007807836105019492
selector_difference::raw_yes_minus_no::projector.output::target_0,raw_yes_minus_no,projector.output,selector_difference_by_target,vision_cls_attention_minus_logit_concept,0,class_id,67,0.10201746771442495,0.08604419849537037,0.01597326921905458
selector_difference::raw_yes_minus_no::projector.output::target_0,raw_yes_minus_no,projector.output,selector_difference_by_target,vision_cls_attention_minus_logit_concept,0,class_id,73,0.09309032400880674,0.08604419849537037,0.007046125513436363
selector_difference::raw_yes_minus_no::projector.output::target_0,raw_yes_minus_no,projector.output,selector_difference_by_target,vision_cls_attention_minus_logit_concept,0,class_id,78,0.07844127462754108,0.08604419849537037,-0.007602923867829292
selector_difference::raw_yes_minus_no::projector.output::target_0,raw_yes_minus_no,projector.output,selector_difference_by_target,vision_cls_attention_minus_logit_concept,0,class_id,92,0.0806415996588694,0.08604419849537037,-0.005402598836500974
selector_difference::raw_yes_minus_no::projector.output::target_0,raw_yes_minus_no,projector.output,selector_difference_by_target,vision_cls_attention_minus_logit_concept,0,class_id,99,0.07733540122006405,0.08604419849537037,-0.008708797275306324
selector_difference::raw_yes_minus_no::projector.output::target_1,raw_yes_minus_no,projector.output,selector_difference_by_target,vision_cls_attention_minus_logit_concept,1,attribute_id,100,0.15716772813266813,0.158451207606198,-0.0012834794735298583
selector_difference::raw_yes_minus_no::projector.output::target_1,raw_yes_minus_no,projector.output,selector_difference_by_target,vision_cls_attention_minus_logit_concept,1,attribute_id,101,0.13894897813266813,0.158451207606198,-0.019502229473529864
selector_difference::raw_yes_minus_no::projector.output::target_1,raw_yes_minus_no,projector.output,selector_difference_by_target,vision_cls_attention_minus_logit_concept,1,attribute_id,102,0.17538821424377923,0.158451207606198,0.016937006637581242
selector_difference::raw_yes_minus_no::projector.output::target_1,raw_yes_minus_no,projector.output,selector_difference_by_target,vision_cls_attention_minus_logit_concept,1,attribute_id,103,0.15880711305330303,0.158451207606198,0.00035590544710503713
selector_difference::raw_yes_minus_no::projector.output::target_1,raw_yes_minus_no,projector.output,selector_difference_by_target,vision_cls_attention_minus_logit_concept,1,attribute_id,104,0.1378249701961602,0.158451207606198,-0.0206262374100378
selector_difference::raw_yes_minus_no::projector.output::target_1,raw_yes_minus_no,projector.output,selector_difference_by_target,vision_cls_attention_minus_logit_concept,1,attribute_id,105,0.1508048809104459,0.158451207606198,-0.007646326695752104
selector_difference::raw_yes_minus_no::projector.output::target_1,raw_yes_minus_no,projector.output,selector_difference_by_target,vision_cls_attention_minus_logit_concept,1,attribute_id,107,0.1635392559104459,0.158451207606198,0.005088048304247916
selector_difference::raw_yes_minus_no::projector.output::target_1,raw_yes_minus_no,projector.output,selector_difference_by_target,vision_cls_attention_minus_logit_concept,1,attribute_id,111,0.1710045336882237,0.158451207606198,0.012553326082025695
selector_difference::raw_yes_minus_no::projector.output::target_1,raw_yes_minus_no,projector.output,selector_difference_by_target,vision_cls_attention_minus_logit_concept,1,attribute_id,117,0.17545669418205084,0.158451207606198,0.01700548657585285
selector_difference::raw_yes_minus_no::projector.output::target_1,raw_yes_minus_no,projector.output,selector_difference_by_target,vision_cls_attention_minus_logit_concept,1,attribute_id,118,0.1751781447993348,0.158451207606198,0.01672693719313681
selector_difference::raw_yes_minus_no::projector.output::target_1,raw_yes_minus_no,projector.output,selector_difference_by_target,vision_cls_attention_minus_logit_concept,1,attribute_id,120,0.15988092257711256,0.158451207606198,0.0014297149709145696
selector_difference::raw_yes_minus_no::projector.output::target_1,raw_yes_minus_no,projector.output,selector_difference_by_target,vision_cls_attention_minus_logit_concept,1,attribute_id,2,0.1251017559104459,0.158451207606198,-0.0333494516957521
selector_difference::raw_yes_minus_no::projector.output::target_1,raw_yes_minus_no,projector.output,selector_difference_by_target,vision_cls_attention_minus_logit_concept,1,attribute_id,294,0.14411217257711256,0.158451207606198,-0.014339035029085428
selector_difference::raw_yes_minus_no::projector.output::target_1,raw_yes_minus_no,projector.output,selector_difference_by_target,vision_cls_attention_minus_logit_concept,1,attribute_id,295,0.152869117021557,0.158451207606198,-0.005582090584640986
selector_difference::raw_yes_minus_no::projector.output::target_1,raw_yes_minus_no,projector.output,selector_difference_by_target,vision_cls_attention_minus_logit_concept,1,attribute_id,299,0.165900367021557,0.158451207606198,0.007449159415359008
selector_difference::raw_yes_minus_no::projector.output::target_1,raw_yes_minus_no,projector.output,selector_difference_by_target,vision_cls_attention_minus_logit_concept,1,attribute_id,305,0.1646715022872575,0.158451207606198,0.006220294681059502
selector_difference::raw_yes_minus_no::projector.output::target_1,raw_yes_minus_no,projector.output,selector_difference_by_target,vision_cls_attention_minus_logit_concept,1,attribute_id,306,0.15792467257711257,0.158451207606198,-0.0005265350290854232
selector_difference::raw_yes_minus_no::projector.output::target_1,raw_yes_minus_no,projector.output,selector_difference_by_target,vision_cls_attention_minus_logit_concept,1,attribute_id,308,0.15383873507711257,0.158451207606198,-0.004612472529085421
selector_difference::raw_yes_minus_no::projector.output::target_1,raw_yes_minus_no,projector.output,selector_difference_by_target,vision_cls_attention_minus_logit_concept,1,attribute_id,309,0.1671156447993348,0.158451207606198,0.00866443719313681
selector_difference::raw_yes_minus_no::projector.output::target_1,raw_yes_minus_no,projector.output,selector_difference_by_target,vision_cls_attention_minus_logit_concept,1,attribute_id,310,0.16120294638663638,0.158451207606198,0.002751738780438384
selector_difference::raw_yes_minus_no::projector.output::target_1,raw_yes_minus_no,projector.output,selector_difference_by_target,vision_cls_attention_minus_logit_concept,1,attribute_id,311,0.15865969861877924,0.158451207606198,0.0002084910125812467
selector_difference::raw_yes_minus_no::projector.output::target_1,raw_yes_minus_no,projector.output,selector_difference_by_target,vision_cls_attention_minus_logit_concept,1,attribute_id,312,0.16426842257711258,0.158451207606198,0.005817214970914586
selector_difference::raw_yes_minus_no::projector.output::target_1,raw_yes_minus_no,projector.output,selector_difference_by_target,vision_cls_attention_minus_logit_concept,1,attribute_id,5,0.16263647813266813,0.158451207606198,0.004185270526470136
selector_difference::raw_yes_minus_no::projector.output::target_1,raw_yes_minus_no,projector.output,selector_difference_by_target,vision_cls_attention_minus_logit_concept,1,attribute_id,7,0.16409357138663638,0.158451207606198,0.005642363780438392
selector_difference::raw_yes_minus_no::projector.output::target_1,raw_yes_minus_no,projector.output,selector_difference_by_target,vision_cls_attention_minus_logit_concept,1,attribute_id,8,0.15884654757711256,0.158451207606198,0.0003953399709145655
selector_difference::raw_yes_minus_no::projector.output::target_1,raw_yes_minus_no,projector.output,selector_difference_by_target,vision_cls_attention_minus_logit_concept,1,attribute_id,96,0.15448832998451997,0.158451207606198,-0.003962877621678018
selector_difference::raw_yes_minus_no::projector.output::target_1,raw_yes_minus_no,projector.output,selector_difference_by_target,vision_cls_attention_minus_logit_concept,1,class_id,104,0.10053870026629072,0.09580337766617063,0.004735322600120093
selector_difference::raw_yes_minus_no::projector.output::target_1,raw_yes_minus_no,projector.output,selector_difference_by_target,vision_cls_attention_minus_logit_concept,1,class_id,108,0.09515761245561821,0.09580337766617063,-0.0006457652105524153
selector_difference::raw_yes_minus_no::projector.output::target_1,raw_yes_minus_no,projector.output,selector_difference_by_target,vision_cls_attention_minus_logit_concept,1,class_id,11,0.09577907986111112,0.09580337766617063,-2.4297805059511624e-05
selector_difference::raw_yes_minus_no::projector.output::target_1,raw_yes_minus_no,projector.output,selector_difference_by_target,vision_cls_attention_minus_logit_concept,1,class_id,123,0.0964535769762949,0.09580337766617063,0.0006501993101242776
selector_difference::raw_yes_minus_no::projector.output::target_1,raw_yes_minus_no,projector.output,selector_difference_by_target,vision_cls_attention_minus_logit_concept,1,class_id,125,0.09269322666475216,0.09580337766617063,-0.003110151001418468
selector_difference::raw_yes_minus_no::projector.output::target_1,raw_yes_minus_no,projector.output,selector_difference_by_target,vision_cls_attention_minus_logit_concept,1,class_id,130,0.08343657809889307,0.09580337766617063,-0.012366799567277556
selector_difference::raw_yes_minus_no::projector.output::target_1,raw_yes_minus_no,projector.output,selector_difference_by_target,vision_cls_attention_minus_logit_concept,1,class_id,131,0.09618230961518379,0.09580337766617063,0.00037893194901315874
selector_difference::raw_yes_minus_no::projector.output::target_1,raw_yes_minus_no,projector.output,selector_difference_by_target,vision_cls_attention_minus_logit_concept,1,class_id,150,0.08871980569914369,0.09580337766617063,-0.0070835719670269415
selector_difference::raw_yes_minus_no::projector.output::target_1,raw_yes_minus_no,projector.output,selector_difference_by_target,vision_cls_attention_minus_logit_concept,1,class_id,159,0.10003247049916458,0.09580337766617063,0.004229092832993955
selector_difference::raw_yes_minus_no::projector.output::target_1,raw_yes_minus_no,projector.output,selector_difference_by_target,vision_cls_attention_minus_logit_concept,1,class_id,194,0.09842995346439014,0.09580337766617063,0.0026265757982195104
selector_difference::raw_yes_minus_no::projector.output::target_1,raw_yes_minus_no,projector.output,selector_difference_by_target,vision_cls_attention_minus_logit_concept,1,class_id,195,0.08810523215591061,0.09580337766617063,-0.007698145510260018
selector_difference::raw_yes_minus_no::projector.output::target_1,raw_yes_minus_no,projector.output,selector_difference_by_target,vision_cls_attention_minus_logit_concept,1,class_id,25,0.09852323136400028,0.09580337766617063,0.0027198536978296495
selector_difference::raw_yes_minus_no::projector.output::target_1,raw_yes_minus_no,projector.output,selector_difference_by_target,vision_cls_attention_minus_logit_concept,1,class_id,36,0.10470100217992899,0.09580337766617063,0.008897624513758362
selector_difference::raw_yes_minus_no::projector.output::target_1,raw_yes_minus_no,projector.output,selector_difference_by_target,vision_cls_attention_minus_logit_concept,1,class_id,56,0.0827954353113687,0.09580337766617063,-0.013007942354801932
selector_difference::raw_yes_minus_no::projector.output::target_1,raw_yes_minus_no,projector.output,selector_difference_by_target,vision_cls_attention_minus_logit_concept,1,class_id,65,0.10376931097274436,0.09580337766617063,0.007965933306573733
selector_difference::raw_yes_minus_no::projector.output::target_1,raw_yes_minus_no,projector.output,selector_difference_by_target,vision_cls_attention_minus_logit_concept,1,class_id,67,0.10712649951702172,0.09580337766617063,0.01132312185085109
selector_difference::raw_yes_minus_no::projector.output::target_1,raw_yes_minus_no,projector.output,selector_difference_by_target,vision_cls_attention_minus_logit_concept,1,class_id,73,0.09468931932696324,0.09580337766617063,-0.0011140583392073855
selector_difference::raw_yes_minus_no::projector.output::target_1,raw_yes_minus_no,projector.output,selector_difference_by_target,vision_cls_attention_minus_logit_concept,1,class_id,78,0.09374302455357143,0.09580337766617063,-0.0020603531125991947
selector_difference::raw_yes_minus_no::projector.output::target_1,raw_yes_minus_no,projector.output,selector_difference_by_target,vision_cls_attention_minus_logit_concept,1,class_id,92,0.1043737680790518,0.09580337766617063,0.008570390412881171
selector_difference::raw_yes_minus_no::projector.output::target_1,raw_yes_minus_no,projector.output,selector_difference_by_target,vision_cls_attention_minus_logit_concept,1,class_id,99,0.09081741626200919,0.09580337766617063,-0.0049859614041614375
selector_difference_target_difference::raw_yes_minus_no::projector.output,raw_yes_minus_no,projector.output,selector_difference_target_difference,vision_cls_attention_minus_logit_concept,,attribute_id,100,0.019503818366114565,0.018161056655452038,0.0013427617106625267
selector_difference_target_difference::raw_yes_minus_no::projector.output,raw_yes_minus_no,projector.output,selector_difference_target_difference,vision_cls_attention_minus_logit_concept,,attribute_id,101,0.017797221143892344,0.018161056655452038,-0.00036383551155969376
selector_difference_target_difference::raw_yes_minus_no::projector.output,raw_yes_minus_no,projector.output,selector_difference_target_difference,vision_cls_attention_minus_logit_concept,,attribute_id,102,0.014772915588336788,0.018161056655452038,-0.00338814106711525
selector_difference_target_difference::raw_yes_minus_no::projector.output,raw_yes_minus_no,projector.output,selector_difference_target_difference,vision_cls_attention_minus_logit_concept,,attribute_id,103,0.023039284635955833,0.018161056655452038,0.004878227980503795
selector_difference_target_difference::raw_yes_minus_no::projector.output,raw_yes_minus_no,projector.output,selector_difference_target_difference,vision_cls_attention_minus_logit_concept,,attribute_id,104,0.01747380844547964,0.018161056655452038,-0.0006872482099723985
selector_difference_target_difference::raw_yes_minus_no::projector.output,raw_yes_minus_no,projector.output,selector_difference_target_difference,vision_cls_attention_minus_logit_concept,,attribute_id,105,0.02209062392167012,0.018161056655452038,0.003929567266218081
selector_difference_target_difference::raw_yes_minus_no::projector.output,raw_yes_minus_no,projector.output,selector_difference_target_difference,vision_cls_attention_minus_logit_concept,,attribute_id,107,0.020755058445479643,0.018161056655452038,0.0025940017900276044
selector_difference_target_difference::raw_yes_minus_no::projector.output,raw_yes_minus_no,projector.output,selector_difference_target_difference,vision_cls_attention_minus_logit_concept,,attribute_id,111,0.01957036929204049,0.018161056655452038,0.0014093126365884515
selector_difference_target_difference::raw_yes_minus_no::projector.output,raw_yes_minus_no,projector.output,selector_difference_target_difference,vision_cls_attention_minus_logit_concept,,attribute_id,117,0.02422314706981827,0.018161056655452038,0.0060620904143662314
selector_difference_target_difference::raw_yes_minus_no::projector.output,raw_yes_minus_no,projector.output,selector_difference_target_difference,vision_cls_attention_minus_logit_concept,,attribute_id,118,0.026922221143892342,0.018161056655452038,0.008761164488440304
selector_difference_target_difference::raw_yes_minus_no::projector.output,raw_yes_minus_no,projector.output,selector_difference_target_difference,vision_cls_attention_minus_logit_concept,,attribute_id,120,0.016308332255003454,0.018161056655452038,-0.001852724400448584
selector_difference_target_difference::raw_yes_minus_no::projector.output,raw_yes_minus_no,projector.output,selector_difference_target_difference,vision_cls_attention_minus_logit_concept,,attribute_id,2,-0.009063889967218774,0.018161056655452038,-0.02722494662267081
selector_difference_target_difference::raw_yes_minus_no::projector.output,raw_yes_minus_no,projector.output,selector_difference_target_difference,vision_cls_attention_minus_logit_concept,,attribute_id,294,0.00651770725500345,0.018161056655452038,-0.011643349400448588
selector_difference_target_difference::raw_yes_minus_no::projector.output,raw_yes_minus_no,projector.output,selector_difference_target_difference,vision_cls_attention_minus_logit_concept,,attribute_id,295,0.016269443366114564,0.018161056655452038,-0.0018916132893374744
selector_difference_target_difference::raw_yes_minus_no::projector.output,raw_yes_minus_no,projector.output,selector_difference_target_difference,vision_cls_attention_minus_logit_concept,,attribute_id,299,0.015675693366114563,0.018161056655452038,-0.002485363289337475
selector_difference_target_difference::raw_yes_minus_no::projector.output,raw_yes_minus_no,projector.output,selector_difference_target_difference,vision_cls_attention_minus_logit_concept,,attribute_id,305,0.012347643849206351,0.018161056655452038,-0.005813412806245687
selector_difference_target_difference::raw_yes_minus_no::projector.output,raw_yes_minus_no,projector.output,selector_difference_target_difference,vision_cls_attention_minus_logit_concept,,attribute_id,306,0.015272915588336787,0.018161056655452038,-0.002888141067115251
selector_difference_target_difference::raw_yes_minus_no::projector.output,raw_yes_minus_no,projector.output,selector_difference_target_difference,vision_cls_attention_minus_logit_concept,,attribute_id,308,0.015163540588336787,0.018161056655452038,-0.0029975160671152513
selector_difference_target_difference::raw_yes_minus_no::projector.output,raw_yes_minus_no,projector.output,selector_difference_target_difference,vision_cls_attention_minus_logit_concept,,attribute_id,309,0.013621295217966414,0.018161056655452038,-0.004539761437485624
selector_difference_target_difference::raw_yes_minus_no::projector.output,raw_yes_minus_no,projector.output,selector_difference_target_difference,vision_cls_attention_minus_logit_concept,,attribute_id,310,0.03449761796928917,0.018161056655452038,0.016336561313837133
selector_difference_target_difference::raw_yes_minus_no::projector.output,raw_yes_minus_no,projector.output,selector_difference_target_difference,vision_cls_attention_minus_logit_concept,,attribute_id,311,0.019239061421670117,0.018161056655452038,0.001078004766218079
selector_difference_target_difference::raw_yes_minus_no::projector.output,raw_yes_minus_no,projector.output,selector_difference_target_difference,vision_cls_attention_minus_logit_concept,,attribute_id,312,0.028136010826432026,0.018161056655452038,0.009974954170979988
selector_difference_target_difference::raw_yes_minus_no::projector.output,raw_yes_minus_no,projector.output,selector_difference_target_difference,vision_cls_attention_minus_logit_concept,,attribute_id,5,0.022116665588336786,0.018161056655452038,0.003955608932884748
selector_difference_target_difference::raw_yes_minus_no::projector.output,raw_yes_minus_no,projector.output,selector_difference_target_difference,vision_cls_attention_minus_logit_concept,,attribute_id,7,0.0216590763026225,0.018161056655452038,0.003498019647170461
selector_difference_target_difference::raw_yes_minus_no::projector.output,raw_yes_minus_no,projector.output,selector_difference_target_difference,vision_cls_attention_minus_logit_concept,,attribute_id,8,0.014413540588336785,0.018161056655452038,-0.0037475160671152537
selector_difference_target_difference::raw_yes_minus_no::projector.output,raw_yes_minus_no,projector.output,selector_difference_target_difference,vision_cls_attention_minus_logit_concept,,attribute_id,96,0.02386435077352197,0.018161056655452038,0.005703294118069933
selector_difference_target_difference::raw_yes_minus_no::projector.output,raw_yes_minus_no,projector.output,selector_difference_target_difference,vision_cls_attention_minus_logit_concept,,class_id,104,0.01496207423941799,0.009759179170800264,0.005202895068617725
selector_difference_target_difference::raw_yes_minus_no::projector.output,raw_yes_minus_no,projector.output,selector_difference_target_difference,vision_cls_attention_minus_logit_concept,,class_id,108,0.010637229466896408,0.009759179170800264,0.0008780502960961441
selector_difference_target_difference::raw_yes_minus_no::projector.output,raw_yes_minus_no,projector.output,selector_difference_target_difference,vision_cls_attention_minus_logit_concept,,class_id,11,0.011031348988791424,0.009759179170800264,0.0012721698179911593
selector_difference_target_difference::raw_yes_minus_no::projector.output,raw_yes_minus_no,projector.output,selector_difference_target_difference,vision_cls_attention_minus_logit_concept,,class_id,123,-0.00011855539456279663,0.009759179170800264,-0.009877734565363061
selector_difference_target_difference::raw_yes_minus_no::projector.output,raw_yes_minus_no,projector.output,selector_difference_target_difference,vision_cls_attention_minus_logit_concept,,class_id,125,0.008630802809976329,0.009759179170800264,-0.0011283763608239353
selector_difference_target_difference::raw_yes_minus_no::projector.output,raw_yes_minus_no,projector.output,selector_difference_target_difference,vision_cls_attention_minus_logit_concept,,class_id,130,0.009179755486807297,0.009759179170800264,-0.0005794236839929672
selector_difference_target_difference::raw_yes_minus_no::projector.output,raw_yes_minus_no,projector.output,selector_difference_target_difference,vision_cls_attention_minus_logit_concept,,class_id,131,0.0058459000147939285,0.009759179170800264,-0.003913279156006336
selector_difference_target_difference::raw_yes_minus_no::projector.output,raw_yes_minus_no,projector.output,selector_difference_target_difference,vision_cls_attention_minus_logit_concept,,class_id,150,-0.002115735845690615,0.009759179170800264,-0.01187491501649088
selector_difference_target_difference::raw_yes_minus_no::projector.output,raw_yes_minus_no,projector.output,selector_difference_target_difference,vision_cls_attention_minus_logit_concept,,class_id,159,0.02104066590086327,0.009759179170800264,0.011281486730063005
selector_difference_target_difference::raw_yes_minus_no::projector.output,raw_yes_minus_no,projector.output,selector_difference_target_difference,vision_cls_attention_minus_logit_concept,,class_id,194,0.006833435585491507,0.009759179170800264,-0.002925743585308757
selector_difference_target_difference::raw_yes_minus_no::projector.output,raw_yes_minus_no,projector.output,selector_difference_target_difference,vision_cls_attention_minus_logit_concept,,class_id,195,0.006236769767300195,0.009759179170800264,-0.003522409403500069
selector_difference_target_difference::raw_yes_minus_no::projector.output,raw_yes_minus_no,projector.output,selector_difference_target_difference,vision_cls_attention_minus_logit_concept,,class_id,25,0.021742194570627957,0.009759179170800264,0.011983015399827693
selector_difference_target_difference::raw_yes_minus_no::projector.output,raw_yes_minus_no,projector.output,selector_difference_target_difference,vision_cls_attention_minus_logit_concept,,class_id,36,0.0060706643997145635,0.009759179170800264,-0.003688514771085701
selector_difference_target_difference::raw_yes_minus_no::projector.output,raw_yes_minus_no,projector.output,selector_difference_target_difference,vision_cls_attention_minus_logit_concept,,class_id,56,0.00606579654431217,0.009759179170800264,-0.0036933826264880943
selector_difference_target_difference::raw_yes_minus_no::projector.output,raw_yes_minus_no,projector.output,selector_difference_target_difference,vision_cls_attention_minus_logit_concept,,class_id,65,0.009917276372354497,0.009759179170800264,0.00015809720155423278
selector_difference_target_difference::raw_yes_minus_no::projector.output,raw_yes_minus_no,projector.output,selector_difference_target_difference,vision_cls_attention_minus_logit_concept,,class_id,67,0.005109031802596769,0.009759179170800264,-0.004650147368203495
selector_difference_target_difference::raw_yes_minus_no::projector.output,raw_yes_minus_no,projector.output,selector_difference_target_difference,vision_cls_attention_minus_logit_concept,,class_id,73,0.0015989953181565026,0.009759179170800264,-0.008160183852643763
selector_difference_target_difference::raw_yes_minus_no::projector.output,raw_yes_minus_no,projector.output,selector_difference_target_difference,vision_cls_attention_minus_logit_concept,,class_id,78,0.015301749926030353,0.009759179170800264,0.005542570755230089
selector_difference_target_difference::raw_yes_minus_no::projector.output,raw_yes_minus_no,projector.output,selector_difference_target_difference,vision_cls_attention_minus_logit_concept,,class_id,92,0.0237321684201824,0.009759179170800264,0.013972989249382136
selector_difference_target_difference::raw_yes_minus_no::projector.output,raw_yes_minus_no,projector.output,selector_difference_target_difference,vision_cls_attention_minus_logit_concept,,class_id,99,0.01348201504194514,0.009759179170800264,0.0037228358711448757
selector_effect::correct_answer_margin::vision.late::vision_cls_attention::target_0,correct_answer_margin,vision.late,selector_effect_by_target,vision_cls_attention,0,attribute_id,100,-0.05893040858069023,-0.06239802908399702,0.0034676205033067897
selector_effect::correct_answer_margin::vision.late::vision_cls_attention::target_0,correct_answer_margin,vision.late,selector_effect_by_target,vision_cls_attention,0,attribute_id,101,-0.05232103358069023,-0.06239802908399702,0.01007699550330679
selector_effect::correct_answer_margin::vision.late::vision_cls_attention::target_0,correct_answer_margin,vision.late,selector_effect_by_target,vision_cls_attention,0,attribute_id,102,-0.07553631135846801,-0.06239802908399702,-0.013138282274470996
selector_effect::correct_answer_margin::vision.late::vision_cls_attention::target_0,correct_answer_margin,vision.late,selector_effect_by_target,vision_cls_attention,0,attribute_id,103,-0.06010600381878547,-0.06239802908399702,0.0022920252652115503
selector_effect::correct_answer_margin::vision.late::vision_cls_attention::target_0,correct_answer_margin,vision.late,selector_effect_by_target,vision_cls_attention,0,attribute_id,104,-0.048333310366404515,-0.06239802908399702,0.014064718717592503
selector_effect::correct_answer_margin::vision.late::vision_cls_attention::target_0,correct_answer_margin,vision.late,selector_effect_by_target,vision_cls_attention,0,attribute_id,105,-0.05069798670569023,-0.06239802908399702,0.01170004237830679
selector_effect::correct_answer_margin::vision.late::vision_cls_attention::target_0,correct_answer_margin,vision.late,selector_effect_by_target,vision_cls_attention,0,attribute_id,107,-0.06516180739021404,-0.06239802908399702,-0.0027637783062170254
selector_effect::correct_answer_margin::vision.late::vision_cls_attention::target_0,correct_answer_margin,vision.late,selector_effect_by_target,vision_cls_attention,0,attribute_id,111,-0.07106003821031986,-0.06239802908399702,-0.008662009126322846
selector_effect::correct_answer_margin::vision.late::vision_cls_attention::target_0,correct_answer_margin,vision.late,selector_effect_by_target,vision_cls_attention,0,attribute_id,117,-0.07361308604982603,-0.06239802908399702,-0.011215056965829008
selector_effect::correct_answer_margin::vision.late::vision_cls_attention::target_0,correct_answer_margin,vision.late,selector_effect_by_target,vision_cls_attention,0,attribute_id,118,-0.07070992246957912,-0.06239802908399702,-0.008311893385582102
selector_effect::correct_answer_margin::vision.late::vision_cls_attention::target_0,correct_answer_margin,vision.late,selector_effect_by_target,vision_cls_attention,0,attribute_id,120,-0.06457415858069022,-0.06239802908399702,-0.0021761294966932063
selector_effect::correct_answer_margin::vision.late::vision_cls_attention::target_0,correct_answer_margin,vision.late,selector_effect_by_target,vision_cls_attention,0,attribute_id,2,-0.05801026969180134,-0.06239802908399702,0.004387759392195677
selector_effect::correct_answer_margin::vision.late::vision_cls_attention::target_0,correct_answer_margin,vision.late,selector_effect_by_target,vision_cls_attention,0,attribute_id,294,-0.06379368983069023,-0.06239802908399702,-0.0013956607466932072
selector_effect::correct_answer_margin::vision.late::vision_cls_attention::target_0,correct_answer_margin,vision.late,selector_effect_by_target,vision_cls_attention,0,attribute_id,295,-0.06105974885846801,-0.06239802908399702,0.0013382802255290094
selector_effect::correct_answer_margin::vision.late::vision_cls_attention::target_0,correct_answer_margin,vision.late,selector_effect_by_target,vision_cls_attention,0,attribute_id,299,-0.06880888080291245,-0.06239802908399702,-0.006410851718915429
selector_effect::correct_answer_margin::vision.late::vision_cls_attention::target_0,correct_answer_margin,vision.late,selector_effect_by_target,vision_cls_attention,0,attribute_id,305,-0.07064462959518299,-0.06239802908399702,-0.008246600511185968
selector_effect::correct_answer_margin::vision.late::vision_cls_attention::target_0,correct_answer_margin,vision.late,selector_effect_by_target,vision_cls_attention,0,attribute_id,306,-0.06313874191402356,-0.06239802908399702,-0.000740712830026545
selector_effect::correct_answer_margin::vision.late::vision_cls_attention::target_0,correct_answer_margin,vision.late,selector_effect_by_target,vision_cls_attention,0,attribute_id,308,-0.061521554414023565,-0.06239802908399702,0.0008764746699734538
selector_effect::correct_answer_margin::vision.late::vision_cls_attention::target_0,correct_answer_margin,vision.late,selector_effect_by_target,vision_cls_attention,0,attribute_id,309,-0.07149261922883837,-0.06239802908399702,-0.009094590144841354
selector_effect::correct_answer_margin::vision.late::vision_cls_attention::target_0,correct_answer_margin,vision.late,selector_effect_by_target,vision_cls_attention,0,attribute_id,310,-0.05211493239021404,-0.06239802908399702,0.010283096693782981
selector_effect::correct_answer_margin::vision.late::vision_cls_attention::target_0,correct_answer_margin,vision.late,selector_effect_by_target,vision_cls_attention,0,attribute_id,311,-0.05974176925777356,-0.06239802908399702,0.002656259826223459
selector_effect::correct_answer_margin::vision.late::vision_cls_attention::target_0,correct_answer_margin,vision.late,selector_effect_by_target,vision_cls_attention,0,attribute_id,312,-0.054097819294975945,-0.06239802908399702,0.008300209789021074
selector_effect::correct_answer_margin::vision.late::vision_cls_attention::target_0,correct_answer_margin,vision.late,selector_effect_by_target,vision_cls_attention,0,attribute_id,5,-0.06274985302513468,-0.06239802908399702,-0.00035182394113766197
selector_effect::correct_answer_margin::vision.late::vision_cls_attention::target_0,correct_answer_margin,vision.late,selector_effect_by_target,vision_cls_attention,0,attribute_id,7,-0.06474607078307118,-0.06239802908399702,-0.0023480416990741618
selector_effect::correct_answer_margin::vision.late::vision_cls_attention::target_0,correct_answer_margin,vision.late,selector_effect_by_target,vision_cls_attention,0,attribute_id,8,-0.06380150233069024,-0.06239802908399702,-0.0014034732466932168
selector_effect::correct_answer_margin::vision.late::vision_cls_attention::target_0,correct_answer_margin,vision.late,selector_effect_by_target,vision_cls_attention,0,attribute_id,96,-0.055582607654764304,-0.06239802908399702,0.006815421429232714
selector_effect::correct_answer_margin::vision.late::vision_cls_attention::target_0,correct_answer_margin,vision.late,selector_effect_by_target,vision_cls_attention,0,class_id,104,-0.026919367283950616,-0.026463543388999117,-0.00045582389495149936
selector_effect::correct_answer_margin::vision.late::vision_cls_attention::target_0,correct_answer_margin,vision.late,selector_effect_by_target,vision_cls_attention,0,class_id,108,-0.03039580468822519,-0.026463543388999117,-0.003932261299226074
selector_effect::correct_answer_margin::vision.late::vision_cls_attention::target_0,correct_answer_margin,vision.late,selector_effect_by_target,vision_cls_attention,0,class_id,11,-0.02339072960903416,-0.026463543388999117,0.003072813779964958
selector_effect::correct_answer_margin::vision.late::vision_cls_attention::target_0,correct_answer_margin,vision.late,selector_effect_by_target,vision_cls_attention,0,class_id,123,-0.03526267428191428,-0.026463543388999117,-0.00879913089291516
selector_effect::correct_answer_margin::vision.late::vision_cls_attention::target_0,correct_answer_margin,vision.late,selector_effect_by_target,vision_cls_attention,0,class_id,125,-0.021656046220876263,-0.026463543388999117,0.004807497168122853
selector_effect::correct_answer_margin::vision.late::vision_cls_attention::target_0,correct_answer_margin,vision.late,selector_effect_by_target,vision_cls_attention,0,class_id,130,-0.016358496066555275,-0.026463543388999117,0.010105047322443841
selector_effect::correct_answer_margin::vision.late::vision_cls_attention::target_0,correct_answer_margin,vision.late,selector_effect_by_target,vision_cls_attention,0,class_id,131,-0.02945326958527685,-0.026463543388999117,-0.0029897261962777318
selector_effect::correct_answer_margin::vision.late::vision_cls_attention::target_0,correct_answer_margin,vision.late,selector_effect_by_target,vision_cls_attention,0,class_id,150,-0.03029234236488211,-0.026463543388999117,-0.0038287989758829938
selector_effect::correct_answer_margin::vision.late::vision_cls_attention::target_0,correct_answer_margin,vision.late,selector_effect_by_target,vision_cls_attention,0,class_id,159,-0.02313341314078019,-0.026463543388999117,0.003330130248218925
selector_effect::correct_answer_margin::vision.late::vision_cls_attention::target_0,correct_answer_margin,vision.late,selector_effect_by_target,vision_cls_attention,0,class_id,194,-0.023810551543427434,-0.026463543388999117,0.0026529918455716825
selector_effect::correct_answer_margin::vision.late::vision_cls_attention::target_0,correct_answer_margin,vision.late,selector_effect_by_target,vision_cls_attention,0,class_id,195,-0.025826873680149447,-0.026463543388999117,0.0006366697088496694
selector_effect::correct_answer_margin::vision.late::vision_cls_attention::target_0,correct_answer_margin,vision.late,selector_effect_by_target,vision_cls_attention,0,class_id,25,-0.024985210603186203,-0.026463543388999117,0.0014783327858129136
selector_effect::correct_answer_margin::vision.late::vision_cls_attention::target_0,correct_answer_margin,vision.late,selector_effect_by_target,vision_cls_attention,0,class_id,36,-0.03244470610300346,-0.026463543388999117,-0.00598116271400434
selector_effect::correct_answer_margin::vision.late::vision_cls_attention::target_0,correct_answer_margin,vision.late,selector_effect_by_target,vision_cls_attention,0,class_id,56,-0.029257433586860667,-0.026463543388999117,-0.0027938901978615503
selector_effect::correct_answer_margin::vision.late::vision_cls_attention::target_0,correct_answer_margin,vision.late,selector_effect_by_target,vision_cls_attention,0,class_id,65,-0.030638993497923046,-0.026463543388999117,-0.00417545010892393
selector_effect::correct_answer_margin::vision.late::vision_cls_attention::target_0,correct_answer_margin,vision.late,selector_effect_by_target,vision_cls_attention,0,class_id,67,-0.034629091627361226,-0.026463543388999117,-0.00816554823836211
selector_effect::correct_answer_margin::vision.late::vision_cls_attention::target_0,correct_answer_margin,vision.late,selector_effect_by_target,vision_cls_attention,0,class_id,73,-0.03181504628723139,-0.026463543388999117,-0.005351502898232274
selector_effect::correct_answer_margin::vision.late::vision_cls_attention::target_0,correct_answer_margin,vision.late,selector_effect_by_target,vision_cls_attention,0,class_id,78,-0.02384429679522881,-0.026463543388999117,0.002619246593770306
selector_effect::correct_answer_margin::vision.late::vision_cls_attention::target_0,correct_answer_margin,vision.late,selector_effect_by_target,vision_cls_attention,0,class_id,92,-0.026174860753953748,-0.026463543388999117,0.0002886826350453689
selector_effect::correct_answer_margin::vision.late::vision_cls_attention::target_0,correct_answer_margin,vision.late,selector_effect_by_target,vision_cls_attention,0,class_id,99,-0.008981660060161977,-0.026463543388999117,0.01748188332883714
selector_effect::correct_answer_margin::vision.late::vision_cls_attention::target_1,correct_answer_margin,vision.late,selector_effect_by_target,vision_cls_attention,1,attribute_id,100,0.09208735526416686,0.09395836109802369,-0.0018710058338568258
selector_effect::correct_answer_margin::vision.late::vision_cls_attention::target_1,correct_answer_margin,vision.late,selector_effect_by_target,vision_cls_attention,1,attribute_id,101,0.08037815387527797,0.09395836109802369,-0.013580207222745722
selector_effect::correct_answer_margin::vision.late::vision_cls_attention::target_1,correct_answer_margin,vision.late,selector_effect_by_target,vision_cls_attention,1,attribute_id,102,0.10677268512527797,0.09395836109802369,0.012814324027254284
selector_effect::correct_answer_margin::vision.late::vision_cls_attention::target_1,correct_answer_margin,vision.late,selector_effect_by_target,vision_cls_attention,1,attribute_id,103,0.0942568741133732,0.09395836109802369,0.0002985130153495136
selector_effect::correct_answer_margin::vision.late::vision_cls_attention::target_1,correct_answer_margin,vision.late,selector_effect_by_target,vision_cls_attention,1,attribute_id,104,0.07988931458956368,0.09395836109802369,-0.014069046508460012
selector_effect::correct_answer_margin::vision.late::vision_cls_attention::target_1,correct_answer_margin,vision.late,selector_effect_by_target,vision_cls_attention,1,attribute_id,105,0.08942893512527797,0.09395836109802369,-0.004529425972745721
selector_effect::correct_answer_margin::vision.late::vision_cls_attention::target_1,correct_answer_margin,vision.late,selector_effect_by_target,vision_cls_attention,1,attribute_id,107,0.09411364494670654,0.09395836109802369,0.00015528384868285228
selector_effect::correct_answer_margin::vision.late::vision_cls_attention::target_1,correct_answer_margin,vision.late,selector_effect_by_target,vision_cls_attention,1,attribute_id,111,0.10273839693083353,0.09395836109802369,0.00878003583280984
selector_effect::correct_answer_margin::vision.late::vision_cls_attention::target_1,correct_answer_margin,vision.late,selector_effect_by_target,vision_cls_attention,1,attribute_id,117,0.10673482825799402,0.09395836109802369,0.012776467159970328
selector_effect::correct_answer_margin::vision.late::vision_cls_attention::target_1,correct_answer_margin,vision.late,selector_effect_by_target,vision_cls_attention,1,attribute_id,118,0.10468891776416686,0.09395836109802369,0.01073055666614317
selector_effect::correct_answer_margin::vision.late::vision_cls_attention::target_1,correct_answer_margin,vision.late,selector_effect_by_target,vision_cls_attention,1,attribute_id,120,0.09350107054194463,0.09395836109802369,-0.0004572905560790569
selector_effect::correct_answer_margin::vision.late::vision_cls_attention::target_1,correct_answer_margin,vision.late,selector_effect_by_target,vision_cls_attention,1,attribute_id,2,0.07966113998638909,0.09395836109802369,-0.014297221111634603
selector_effect::correct_answer_margin::vision.late::vision_cls_attention::target_1,correct_answer_margin,vision.late,selector_effect_by_target,vision_cls_attention,1,attribute_id,294,0.0895396122086113,0.09395836109802369,-0.004418748889412391
selector_effect::correct_answer_margin::vision.late::vision_cls_attention::target_1,correct_answer_margin,vision.late,selector_effect_by_target,vision_cls_attention,1,attribute_id,295,0.08844586220861131,0.09395836109802369,-0.005512498889412382
selector_effect::correct_answer_margin::vision.late::vision_cls_attention::target_1,correct_answer_margin,vision.late,selector_effect_by_target,vision_cls_attention,1,attribute_id,299,0.0979915798012039,0.09395836109802369,0.004033218703180214
selector_effect::correct_answer_margin::vision.late::vision_cls_attention::target_1,correct_answer_margin,vision.late,selector_effect_by_target,vision_cls_attention,1,attribute_id,305,0.09969133322310406,0.09395836109802369,0.005732972125080366
selector_effect::correct_answer_margin::vision.late::vision_cls_attention::target_1,correct_answer_margin,vision.late,selector_effect_by_target,vision_cls_attention,1,attribute_id,306,0.09413596637527798,0.09395836109802369,0.00017760527725428632
selector_effect::correct_answer_margin::vision.late::vision_cls_attention::target_1,correct_answer_margin,vision.late,selector_effect_by_target,vision_cls_attention,1,attribute_id,308,0.08721702106277797,0.09395836109802369,-0.0067413400352457215
selector_effect::correct_answer_margin::vision.late::vision_cls_attention::target_1,correct_answer_margin,vision.late,selector_effect_by_target,vision_cls_attention,1,attribute_id,309,0.09960905665305575,0.09395836109802369,0.005650695555032059
selector_effect::correct_answer_margin::vision.late::vision_cls_attention::target_1,correct_answer_margin,vision.late,selector_effect_by_target,vision_cls_attention,1,attribute_id,310,0.09725538601813512,0.09395836109802369,0.003297024920111427
selector_effect::correct_answer_margin::vision.late::vision_cls_attention::target_1,correct_answer_margin,vision.late,selector_effect_by_target,vision_cls_attention,1,attribute_id,311,0.08745465127111131,0.09395836109802369,-0.006503709826912382
selector_effect::correct_answer_margin::vision.late::vision_cls_attention::target_1,correct_answer_margin,vision.late,selector_effect_by_target,vision_cls_attention,1,attribute_id,312,0.09481118958956368,0.09395836109802369,0.0008528284915399892
selector_effect::correct_answer_margin::vision.late::vision_cls_attention::target_1,correct_answer_margin,vision.late,selector_effect_by_target,vision_cls_attention,1,attribute_id,5,0.09978266776416686,0.09395836109802369,0.00582430666614317
selector_effect::correct_answer_margin::vision.late::vision_cls_attention::target_1,correct_answer_margin,vision.late,selector_effect_by_target,vision_cls_attention,1,attribute_id,7,0.09974887560146845,0.09395836109802369,0.005790514503444755
selector_effect::correct_answer_margin::vision.late::vision_cls_attention::target_1,correct_answer_margin,vision.late,selector_effect_by_target,vision_cls_attention,1,attribute_id,8,0.0959692997086113,0.09395836109802369,0.002010938610587612
selector_effect::correct_answer_margin::vision.late::vision_cls_attention::target_1,correct_answer_margin,vision.late,selector_effect_by_target,vision_cls_attention,1,attribute_id,96,0.08701357054194464,0.09395836109802369,-0.00694479055607905
selector_effect::correct_answer_margin::vision.late::vision_cls_attention::target_1,correct_answer_margin,vision.late,selector_effect_by_target,vision_cls_attention,1,class_id,104,0.06967708510099033,0.06537976784680886,0.0042973172541814625
selector_effect::correct_answer_margin::vision.late::vision_cls_attention::target_1,correct_answer_margin,vision.late,selector_effect_by_target,vision_cls_attention,1,class_id,108,0.06679344166623155,0.06537976784680886,0.0014136738194226867
selector_effect::correct_answer_margin::vision.late::vision_cls_attention::target_1,correct_answer_margin,vision.late,selector_effect_by_target,vision_cls_attention,1,class_id,11,0.063503101150228,0.06537976784680886,-0.0018766666965808615
selector_effect::correct_answer_margin::vision.late::vision_cls_attention::target_1,correct_answer_margin,vision.late,selector_effect_by_target,vision_cls_attention,1,class_id,123,0.0686042022917537,0.06537976784680886,0.0032244344449448292
selector_effect::correct_answer_margin::vision.late::vision_cls_attention::target_1,correct_answer_margin,vision.late,selector_effect_by_target,vision_cls_attention,1,class_id,125,0.06379746702911794,0.06537976784680886,-0.0015823008176909237
selector_effect::correct_answer_margin::vision.late::vision_cls_attention::target_1,correct_answer_margin,vision.late,selector_effect_by_target,vision_cls_attention,1,class_id,130,0.057498679696202315,0.06537976784680886,-0.00788108815060655
selector_effect::correct_answer_margin::vision.late::vision_cls_attention::target_1,correct_answer_margin,vision.late,selector_effect_by_target,vision_cls_attention,1,class_id,131,0.06033340322377124,0.06537976784680886,-0.005046364623037626
selector_effect::correct_answer_margin::vision.late::vision_cls_attention::target_1,correct_answer_margin,vision.late,selector_effect_by_target,vision_cls_attention,1,class_id,150,0.05830787227400098,0.06537976784680886,-0.007071895572807886
selector_effect::correct_answer_margin::vision.late::vision_cls_attention::target_1,correct_answer_margin,vision.late,selector_effect_by_target,vision_cls_attention,1,class_id,159,0.06751918383741472,0.06537976784680886,0.002139415990605853
selector_effect::correct_answer_margin::vision.late::vision_cls_attention::target_1,correct_answer_margin,vision.late,selector_effect_by_target,vision_cls_attention,1,class_id,194,0.06596429156115115,0.06537976784680886,0.0005845237143422832
selector_effect::correct_answer_margin::vision.late::vision_cls_attention::target_1,correct_answer_margin,vision.late,selector_effect_by_target,vision_cls_attention,1,class_id,195,0.061035720540500556,0.06537976784680886,-0.004344047306308309
selector_effect::correct_answer_margin::vision.late::vision_cls_attention::target_1,correct_answer_margin,vision.late,selector_effect_by_target,vision_cls_attention,1,class_id,25,0.06733026549664091,0.06537976784680886,0.0019504976498320448
selector_effect::correct_answer_margin::vision.late::vision_cls_attention::target_1,correct_answer_margin,vision.late,selector_effect_by_target,vision_cls_attention,1,class_id,36,0.07326012921844542,0.06537976784680886,0.007880361371636557
selector_effect::correct_answer_margin::vision.late::vision_cls_attention::target_1,correct_answer_margin,vision.late,selector_effect_by_target,vision_cls_attention,1,class_id,56,0.05921984730706976,0.06537976784680886,-0.006159920539739107
selector_effect::correct_answer_margin::vision.late::vision_cls_attention::target_1,correct_answer_margin,vision.late,selector_effect_by_target,vision_cls_attention,1,class_id,65,0.06746545046426831,0.06537976784680886,0.00208568261745945
selector_effect::correct_answer_margin::vision.late::vision_cls_attention::target_1,correct_answer_margin,vision.late,selector_effect_by_target,vision_cls_attention,1,class_id,67,0.07065429007631926,0.06537976784680886,0.0052745222295104005
selector_effect::correct_answer_margin::vision.late::vision_cls_attention::target_1,correct_answer_margin,vision.late,selector_effect_by_target,vision_cls_attention,1,class_id,73,0.07015672862712337,0.06537976784680886,0.004776960780314504
selector_effect::correct_answer_margin::vision.late::vision_cls_attention::target_1,correct_answer_margin,vision.late,selector_effect_by_target,vision_cls_attention,1,class_id,78,0.06367900681608535,0.06537976784680886,-0.001700761030723516
selector_effect::correct_answer_margin::vision.late::vision_cls_attention::target_1,correct_answer_margin,vision.late,selector_effect_by_target,vision_cls_attention,1,class_id,92,0.07212996412472153,0.06537976784680886,0.006750196277912665
selector_effect::correct_answer_margin::vision.late::vision_cls_attention::target_1,correct_answer_margin,vision.late,selector_effect_by_target,vision_cls_attention,1,class_id,99,0.060665226434140906,0.06537976784680886,-0.004714541412667958
selector_target_difference::correct_answer_margin::vision.late::vision_cls_attention,correct_answer_margin,vision.late,selector_target_difference,vision_cls_attention,,attribute_id,100,0.1510177638448571,0.15635639018202072,-0.0053386263371636156
selector_target_difference::correct_answer_margin::vision.late::vision_cls_attention,correct_answer_margin,vision.late,selector_target_difference,vision_cls_attention,,attribute_id,101,0.1326991874559682,0.15635639018202072,-0.023657202726052512
selector_target_difference::correct_answer_margin::vision.late::vision_cls_attention,correct_answer_margin,vision.late,selector_target_difference,vision_cls_attention,,attribute_id,102,0.182308996483746,0.15635639018202072,0.025952606301725273
selector_target_difference::correct_answer_margin::vision.late::vision_cls_attention,correct_answer_margin,vision.late,selector_target_difference,vision_cls_attention,,attribute_id,103,0.15436287793215867,0.15635639018202072,-0.0019935122498620506
selector_target_difference::correct_answer_margin::vision.late::vision_cls_attention,correct_answer_margin,vision.late,selector_target_difference,vision_cls_attention,,attribute_id,104,0.1282226249559682,0.15635639018202072,-0.028133765226052515
selector_target_difference::correct_answer_margin::vision.late::vision_cls_attention,correct_answer_margin,vision.late,selector_target_difference,vision_cls_attention,,attribute_id,105,0.1401269218309682,0.15635639018202072,-0.016229468351052517
selector_target_difference::correct_answer_margin::vision.late::vision_cls_attention,correct_answer_margin,vision.late,selector_target_difference,vision_cls_attention,,attribute_id,107,0.1592754523369206,0.15635639018202072,0.0029190621548998708
selector_target_difference::correct_answer_margin::vision.late::vision_cls_attention,correct_answer_margin,vision.late,selector_target_difference,vision_cls_attention,,attribute_id,111,0.1737984351411534,0.15635639018202072,0.01744204495913268
selector_target_difference::correct_answer_margin::vision.late::vision_cls_attention,correct_answer_margin,vision.late,selector_target_difference,vision_cls_attention,,attribute_id,117,0.18034791430782005,0.15635639018202072,0.02399152412579933
selector_target_difference::correct_answer_margin::vision.late::vision_cls_attention,correct_answer_margin,vision.late,selector_target_difference,vision_cls_attention,,attribute_id,118,0.17539884023374597,0.15635639018202072,0.01904245005172525
selector_target_difference::correct_answer_margin::vision.late::vision_cls_attention,correct_answer_margin,vision.late,selector_target_difference,vision_cls_attention,,attribute_id,120,0.15807522912263486,0.15635639018202072,0.0017188389406141424
selector_target_difference::correct_answer_margin::vision.late::vision_cls_attention,correct_answer_margin,vision.late,selector_target_difference,vision_cls_attention,,attribute_id,2,0.13767140967819042,0.15635639018202072,-0.0186849805038303
selector_target_difference::correct_answer_margin::vision.late::vision_cls_attention,correct_answer_margin,vision.late,selector_target_difference,vision_cls_attention,,attribute_id,294,0.15333330203930154,0.15635639018202072,-0.003023088142719177
selector_target_difference::correct_answer_margin::vision.late::vision_cls_attention,correct_answer_margin,vision.late,selector_target_difference,vision_cls_attention,,attribute_id,295,0.14950561106707932,0.15635639018202072,-0.006850779114941391
selector_target_difference::correct_answer_margin::vision.late::vision_cls_attention,correct_answer_margin,vision.late,selector_target_difference,vision_cls_attention,,attribute_id,299,0.16680046060411635,0.15635639018202072,0.010444070422095636
selector_target_difference::correct_answer_margin::vision.late::vision_cls_attention,correct_answer_margin,vision.late,selector_target_difference,vision_cls_attention,,attribute_id,305,0.17033596281828703,0.15635639018202072,0.013979572636266313
selector_target_difference::correct_answer_margin::vision.late::vision_cls_attention,correct_answer_margin,vision.late,selector_target_difference,vision_cls_attention,,attribute_id,306,0.15727470828930154,0.15635639018202072,0.0009183181072808244
selector_target_difference::correct_answer_margin::vision.late::vision_cls_attention,correct_answer_margin,vision.late,selector_target_difference,vision_cls_attention,,attribute_id,308,0.14873857547680153,0.15635639018202072,-0.007617814705219189
selector_target_difference::correct_answer_margin::vision.late::vision_cls_attention,correct_answer_margin,vision.late,selector_target_difference,vision_cls_attention,,attribute_id,309,0.17110167588189412,0.15635639018202072,0.014745285699873406
selector_target_difference::correct_answer_margin::vision.late::vision_cls_attention,correct_answer_margin,vision.late,selector_target_difference,vision_cls_attention,,attribute_id,310,0.14937031840834916,0.15635639018202072,-0.006986071773671554
selector_target_difference::correct_answer_margin::vision.late::vision_cls_attention,correct_answer_margin,vision.late,selector_target_difference,vision_cls_attention,,attribute_id,311,0.14719642052888487,0.15635639018202072,-0.009159969653135841
selector_target_difference::correct_answer_margin::vision.late::vision_cls_attention,correct_answer_margin,vision.late,selector_target_difference,vision_cls_attention,,attribute_id,312,0.14890900888453965,0.15635639018202072,-0.0074473812974810705
selector_target_difference::correct_answer_margin::vision.late::vision_cls_attention,correct_answer_margin,vision.late,selector_target_difference,vision_cls_attention,,attribute_id,5,0.16253252078930153,0.15635639018202072,0.006176130607280811
selector_target_difference::correct_answer_margin::vision.late::vision_cls_attention,correct_answer_margin,vision.late,selector_target_difference,vision_cls_attention,,attribute_id,7,0.16449494638453963,0.15635639018202072,0.00813855620251891
selector_target_difference::correct_answer_margin::vision.late::vision_cls_attention,correct_answer_margin,vision.late,selector_target_difference,vision_cls_attention,,attribute_id,8,0.15977080203930152,0.15635639018202072,0.003414411857280808
selector_target_difference::correct_answer_margin::vision.late::vision_cls_attention,correct_answer_margin,vision.late,selector_target_difference,vision_cls_attention,,attribute_id,96,0.14259617819670894,0.15635639018202072,-0.013760211985311771
selector_target_difference::correct_answer_margin::vision.late::vision_cls_attention,correct_answer_margin,vision.late,selector_target_difference,vision_cls_attention,,class_id,104,0.09659645238494094,0.09184331123580798,0.004753141149132958
selector_target_difference::correct_answer_margin::vision.late::vision_cls_attention,correct_answer_margin,vision.late,selector_target_difference,vision_cls_attention,,class_id,108,0.09718924635445675,0.09184331123580798,0.0053459351186487675
selector_target_difference::correct_answer_margin::vision.late::vision_cls_attention,correct_answer_margin,vision.late,selector_target_difference,vision_cls_attention,,class_id,11,0.08689383075926216,0.09184331123580798,-0.004949480476545823
selector_target_difference::correct_answer_margin::vision.late::vision_cls_attention,correct_answer_margin,vision.late,selector_target_difference,vision_cls_attention,,class_id,123,0.10386687657366797,0.09184331123580798,0.01202356533785999
selector_target_difference::correct_answer_margin::vision.late::vision_cls_attention,correct_answer_margin,vision.late,selector_target_difference,vision_cls_attention,,class_id,125,0.0854535132499942,0.09184331123580798,-0.0063897979858137804
selector_target_difference::correct_answer_margin::vision.late::vision_cls_attention,correct_answer_margin,vision.late,selector_target_difference,vision_cls_attention,,class_id,130,0.07385717576275759,0.09184331123580798,-0.01798613547305039
selector_target_difference::correct_answer_margin::vision.late::vision_cls_attention,correct_answer_margin,vision.late,selector_target_difference,vision_cls_attention,,class_id,131,0.08978667280904809,0.09184331123580798,-0.002056638426759891
selector_target_difference::correct_answer_margin::vision.late::vision_cls_attention,correct_answer_margin,vision.late,selector_target_difference,vision_cls_attention,,class_id,150,0.0886002146388831,0.09184331123580798,-0.0032430965969248854
selector_target_difference::correct_answer_margin::vision.late::vision_cls_attention,correct_answer_margin,vision.late,selector_target_difference,vision_cls_attention,,class_id,159,0.09065259697819492,0.09184331123580798,-0.0011907142576130653
selector_target_difference::correct_answer_margin::vision.late::vision_cls_attention,correct_answer_margin,vision.late,selector_target_difference,vision_cls_attention,,class_id,194,0.08977484310457857,0.09184331123580798,-0.002068468131229406
selector_target_difference::correct_answer_margin::vision.late::vision_cls_attention,correct_answer_margin,vision.late,selector_target_difference,vision_cls_attention,,class_id,195,0.08686259422065001,0.09184331123580798,-0.004980717015157968
selector_target_difference::correct_answer_margin::vision.late::vision_cls_attention,correct_answer_margin,vision.late,selector_target_difference,vision_cls_attention,,class_id,25,0.09231547609982711,0.09184331123580798,0.00047216486401913116
selector_target_difference::correct_answer_margin::vision.late::vision_cls_attention,correct_answer_margin,vision.late,selector_target_difference,vision_cls_attention,,class_id,36,0.10570483532144888,0.09184331123580798,0.013861524085640897
selector_target_difference::correct_answer_margin::vision.late::vision_cls_attention,correct_answer_margin,vision.late,selector_target_difference,vision_cls_attention,,class_id,56,0.08847728089393044,0.09184331123580798,-0.003366030341877546
selector_target_difference::correct_answer_margin::vision.late::vision_cls_attention,correct_answer_margin,vision.late,selector_target_difference,vision_cls_attention,,class_id,65,0.09810444396219137,0.09184331123580798,0.006261132726383387
selector_target_difference::correct_answer_margin::vision.late::vision_cls_attention,correct_answer_margin,vision.late,selector_target_difference,vision_cls_attention,,class_id,67,0.1052833817036805,0.09184331123580798,0.013440070467872517
selector_target_difference::correct_answer_margin::vision.late::vision_cls_attention,correct_answer_margin,vision.late,selector_target_difference,vision_cls_attention,,class_id,73,0.10197177491435476,0.09184331123580798,0.010128463678546779
selector_target_difference::correct_answer_margin::vision.late::vision_cls_attention,correct_answer_margin,vision.late,selector_target_difference,vision_cls_attention,,class_id,78,0.08752330361131416,0.09184331123580798,-0.0043200076244938185
selector_target_difference::correct_answer_margin::vision.late::vision_cls_attention,correct_answer_margin,vision.late,selector_target_difference,vision_cls_attention,,class_id,92,0.09830482487867528,0.09184331123580798,0.006461513642867303
selector_target_difference::correct_answer_margin::vision.late::vision_cls_attention,correct_answer_margin,vision.late,selector_target_difference,vision_cls_attention,,class_id,99,0.06964688649430288,0.09184331123580798,-0.0221964247415051
selector_effect::correct_answer_margin::vision.late::logit_concept::target_0,correct_answer_margin,vision.late,selector_effect_by_target,logit_concept,0,attribute_id,100,0.037589008313923394,0.035776022951422064,0.0018129853625013306
selector_effect::correct_answer_margin::vision.late::logit_concept::target_0,correct_answer_margin,vision.late,selector_effect_by_target,logit_concept,0,attribute_id,101,0.03145706386947895,0.035776022951422064,-0.004318959081943116
selector_effect::correct_answer_margin::vision.late::logit_concept::target_0,correct_answer_margin,vision.late,selector_effect_by_target,logit_concept,0,attribute_id,102,0.04081817498059006,0.035776022951422064,0.0050421520291679955
selector_effect::correct_answer_margin::vision.late::logit_concept::target_0,correct_answer_margin,vision.late,selector_effect_by_target,logit_concept,0,attribute_id,103,0.03296599244090752,0.035776022951422064,-0.0028100305105145454
selector_effect::correct_answer_margin::vision.late::logit_concept::target_0,correct_answer_margin,vision.late,selector_effect_by_target,logit_concept,0,attribute_id,104,0.03593474244090752,0.035776022951422064,0.00015871948948545378
selector_effect::correct_answer_margin::vision.late::logit_concept::target_0,correct_answer_margin,vision.late,selector_effect_by_target,logit_concept,0,attribute_id,105,0.039889355536145615,0.035776022951422064,0.004113332584723552
selector_effect::correct_answer_margin::vision.late::logit_concept::target_0,correct_answer_margin,vision.late,selector_effect_by_target,logit_concept,0,attribute_id,107,0.03495259958376466,0.035776022951422064,-0.0008234233676574013
selector_effect::correct_answer_margin::vision.late::logit_concept::target_0,correct_answer_margin,vision.late,selector_effect_by_target,logit_concept,0,attribute_id,111,0.03492118423984932,0.035776022951422064,-0.0008548387115727418
selector_effect::correct_answer_margin::vision.late::logit_concept::target_0,correct_answer_margin,vision.late,selector_effect_by_target,logit_concept,0,attribute_id,117,0.03276261942503451,0.035776022951422064,-0.0030134035263875564
selector_effect::correct_answer_margin::vision.late::logit_concept::target_0,correct_answer_margin,vision.late,selector_effect_by_target,logit_concept,0,attribute_id,118,0.03503692498059006,0.035776022951422064,-0.0007390979708320061
selector_effect::correct_answer_margin::vision.late::logit_concept::target_0,correct_answer_margin,vision.late,selector_effect_by_target,logit_concept,0,attribute_id,120,0.03686956386947895,0.035776022951422064,0.0010935409180568845
selector_effect::correct_answer_margin::vision.late::logit_concept::target_0,correct_answer_margin,vision.late,selector_effect_by_target,logit_concept,0,attribute_id,2,0.03814456386947895,0.035776022951422064,0.002368540918056883
selector_effect::correct_answer_margin::vision.late::logit_concept::target_0,correct_answer_margin,vision.late,selector_effect_by_target,logit_concept,0,attribute_id,294,0.03220706386947895,0.035776022951422064,-0.0035689590819431155
selector_effect::correct_answer_margin::vision.late::logit_concept::target_0,correct_answer_margin,vision.late,selector_effect_by_target,logit_concept,0,attribute_id,295,0.03367234164725673,0.035776022951422064,-0.002103681304165335
selector_effect::correct_answer_margin::vision.late::logit_concept::target_0,correct_answer_margin,vision.late,selector_effect_by_target,logit_concept,0,attribute_id,299,0.035337850906515984,0.035776022951422064,-0.0004381720449060794
selector_effect::correct_answer_margin::vision.late::logit_concept::target_0,correct_answer_margin,vision.late,selector_effect_by_target,logit_concept,0,attribute_id,305,0.0357668464781746,0.035776022951422064,-9.17647324746168e-06
selector_effect::correct_answer_margin::vision.late::logit_concept::target_0,correct_answer_margin,vision.late,selector_effect_by_target,logit_concept,0,attribute_id,306,0.03598831386947895,0.035776022951422064,0.00021229091805688438
selector_effect::correct_answer_margin::vision.late::logit_concept::target_0,correct_answer_margin,vision.late,selector_effect_by_target,logit_concept,0,attribute_id,308,0.034518261786145615,0.035776022951422064,-0.0012577611652764484
selector_effect::correct_answer_margin::vision.late::logit_concept::target_0,correct_answer_margin,vision.late,selector_effect_by_target,logit_concept,0,attribute_id,309,0.036101739795404875,0.035776022951422064,0.0003257168439828109
selector_effect::correct_answer_margin::vision.late::logit_concept::target_0,correct_answer_margin,vision.late,selector_effect_by_target,logit_concept,0,attribute_id,310,0.03427551625043133,0.035776022951422064,-0.0015005067009907364
selector_effect::correct_answer_margin::vision.late::logit_concept::target_0,correct_answer_margin,vision.late,selector_effect_by_target,logit_concept,0,attribute_id,311,0.03809573574447895,0.035776022951422064,0.0023197127930568856
selector_effect::correct_answer_margin::vision.late::logit_concept::target_0,correct_answer_margin,vision.late,selector_effect_by_target,logit_concept,0,attribute_id,312,0.039327599583764666,0.035776022951422064,0.0035515766323426026
selector_effect::correct_answer_margin::vision.late::logit_concept::target_0,correct_answer_margin,vision.late,selector_effect_by_target,logit_concept,0,attribute_id,5,0.03602650831392339,0.035776022951422064,0.00025048536250132925
selector_effect::correct_answer_margin::vision.late::logit_concept::target_0,correct_answer_margin,vision.late,selector_effect_by_target,logit_concept,0,attribute_id,7,0.03431643886947895,0.035776022951422064,-0.001459584081943112
selector_effect::correct_answer_margin::vision.late::logit_concept::target_0,correct_answer_margin,vision.late,selector_effect_by_target,logit_concept,0,attribute_id,8,0.03703518886947895,0.035776022951422064,0.001259165918056887
selector_effect::correct_answer_margin::vision.late::logit_concept::target_0,correct_answer_margin,vision.late,selector_effect_by_target,logit_concept,0,attribute_id,96,0.03616539720281228,0.035776022951422064,0.00038937425139021903
selector_effect::correct_answer_margin::vision.late::logit_concept::target_0,correct_answer_margin,vision.late,selector_effect_by_target,logit_concept,0,class_id,104,0.03135226122308085,0.032556225542879194,-0.0012039643197983424
selector_effect::correct_answer_margin::vision.late::logit_concept::target_0,correct_answer_margin,vision.late,selector_effect_by_target,logit_concept,0,class_id,108,0.025156215553350972,0.032556225542879194,-0.007400009989528222
selector_effect::correct_answer_margin::vision.late::logit_concept::target_0,correct_answer_margin,vision.late,selector_effect_by_target,logit_concept,0,class_id,11,0.03238625897788453,0.032556225542879194,-0.00016996656499466273
selector_effect::correct_answer_margin::vision.late::logit_concept::target_0,correct_answer_margin,vision.late,selector_effect_by_target,logit_concept,0,class_id,123,0.03116013050566231,0.032556225542879194,-0.0013960950372168858
selector_effect::correct_answer_margin::vision.late::logit_concept::target_0,correct_answer_margin,vision.late,selector_effect_by_target,logit_concept,0,class_id,125,0.03618857074689038,0.032556225542879194,0.003632345204011185
selector_effect::correct_answer_margin::vision.late::logit_concept::target_0,correct_answer_margin,vision.late,selector_effect_by_target,logit_concept,0,class_id,130,0.03552318839633807,0.032556225542879194,0.0029669628534588766
selector_effect::correct_answer_margin::vision.late::logit_concept::target_0,correct_answer_margin,vision.late,selector_effect_by_target,logit_concept,0,class_id,131,0.0320620706859742,0.032556225542879194,-0.000494154856904995
selector_effect::correct_answer_margin::vision.late::logit_concept::target_0,correct_answer_margin,vision.late,selector_effect_by_target,logit_concept,0,class_id,150,0.03252560473811845,0.032556225542879194,-3.062080476074619e-05
selector_effect::correct_answer_margin::vision.late::logit_concept::target_0,correct_answer_margin,vision.late,selector_effect_by_target,logit_concept,0,class_id,159,0.028356653714726635,0.032556225542879194,-0.00419957182815256
selector_effect::correct_answer_margin::vision.late::logit_concept::target_0,correct_answer_margin,vision.late,selector_effect_by_target,logit_concept,0,class_id,194,0.03700951144498979,0.032556225542879194,0.004453285902110596
selector_effect::correct_answer_margin::vision.late::logit_concept::target_0,correct_answer_margin,vision.late,selector_effect_by_target,logit_concept,0,class_id,195,0.02969577626067484,0.032556225542879194,-0.0028604492822043547
selector_effect::correct_answer_margin::vision.late::logit_concept::target_0,correct_answer_margin,vision.late,selector_effect_by_target,logit_concept,0,class_id,25,0.02770218551297225,0.032556225542879194,-0.004854040029906945
selector_effect::correct_answer_margin::vision.late::logit_concept::target_0,correct_answer_margin,vision.late,selector_effect_by_target,logit_concept,0,class_id,36,0.03543730292890792,0.032556225542879194,0.0028810773860287256
selector_effect::correct_answer_margin::vision.late::logit_concept::target_0,correct_answer_margin,vision.late,selector_effect_by_target,logit_concept,0,class_id,56,0.019132040532465425,0.032556225542879194,-0.013424185010413769
selector_effect::correct_answer_margin::vision.late::logit_concept::target_0,correct_answer_margin,vision.late,selector_effect_by_target,logit_concept,0,class_id,65,0.03241367125858628,0.032556225542879194,-0.00014255428429291173
selector_effect::correct_answer_margin::vision.late::logit_concept::target_0,correct_answer_margin,vision.late,selector_effect_by_target,logit_concept,0,class_id,67,0.036858947861552034,0.032556225542879194,0.00430272231867284
selector_effect::correct_answer_margin::vision.late::logit_concept::target_0,correct_answer_margin,vision.late,selector_effect_by_target,logit_concept,0,class_id,73,0.03293179871698924,0.032556225542879194,0.00037557317411004293
selector_effect::correct_answer_margin::vision.late::logit_concept::target_0,correct_answer_margin,vision.late,selector_effect_by_target,logit_concept,0,class_id,78,0.030724226292003158,0.032556225542879194,-0.001831999250876036
selector_effect::correct_answer_margin::vision.late::logit_concept::target_0,correct_answer_margin,vision.late,selector_effect_by_target,logit_concept,0,class_id,92,0.03399416056779681,0.032556225542879194,0.0014379350249176179
selector_effect::correct_answer_margin::vision.late::logit_concept::target_0,correct_answer_margin,vision.late,selector_effect_by_target,logit_concept,0,class_id,99,0.0505139349386197,0.032556225542879194,0.017957709395740505
selector_effect::correct_answer_margin::vision.late::logit_concept::target_1,correct_answer_margin,vision.late,selector_effect_by_target,logit_concept,1,attribute_id,100,-0.032094853490913275,-0.03154486446775849,-0.0005499890231547844
selector_effect::correct_answer_margin::vision.late::logit_concept::target_1,correct_answer_margin,vision.late,selector_effect_by_target,logit_concept,1,attribute_id,101,-0.02770249237980216,-0.03154486446775849,0.00384237208795633
selector_effect::correct_answer_margin::vision.late::logit_concept::target_1,correct_answer_margin,vision.late,selector_effect_by_target,logit_concept,1,attribute_id,102,-0.03203408960202438,-0.03154486446775849,-0.0004892251342658929
selector_effect::correct_answer_margin::vision.late::logit_concept::target_1,correct_answer_margin,vision.late,selector_effect_by_target,logit_concept,1,attribute_id,103,-0.03237511142742121,-0.03154486446775849,-0.0008302469596627171
selector_effect::correct_answer_margin::vision.late::logit_concept::target_1,correct_answer_margin,vision.late,selector_effect_by_target,logit_concept,1,attribute_id,104,-0.028498623332183115,-0.03154486446775849,0.0030462411355753755
selector_effect::correct_answer_margin::vision.late::logit_concept::target_1,correct_answer_margin,vision.late,selector_effect_by_target,logit_concept,1,attribute_id,105,-0.029759784046468826,-0.03154486446775849,0.0017850804212896643
selector_effect::correct_answer_margin::vision.late::logit_concept::target_1,correct_answer_margin,vision.late,selector_effect_by_target,logit_concept,1,attribute_id,107,-0.03721886142742121,-0.03154486446775849,-0.005673996959662718
selector_effect::correct_answer_margin::vision.late::logit_concept::target_1,correct_answer_margin,vision.late,selector_effect_by_target,logit_concept,1,attribute_id,111,-0.030879575713135494,-0.03154486446775849,0.000665288754622996
selector_effect::correct_answer_margin::vision.late::logit_concept::target_1,correct_answer_margin,vision.late,selector_effect_by_target,logit_concept,1,attribute_id,117,-0.031950177564987345,-0.03154486446775849,-0.00040531309722885434
selector_effect::correct_answer_margin::vision.late::logit_concept::target_1,correct_answer_margin,vision.late,selector_effect_by_target,logit_concept,1,attribute_id,118,-0.03501152015757994,-0.03154486446775849,-0.003466655689821449
selector_effect::correct_answer_margin::vision.late::logit_concept::target_1,correct_answer_margin,vision.late,selector_effect_by_target,logit_concept,1,attribute_id,120,-0.034889992379802164,-0.03154486446775849,-0.003345127912043673
selector_effect::correct_answer_margin::vision.late::logit_concept::target_1,correct_answer_margin,vision.late,selector_effect_by_target,logit_concept,1,attribute_id,2,-0.02294554793535772,-0.03154486446775849,0.008599316532400772
selector_effect::correct_answer_margin::vision.late::logit_concept::target_1,correct_answer_margin,vision.late,selector_effect_by_target,logit_concept,1,attribute_id,294,-0.02434311737980216,-0.03154486446775849,0.007201747087956331
selector_effect::correct_answer_margin::vision.late::logit_concept::target_1,correct_answer_margin,vision.late,selector_effect_by_target,logit_concept,1,attribute_id,295,-0.033008047935357714,-0.03154486446775849,-0.001463183467599223
selector_effect::correct_answer_margin::vision.late::logit_concept::target_1,correct_answer_margin,vision.late,selector_effect_by_target,logit_concept,1,attribute_id,299,-0.032887677564987346,-0.03154486446775849,-0.0013428130972288552
selector_effect::correct_answer_margin::vision.late::logit_concept::target_1,correct_answer_margin,vision.late,selector_effect_by_target,logit_concept,1,attribute_id,305,-0.03123057208994709,-0.03154486446775849,0.00031429237781140096
selector_effect::correct_answer_margin::vision.late::logit_concept::target_1,correct_answer_margin,vision.late,selector_effect_by_target,logit_concept,1,attribute_id,306,-0.032004575713135495,-0.03154486446775849,-0.000459711245377005
selector_effect::correct_answer_margin::vision.late::logit_concept::target_1,correct_answer_margin,vision.late,selector_effect_by_target,logit_concept,1,attribute_id,308,-0.035723325713135495,-0.03154486446775849,-0.004178461245377005
selector_effect::correct_answer_margin::vision.late::logit_concept::target_1,correct_answer_margin,vision.late,selector_effect_by_target,logit_concept,1,attribute_id,309,-0.032945547935357714,-0.03154486446775849,-0.001400683467599223
selector_effect::correct_answer_margin::vision.late::logit_concept::target_1,correct_answer_margin,vision.late,selector_effect_by_target,logit_concept,1,attribute_id,310,-0.028029873332183115,-0.03154486446775849,0.003514991135575376
selector_effect::correct_answer_margin::vision.late::logit_concept::target_1,correct_answer_margin,vision.late,selector_effect_by_target,logit_concept,1,attribute_id,311,-0.03863999237980216,-0.03154486446775849,-0.0070951279120436694
selector_effect::correct_answer_margin::vision.late::logit_concept::target_1,correct_answer_margin,vision.late,selector_effect_by_target,logit_concept,1,attribute_id,312,-0.03422778999884978,-0.03154486446775849,-0.0026829255310912917
selector_effect::correct_answer_margin::vision.late::logit_concept::target_1,correct_answer_margin,vision.late,selector_effect_by_target,logit_concept,1,attribute_id,5,-0.02725110349091327,-0.03154486446775849,0.00429376097684522
selector_effect::correct_answer_margin::vision.late::logit_concept::target_1,correct_answer_margin,vision.late,selector_effect_by_target,logit_concept,1,attribute_id,7,-0.029402641189325972,-0.03154486446775849,0.0021422232784325188
selector_effect::correct_answer_margin::vision.late::logit_concept::target_1,correct_answer_margin,vision.late,selector_effect_by_target,logit_concept,1,attribute_id,8,-0.02987436737980216,-0.03154486446775849,0.0016704970879563297
selector_effect::correct_answer_margin::vision.late::logit_concept::target_1,correct_answer_margin,vision.late,selector_effect_by_target,logit_concept,1,attribute_id,96,-0.035237214602024385,-0.03154486446775849,-0.003692350134265894
selector_effect::correct_answer_margin::vision.late::logit_concept::target_1,correct_answer_margin,vision.late,selector_effect_by_target,logit_concept,1,class_id,104,-0.005713298545843774,-0.006393345424107141,0.0006800468782633667
selector_effect::correct_answer_margin::vision.late::logit_concept::target_1,correct_answer_margin,vision.late,selector_effect_by_target,logit_concept,1,class_id,108,-0.004890930124791143,-0.006393345424107141,0.0015024152993159982
selector_effect::correct_answer_margin::vision.late::logit_concept::target_1,correct_answer_margin,vision.late,selector_effect_by_target,logit_concept,1,class_id,11,-0.005478540100250624,-0.006393345424107141,0.0009148053238565166
selector_effect::correct_answer_margin::vision.late::logit_concept::target_1,correct_answer_margin,vision.late,selector_effect_by_target,logit_concept,1,class_id,123,-0.002133997102130324,-0.006393345424107141,0.004259348321976816
selector_effect::correct_answer_margin::vision.late::logit_concept::target_1,correct_answer_margin,vision.late,selector_effect_by_target,logit_concept,1,class_id,125,-0.004044902294799497,-0.006393345424107141,0.002348443129307644
selector_effect::correct_answer_margin::vision.late::logit_concept::target_1,correct_answer_margin,vision.late,selector_effect_by_target,logit_concept,1,class_id,130,-0.006423733487364242,-0.006393345424107141,-3.0388063257101063e-05
selector_effect::correct_answer_margin::vision.late::logit_concept::target_1,correct_answer_margin,vision.late,selector_effect_by_target,logit_concept,1,class_id,131,-0.015695937434732663,-0.006393345424107141,-0.009302592010625523
selector_effect::correct_answer_margin::vision.late::logit_concept::target_1,correct_answer_margin,vision.late,selector_effect_by_target,logit_concept,1,class_id,150,-0.006340680803571427,-0.006393345424107141,5.266462053571397e-05
selector_effect::correct_answer_margin::vision.late::logit_concept::target_1,correct_answer_margin,vision.late,selector_effect_by_target,logit_concept,1,class_id,159,-0.007588306704260649,-0.006393345424107141,-0.0011949612801535085
selector_effect::correct_answer_margin::vision.late::logit_concept::target_1,correct_answer_margin,vision.late,selector_effect_by_target,logit_concept,1,class_id,194,-0.006178736228592312,-0.006393345424107141,0.00021460919551482844
selector_effect::correct_answer_margin::vision.late::logit_concept::target_1,correct_answer_margin,vision.late,selector_effect_by_target,logit_concept,1,class_id,195,-0.005002863604323306,-0.006393345424107141,0.0013904818197838344
selector_effect::correct_answer_margin::vision.late::logit_concept::target_1,correct_answer_margin,vision.late,selector_effect_by_target,logit_concept,1,class_id,25,-0.007674038068260928,-0.006393345424107141,-0.0012806926441537875
selector_effect::correct_answer_margin::vision.late::logit_concept::target_1,correct_answer_margin,vision.late,selector_effect_by_target,logit_concept,1,class_id,36,-0.0049637032033208,-0.006393345424107141,0.0014296422207863407
selector_effect::correct_answer_margin::vision.late::logit_concept::target_1,correct_answer_margin,vision.late,selector_effect_by_target,logit_concept,1,class_id,56,-0.003684028321672234,-0.006393345424107141,0.0027093171024349066
selector_effect::correct_answer_margin::vision.late::logit_concept::target_1,correct_answer_margin,vision.late,selector_effect_by_target,logit_concept,1,class_id,65,-0.009025126292293231,-0.006393345424107141,-0.00263178086818609
selector_effect::correct_answer_margin::vision.late::logit_concept::target_1,correct_answer_margin,vision.late,selector_effect_by_target,logit_concept,1,class_id,67,-0.009025615797305762,-0.006393345424107141,-0.0026322703731986212
selector_effect::correct_answer_margin::vision.late::logit_concept::target_1,correct_answer_margin,vision.late,selector_effect_by_target,logit_concept,1,class_id,73,-0.0022433606803466985,-0.006393345424107141,0.004149984743760443
selector_effect::correct_answer_margin::vision.late::logit_concept::target_1,correct_answer_margin,vision.late,selector_effect_by_target,logit_concept,1,class_id,78,-0.00787715545373851,-0.006393345424107141,-0.0014838100296313697
selector_effect::correct_answer_margin::vision.late::logit_concept::target_1,correct_answer_margin,vision.late,selector_effect_by_target,logit_concept,1,class_id,92,-0.005629266852025896,-0.006393345424107141,0.0007640785720812449
selector_effect::correct_answer_margin::vision.late::logit_concept::target_1,correct_answer_margin,vision.late,selector_effect_by_target,logit_concept,1,class_id,99,-0.008252687382518794,-0.006393345424107141,-0.0018593419584116535
selector_target_difference::correct_answer_margin::vision.late::logit_concept,correct_answer_margin,vision.late,selector_target_difference,logit_concept,,attribute_id,100,-0.06968386180483667,-0.06732088741918056,-0.002362974385656108
selector_target_difference::correct_answer_margin::vision.late::logit_concept,correct_answer_margin,vision.late,selector_target_difference,logit_concept,,attribute_id,101,-0.05915955624928111,-0.06732088741918056,0.00816133116989945
selector_target_difference::correct_answer_margin::vision.late::logit_concept,correct_answer_margin,vision.late,selector_target_difference,logit_concept,,attribute_id,102,-0.07285226458261444,-0.06732088741918056,-0.0055313771634338815
selector_target_difference::correct_answer_margin::vision.late::logit_concept,correct_answer_margin,vision.late,selector_target_difference,logit_concept,,attribute_id,103,-0.06534110386832873,-0.06732088741918056,0.001979783550851835
selector_target_difference::correct_answer_margin::vision.late::logit_concept,correct_answer_margin,vision.late,selector_target_difference,logit_concept,,attribute_id,104,-0.06443336577309064,-0.06732088741918056,0.0028875216460899217
selector_target_difference::correct_answer_margin::vision.late::logit_concept,correct_answer_margin,vision.late,selector_target_difference,logit_concept,,attribute_id,105,-0.06964913958261444,-0.06732088741918056,-0.0023282521634338804
selector_target_difference::correct_answer_margin::vision.late::logit_concept,correct_answer_margin,vision.late,selector_target_difference,logit_concept,,attribute_id,107,-0.07217146101118588,-0.06732088741918056,-0.004850573592005317
selector_target_difference::correct_answer_margin::vision.late::logit_concept,correct_answer_margin,vision.late,selector_target_difference,logit_concept,,attribute_id,111,-0.06580075995298482,-0.06732088741918056,0.0015201274661957448
selector_target_difference::correct_answer_margin::vision.late::logit_concept,correct_answer_margin,vision.late,selector_target_difference,logit_concept,,attribute_id,117,-0.06471279699002185,-0.06732088741918056,0.002608090429158716
selector_target_difference::correct_answer_margin::vision.late::logit_concept,correct_answer_margin,vision.late,selector_target_difference,logit_concept,,attribute_id,118,-0.07004844513817,-0.06732088741918056,-0.002727557718989443
selector_target_difference::correct_answer_margin::vision.late::logit_concept,correct_answer_margin,vision.late,selector_target_difference,logit_concept,,attribute_id,120,-0.07175955624928111,-0.06732088741918056,-0.004438668830100551
selector_target_difference::correct_answer_margin::vision.late::logit_concept,correct_answer_margin,vision.late,selector_target_difference,logit_concept,,attribute_id,2,-0.061090111804836665,-0.06732088741918056,0.006230775614343896
selector_target_difference::correct_answer_margin::vision.late::logit_concept,correct_answer_margin,vision.late,selector_target_difference,logit_concept,,attribute_id,294,-0.056550181249281115,-0.06732088741918056,0.010770706169899447
selector_target_difference::correct_answer_margin::vision.late::logit_concept,correct_answer_margin,vision.late,selector_target_difference,logit_concept,,attribute_id,295,-0.06668038958261445,-0.06732088741918056,0.0006404978365661118
selector_target_difference::correct_answer_margin::vision.late::logit_concept,correct_answer_margin,vision.late,selector_target_difference,logit_concept,,attribute_id,299,-0.06822552847150333,-0.06732088741918056,-0.0009046410523227688
selector_target_difference::correct_answer_margin::vision.late::logit_concept,correct_answer_margin,vision.late,selector_target_difference,logit_concept,,attribute_id,305,-0.06699741856812169,-0.06732088741918056,0.0003234688510588696
selector_target_difference::correct_answer_margin::vision.late::logit_concept,correct_answer_margin,vision.late,selector_target_difference,logit_concept,,attribute_id,306,-0.06799288958261444,-0.06732088741918056,-0.0006720021634338824
selector_target_difference::correct_answer_margin::vision.late::logit_concept,correct_answer_margin,vision.late,selector_target_difference,logit_concept,,attribute_id,308,-0.07024158749928111,-0.06732088741918056,-0.0029207000801005495
selector_target_difference::correct_answer_margin::vision.late::logit_concept,correct_answer_margin,vision.late,selector_target_difference,logit_concept,,attribute_id,309,-0.06904728773076259,-0.06732088741918056,-0.001726400311582027
selector_target_difference::correct_answer_margin::vision.late::logit_concept,correct_answer_margin,vision.late,selector_target_difference,logit_concept,,attribute_id,310,-0.062305389582614445,-0.06732088741918056,0.005015497836566116
selector_target_difference::correct_answer_margin::vision.late::logit_concept,correct_answer_margin,vision.late,selector_target_difference,logit_concept,,attribute_id,311,-0.07673572812428112,-0.06732088741918056,-0.009414840705100555
selector_target_difference::correct_answer_margin::vision.late::logit_concept,correct_answer_margin,vision.late,selector_target_difference,logit_concept,,attribute_id,312,-0.07355538958261444,-0.06732088741918056,-0.00623450216343388
selector_target_difference::correct_answer_margin::vision.late::logit_concept,correct_answer_margin,vision.late,selector_target_difference,logit_concept,,attribute_id,5,-0.06327761180483667,-0.06732088741918056,0.004043275614343894
selector_target_difference::correct_answer_margin::vision.late::logit_concept,correct_answer_margin,vision.late,selector_target_difference,logit_concept,,attribute_id,7,-0.06371908005880492,-0.06732088741918056,0.0036018073603756445
selector_target_difference::correct_answer_margin::vision.late::logit_concept,correct_answer_margin,vision.late,selector_target_difference,logit_concept,,attribute_id,8,-0.0669095562492811,-0.06732088741918056,0.0004113311698994565
selector_target_difference::correct_answer_margin::vision.late::logit_concept,correct_answer_margin,vision.late,selector_target_difference,logit_concept,,attribute_id,96,-0.07140261180483666,-0.06732088741918056,-0.004081724385656099
selector_target_difference::correct_answer_margin::vision.late::logit_concept,correct_answer_margin,vision.late,selector_target_difference,logit_concept,,class_id,104,-0.03706555976892463,-0.038949570966986334,0.0018840111980617039
selector_target_difference::correct_answer_margin::vision.late::logit_concept,correct_answer_margin,vision.late,selector_target_difference,logit_concept,,class_id,108,-0.030047145678142116,-0.038949570966986334,0.008902425288844218
selector_target_difference::correct_answer_margin::vision.late::logit_concept,correct_answer_margin,vision.late,selector_target_difference,logit_concept,,class_id,11,-0.037864799078135156,-0.038949570966986334,0.0010847718888511784
selector_target_difference::correct_answer_margin::vision.late::logit_concept,correct_answer_margin,vision.late,selector_target_difference,logit_concept,,class_id,123,-0.03329412760779263,-0.038949570966986334,0.005655443359193706
selector_target_difference::correct_answer_margin::vision.late::logit_concept,correct_answer_margin,vision.late,selector_target_difference,logit_concept,,class_id,125,-0.04023347304168987,-0.038949570966986334,-0.0012839020747035385
selector_target_difference::correct_answer_margin::vision.late::logit_concept,correct_answer_margin,vision.late,selector_target_difference,logit_concept,,class_id,130,-0.04194692188370231,-0.038949570966986334,-0.0029973509167159768
selector_target_difference::correct_answer_margin::vision.late::logit_concept,correct_answer_margin,vision.late,selector_target_difference,logit_concept,,class_id,131,-0.04775800812070686,-0.038949570966986334,-0.008808437153720525
selector_target_difference::correct_answer_margin::vision.late::logit_concept,correct_answer_margin,vision.late,selector_target_difference,logit_concept,,class_id,150,-0.038866285541689874,-0.038949570966986334,8.328542529646016e-05
selector_target_difference::correct_answer_margin::vision.late::logit_concept,correct_answer_margin,vision.late,selector_target_difference,logit_concept,,class_id,159,-0.03594496041898728,-0.038949570966986334,0.0030046105479990537
selector_target_difference::correct_answer_margin::vision.late::logit_concept,correct_answer_margin,vision.late,selector_target_difference,logit_concept,,class_id,194,-0.043188247673582106,-0.038949570966986334,-0.004238676706595772
selector_target_difference::correct_answer_margin::vision.late::logit_concept,correct_answer_margin,vision.late,selector_target_difference,logit_concept,,class_id,195,-0.034698639864998146,-0.038949570966986334,0.004250931101988188
selector_target_difference::correct_answer_margin::vision.late::logit_concept,correct_answer_margin,vision.late,selector_target_difference,logit_concept,,class_id,25,-0.03537622358123318,-0.038949570966986334,0.003573347385753156
selector_target_difference::correct_answer_margin::vision.late::logit_concept,correct_answer_margin,vision.late,selector_target_difference,logit_concept,,class_id,36,-0.040401006132228724,-0.038949570966986334,-0.0014514351652423901
selector_target_difference::correct_answer_margin::vision.late::logit_concept,correct_answer_margin,vision.late,selector_target_difference,logit_concept,,class_id,56,-0.022816068854137662,-0.038949570966986334,0.016133502112848672
selector_target_difference::correct_answer_margin::vision.late::logit_concept,correct_answer_margin,vision.late,selector_target_difference,logit_concept,,class_id,65,-0.041438797550879515,-0.038949570966986334,-0.002489226583893181
selector_target_difference::correct_answer_margin::vision.late::logit_concept,correct_answer_margin,vision.late,selector_target_difference,logit_concept,,class_id,67,-0.04588456365885779,-0.038949570966986334,-0.006934992691871457
selector_target_difference::correct_answer_margin::vision.late::logit_concept,correct_answer_margin,vision.late,selector_target_difference,logit_concept,,class_id,73,-0.03517515939733593,-0.038949570966986334,0.0037744115696504016
selector_target_difference::correct_answer_margin::vision.late::logit_concept,correct_answer_margin,vision.late,selector_target_difference,logit_concept,,class_id,78,-0.03860138174574167,-0.038949570966986334,0.00034818922124466717
selector_target_difference::correct_answer_margin::vision.late::logit_concept,correct_answer_margin,vision.late,selector_target_difference,logit_concept,,class_id,92,-0.03962342741982271,-0.038949570966986334,-0.000673856452836373
selector_target_difference::correct_answer_margin::vision.late::logit_concept,correct_answer_margin,vision.late,selector_target_difference,logit_concept,,class_id,99,-0.058766622321138495,-0.038949570966986334,-0.01981705135415216
selector_difference::correct_answer_margin::vision.late::target_0,correct_answer_margin,vision.late,selector_difference_by_target,vision_cls_attention_minus_logit_concept,0,attribute_id,100,-0.12445211113028141,-0.12657654916373212,0.002124438033450707
selector_difference::correct_answer_margin::vision.late::target_0,correct_answer_margin,vision.late,selector_difference_by_target,vision_cls_attention_minus_logit_concept,0,attribute_id,101,-0.10779933335250363,-0.12657654916373212,0.018777215811228487
selector_difference::correct_answer_margin::vision.late::target_0,correct_answer_margin,vision.late,selector_difference_by_target,vision_cls_attention_minus_logit_concept,0,attribute_id,102,-0.14735141668583698,-0.12657654916373212,-0.020774867522104862
selector_difference::correct_answer_margin::vision.late::target_0,correct_answer_margin,vision.late,selector_difference_by_target,vision_cls_attention_minus_logit_concept,0,attribute_id,103,-0.12247294446361476,-0.12657654916373212,0.004103604700117364
selector_difference::correct_answer_margin::vision.late::target_0,correct_answer_margin,vision.late,selector_difference_by_target,vision_cls_attention_minus_logit_concept,0,attribute_id,104,-0.10896848017790046,-0.12657654916373212,0.017608068985831657
selector_difference::correct_answer_margin::vision.late::target_0,correct_answer_margin,vision.late,selector_difference_by_target,vision_cls_attention_minus_logit_concept,0,attribute_id,105,-0.11509013196361476,-0.12657654916373212,0.011486417200117366
selector_difference::correct_answer_margin::vision.late::target_0,correct_answer_margin,vision.late,selector_difference_by_target,vision_cls_attention_minus_logit_concept,0,attribute_id,107,-0.12899824208266236,-0.12657654916373212,-0.0024216929189302405
selector_difference::correct_answer_margin::vision.late::target_0,correct_answer_margin,vision.late,selector_difference_by_target,vision_cls_attention_minus_logit_concept,0,attribute_id,111,-0.13648336113028142,-0.12657654916373212,-0.0099068119665493
selector_difference::correct_answer_margin::vision.late::target_0,correct_answer_margin,vision.late,selector_difference_by_target,vision_cls_attention_minus_logit_concept,0,attribute_id,117,-0.13751538273521968,-0.12657654916373212,-0.01093883357148756
selector_difference::correct_answer_margin::vision.late::target_0,correct_answer_margin,vision.late,selector_difference_by_target,vision_cls_attention_minus_logit_concept,0,attribute_id,118,-0.13336877779694808,-0.12657654916373212,-0.006792228633215963
selector_difference::correct_answer_margin::vision.late::target_0,correct_answer_margin,vision.late,selector_difference_by_target,vision_cls_attention_minus_logit_concept,0,attribute_id,120,-0.1299396111302814,-0.12657654916373212,-0.0033630619665492856
selector_difference::correct_answer_margin::vision.late::target_0,correct_answer_margin,vision.late,selector_difference_by_target,vision_cls_attention_minus_logit_concept,0,attribute_id,2,-0.12052850001917031,-0.12657654916373212,0.006048049144561807
selector_difference::correct_answer_margin::vision.late::target_0,correct_answer_margin,vision.late,selector_difference_by_target,vision_cls_attention_minus_logit_concept,0,attribute_id,294,-0.12348856946361475,-0.12657654916373212,0.0030879797001173714
selector_difference::correct_answer_margin::vision.late::target_0,correct_answer_margin,vision.late,selector_difference_by_target,vision_cls_attention_minus_logit_concept,0,attribute_id,295,-0.12278544446361475,-0.12657654916373212,0.0037911047001173703
selector_difference::correct_answer_margin::vision.late::target_0,correct_answer_margin,vision.late,selector_difference_by_target,vision_cls_attention_minus_logit_concept,0,attribute_id,299,-0.13501924075991104,-0.12657654916373212,-0.008442691596178914
selector_difference::correct_answer_margin::vision.late::target_0,correct_answer_margin,vision.late,selector_difference_by_target,vision_cls_attention_minus_logit_concept,0,attribute_id,305,-0.1388452270723104,-0.12657654916373212,-0.012268677908578274
selector_difference::correct_answer_margin::vision.late::target_0,correct_answer_margin,vision.late,selector_difference_by_target,vision_cls_attention_minus_logit_concept,0,attribute_id,306,-0.1280458611302814,-0.12657654916373212,-0.001469311966549286
selector_difference::correct_answer_margin::vision.late::target_0,correct_answer_margin,vision.late,selector_difference_by_target,vision_cls_attention_minus_logit_concept,0,attribute_id,308,-0.1252333611302814,-0.12657654916373212,0.0013431880334507096
selector_difference::correct_answer_margin::vision.late::target_0,correct_answer_margin,vision.late,selector_difference_by_target,vision_cls_attention_minus_logit_concept,0,attribute_id,309,-0.13980512038954068,-0.12657654916373212,-0.01322857122580856
selector_difference::correct_answer_margin::vision.late::target_0,correct_answer_margin,vision.late,selector_difference_by_target,vision_cls_attention_minus_logit_concept,0,attribute_id,310,-0.11250270636837666,-0.12657654916373212,0.014073842795355465
selector_difference::correct_answer_margin::vision.late::target_0,correct_answer_margin,vision.late,selector_difference_by_target,vision_cls_attention_minus_logit_concept,0,attribute_id,311,-0.12509013196361476,-0.12657654916373212,0.001486417200117357
selector_difference::correct_answer_margin::vision.late::target_0,correct_answer_margin,vision.late,selector_difference_by_target,vision_cls_attention_minus_logit_concept,0,attribute_id,312,-0.12216044446361475,-0.12657654916373212,0.004416104700117371
selector_difference::correct_answer_margin::vision.late::target_0,correct_answer_margin,vision.late,selector_difference_by_target,vision_cls_attention_minus_logit_concept,0,attribute_id,5,-0.12733405557472585,-0.12657654916373212,-0.0007575064109937302
selector_difference::correct_answer_margin::vision.late::target_0,correct_answer_margin,vision.late,selector_difference_by_target,vision_cls_attention_minus_logit_concept,0,attribute_id,7,-0.1290205635112338,-0.12657654916373212,-0.0024440143475016884
selector_difference::correct_answer_margin::vision.late::target_0,correct_answer_margin,vision.late,selector_difference_by_target,vision_cls_attention_minus_logit_concept,0,attribute_id,8,-0.1309521111302814,-0.12657654916373212,-0.004375561966549285
selector_difference::correct_answer_margin::vision.late::target_0,correct_answer_margin,vision.late,selector_difference_by_target,vision_cls_attention_minus_logit_concept,0,attribute_id,96,-0.11773914816731845,-0.12657654916373212,0.008837400996413669
selector_difference::correct_answer_margin::vision.late::target_0,correct_answer_margin,vision.late,selector_difference_by_target,vision_cls_attention_minus_logit_concept,0,class_id,104,-0.07538865338258842,-0.07651908430472884,0.0011304309221404213
selector_difference::correct_answer_margin::vision.late::target_0,correct_answer_margin,vision.late,selector_difference_by_target,vision_cls_attention_minus_logit_concept,0,class_id,108,-0.07464841302474937,-0.07651908430472884,0.0018706712799794745
selector_difference::correct_answer_margin::vision.late::target_0,correct_answer_margin,vision.late,selector_difference_by_target,vision_cls_attention_minus_logit_concept,0,class_id,11,-0.07568757777690754,-0.07651908430472884,0.0008315065278212963
selector_difference::correct_answer_margin::vision.late::target_0,correct_answer_margin,vision.late,selector_difference_by_target,vision_cls_attention_minus_logit_concept,0,class_id,123,-0.08693403702398357,-0.07651908430472884,-0.01041495271925473
selector_difference::correct_answer_margin::vision.late::target_0,correct_answer_margin,vision.late,selector_difference_by_target,vision_cls_attention_minus_logit_concept,0,class_id,125,-0.07433409641725842,-0.07651908430472884,0.002184987887470416
selector_difference::correct_answer_margin::vision.late::target_0,correct_answer_margin,vision.late,selector_difference_by_target,vision_cls_attention_minus_logit_concept,0,class_id,130,-0.06538436749425647,-0.07651908430472884,0.011134716810472373
selector_difference::correct_answer_margin::vision.late::target_0,correct_answer_margin,vision.late,selector_difference_by_target,vision_cls_attention_minus_logit_concept,0,class_id,131,-0.0803741259616054,-0.07651908430472884,-0.0038550416568765566
selector_difference::correct_answer_margin::vision.late::target_0,correct_answer_margin,vision.late,selector_difference_by_target,vision_cls_attention_minus_logit_concept,0,class_id,150,-0.08281477075936368,-0.07651908430472884,-0.0062956864546348384
selector_difference::correct_answer_margin::vision.late::target_0,correct_answer_margin,vision.late,selector_difference_by_target,vision_cls_attention_minus_logit_concept,0,class_id,159,-0.06861276183079225,-0.07651908430472884,0.007906322473936592
selector_difference::correct_answer_margin::vision.late::target_0,correct_answer_margin,vision.late,selector_difference_by_target,vision_cls_attention_minus_logit_concept,0,class_id,194,-0.08200410966652742,-0.07651908430472884,-0.005485025361798582
selector_difference::correct_answer_margin::vision.late::target_0,correct_answer_margin,vision.late,selector_difference_by_target,vision_cls_attention_minus_logit_concept,0,class_id,195,-0.07273096750121832,-0.07651908430472884,0.003788116803510516
selector_difference::correct_answer_margin::vision.late::target_0,correct_answer_margin,vision.late,selector_difference_by_target,vision_cls_attention_minus_logit_concept,0,class_id,25,-0.06783395935585491,-0.07651908430472884,0.008685124948873926
selector_difference::correct_answer_margin::vision.late::target_0,correct_answer_margin,vision.late,selector_difference_by_target,vision_cls_attention_minus_logit_concept,0,class_id,36,-0.08707995030980228,-0.07651908430472884,-0.010560866005073444
selector_difference::correct_answer_margin::vision.late::target_0,correct_answer_margin,vision.late,selector_difference_by_target,vision_cls_attention_minus_logit_concept,0,class_id,56,-0.06616637894649818,-0.07651908430472884,0.010352705358230657
selector_difference::correct_answer_margin::vision.late::target_0,correct_answer_margin,vision.late,selector_difference_by_target,vision_cls_attention_minus_logit_concept,0,class_id,65,-0.08274395570088415,-0.07651908430472884,-0.00622487139615531
selector_difference::correct_answer_margin::vision.late::target_0,correct_answer_margin,vision.late,selector_difference_by_target,vision_cls_attention_minus_logit_concept,0,class_id,67,-0.09136838134833611,-0.07651908430472884,-0.014849297043607268
selector_difference::correct_answer_margin::vision.late::target_0,correct_answer_margin,vision.late,selector_difference_by_target,vision_cls_attention_minus_logit_concept,0,class_id,73,-0.08372533166684071,-0.07651908430472884,-0.007206247362111867
selector_difference::correct_answer_margin::vision.late::target_0,correct_answer_margin,vision.late,selector_difference_by_target,vision_cls_attention_minus_logit_concept,0,class_id,78,-0.07012941152795182,-0.07651908430472884,0.006389672776777017
selector_difference::correct_answer_margin::vision.late::target_0,correct_answer_margin,vision.late,selector_difference_by_target,vision_cls_attention_minus_logit_concept,0,class_id,92,-0.0726982114574631,-0.07651908430472884,0.0038208728472657466
selector_difference::correct_answer_margin::vision.late::target_0,correct_answer_margin,vision.late,selector_difference_by_target,vision_cls_attention_minus_logit_concept,0,class_id,99,-0.06972222494169451,-0.07651908430472884,0.006796859363034327
selector_difference::correct_answer_margin::vision.late::target_1,correct_answer_margin,vision.late,selector_difference_by_target,vision_cls_attention_minus_logit_concept,1,attribute_id,100,0.14357603013452763,0.14516525333448171,-0.0015892231999540818
selector_difference::correct_answer_margin::vision.late::target_1,correct_answer_margin,vision.late,selector_difference_by_target,vision_cls_attention_minus_logit_concept,1,attribute_id,101,0.12696491902341653,0.14516525333448171,-0.018200334311065186
selector_difference::correct_answer_margin::vision.late::target_1,correct_answer_margin,vision.late,selector_difference_by_target,vision_cls_attention_minus_logit_concept,1,attribute_id,102,0.16177915513452765,0.14516525333448171,0.016613901800045933
selector_difference::correct_answer_margin::vision.late::target_1,correct_answer_margin,vision.late,selector_difference_by_target,vision_cls_attention_minus_logit_concept,1,attribute_id,103,0.1457188872773848,0.14516525333448171,0.0005536339429030868
selector_difference::correct_answer_margin::vision.late::target_1,correct_answer_margin,vision.late,selector_difference_by_target,vision_cls_attention_minus_logit_concept,1,attribute_id,104,0.12571888727738478,0.14516525333448171,-0.01944636605709693
selector_difference::correct_answer_margin::vision.late::target_1,correct_answer_margin,vision.late,selector_difference_by_target,vision_cls_attention_minus_logit_concept,1,attribute_id,105,0.1382505093011943,0.14516525333448171,-0.006914744033287401
selector_difference::correct_answer_margin::vision.late::target_1,correct_answer_margin,vision.late,selector_difference_by_target,vision_cls_attention_minus_logit_concept,1,attribute_id,107,0.15109835156309906,0.14516525333448171,0.005933098228617345
selector_difference::correct_answer_margin::vision.late::target_1,correct_answer_margin,vision.late,selector_difference_by_target,vision_cls_attention_minus_logit_concept,1,attribute_id,111,0.1563653819863795,0.14516525333448171,0.01120012865189779
selector_difference::correct_answer_margin::vision.late::target_1,correct_answer_margin,vision.late,selector_difference_by_target,vision_cls_attention_minus_logit_concept,1,attribute_id,117,0.16249192519625605,0.14516525333448171,0.017326671861774334
selector_difference::correct_answer_margin::vision.late::target_1,correct_answer_margin,vision.late,selector_difference_by_target,vision_cls_attention_minus_logit_concept,1,attribute_id,118,0.16131908569008319,0.14516525333448171,0.016153832355601472
selector_difference::correct_answer_margin::vision.late::target_1,correct_answer_margin,vision.late,selector_difference_by_target,vision_cls_attention_minus_logit_concept,1,attribute_id,120,0.14665103013452765,0.14516525333448171,0.0014857768000459404
selector_difference::correct_answer_margin::vision.late::target_1,correct_answer_margin,vision.late,selector_difference_by_target,vision_cls_attention_minus_logit_concept,1,attribute_id,2,0.11326353013452764,0.14516525333448171,-0.031901723199954074
selector_difference::correct_answer_margin::vision.late::target_1,correct_answer_margin,vision.late,selector_difference_by_target,vision_cls_attention_minus_logit_concept,1,attribute_id,294,0.1317270718011943,0.14516525333448171,-0.013438181533287408
selector_difference::correct_answer_margin::vision.late::target_1,correct_answer_margin,vision.late,selector_difference_by_target,vision_cls_attention_minus_logit_concept,1,attribute_id,295,0.13971491902341654,0.14516525333448171,-0.005450334311065175
selector_difference::correct_answer_margin::vision.late::target_1,correct_answer_margin,vision.late,selector_difference_by_target,vision_cls_attention_minus_logit_concept,1,attribute_id,299,0.15181677087526838,0.14516525333448171,0.006651517540786661
selector_difference::correct_answer_margin::vision.late::target_1,correct_answer_margin,vision.late,selector_difference_by_target,vision_cls_attention_minus_logit_concept,1,attribute_id,305,0.15223545042438272,0.14516525333448171,0.007070197089901004
selector_difference::correct_answer_margin::vision.late::target_1,correct_answer_margin,vision.late,selector_difference_by_target,vision_cls_attention_minus_logit_concept,1,attribute_id,306,0.1448989468011943,0.14516525333448171,-0.00026630653328740816
selector_difference::correct_answer_margin::vision.late::target_1,correct_answer_margin,vision.late,selector_difference_by_target,vision_cls_attention_minus_logit_concept,1,attribute_id,308,0.1409067593011943,0.14516525333448171,-0.004258494033287402
selector_difference::correct_answer_margin::vision.late::target_1,correct_answer_margin,vision.late,selector_difference_by_target,vision_cls_attention_minus_logit_concept,1,attribute_id,309,0.15300890050489802,0.14516525333448171,0.007843647170416301
selector_difference::correct_answer_margin::vision.late::target_1,correct_answer_margin,vision.late,selector_difference_by_target,vision_cls_attention_minus_logit_concept,1,attribute_id,310,0.14641829203928955,0.14516525333448171,0.001253038704807835
selector_difference::correct_answer_margin::vision.late::target_1,correct_answer_margin,vision.late,selector_difference_by_target,vision_cls_attention_minus_logit_concept,1,attribute_id,311,0.14540871242619433,0.14516525333448171,0.00024345909171261115
selector_difference::correct_answer_margin::vision.late::target_1,correct_answer_margin,vision.late,selector_difference_by_target,vision_cls_attention_minus_logit_concept,1,attribute_id,312,0.14988555394405145,0.14516525333448171,0.004720300609569739
selector_difference::correct_answer_margin::vision.late::target_1,correct_answer_margin,vision.late,selector_difference_by_target,vision_cls_attention_minus_logit_concept,1,attribute_id,5,0.14715241902341653,0.14516525333448171,0.001987165688934811
selector_difference::correct_answer_margin::vision.late::target_1,correct_answer_margin,vision.late,selector_difference_by_target,vision_cls_attention_minus_logit_concept,1,attribute_id,7,0.1509755837059562,0.14516525333448171,0.0058103303714744925
selector_difference::correct_answer_margin::vision.late::target_1,correct_answer_margin,vision.late,selector_difference_by_target,vision_cls_attention_minus_logit_concept,1,attribute_id,8,0.14644061346786097,0.14516525333448171,0.0012753601333792552
selector_difference::correct_answer_margin::vision.late::target_1,correct_answer_margin,vision.late,selector_difference_by_target,vision_cls_attention_minus_logit_concept,1,attribute_id,96,0.140508900504898,0.14516525333448171,-0.00465635282958371
selector_difference::correct_answer_margin::vision.late::target_1,correct_answer_margin,vision.late,selector_difference_by_target,vision_cls_attention_minus_logit_concept,1,class_id,104,0.08737215760756056,0.08248542906746031,0.004886728540100249
selector_difference::correct_answer_margin::vision.late::target_1,correct_answer_margin,vision.late,selector_difference_by_target,vision_cls_attention_minus_logit_concept,1,class_id,108,0.08324032738095238,0.08248542906746031,0.0007548983134920695
selector_difference::correct_answer_margin::vision.late::target_1,correct_answer_margin,vision.late,selector_difference_by_target,vision_cls_attention_minus_logit_concept,1,class_id,11,0.0828831926822264,0.08248542906746031,0.0003977636147660807
selector_difference::correct_answer_margin::vision.late::target_1,correct_answer_margin,vision.late,selector_difference_by_target,vision_cls_attention_minus_logit_concept,1,class_id,123,0.0838903492455096,0.08248542906746031,0.0014049201780492876
selector_difference::correct_answer_margin::vision.late::target_1,correct_answer_margin,vision.late,selector_difference_by_target,vision_cls_attention_minus_logit_concept,1,class_id,125,0.07873524958228906,0.08248542906746031,-0.0037501794851712567
selector_difference::correct_answer_margin::vision.late::target_1,correct_answer_margin,vision.late,selector_difference_by_target,vision_cls_attention_minus_logit_concept,1,class_id,130,0.07115265376984127,0.08248542906746031,-0.011332775297619044
selector_difference::correct_answer_margin::vision.late::target_1,correct_answer_margin,vision.late,selector_difference_by_target,vision_cls_attention_minus_logit_concept,1,class_id,131,0.0839142126148705,0.08248542906746031,0.0014287835474101895
selector_difference::correct_answer_margin::vision.late::target_1,correct_answer_margin,vision.late,selector_difference_by_target,vision_cls_attention_minus_logit_concept,1,class_id,150,0.07534379568713451,0.08248542906746031,-0.007141633380325807
selector_difference::correct_answer_margin::vision.late::target_1,correct_answer_margin,vision.late,selector_difference_by_target,vision_cls_attention_minus_logit_concept,1,class_id,159,0.08658568622076024,0.08248542906746031,0.004100257153299924
selector_difference::correct_answer_margin::vision.late::target_1,correct_answer_margin,vision.late,selector_difference_by_target,vision_cls_attention_minus_logit_concept,1,class_id,194,0.08420261265142022,0.08248542906746031,0.0017171835839599053
selector_difference::correct_answer_margin::vision.late::target_1,correct_answer_margin,vision.late,selector_difference_by_target,vision_cls_attention_minus_logit_concept,1,class_id,195,0.07434504229323308,0.08248542906746031,-0.008140386774227237
selector_difference::correct_answer_margin::vision.late::target_1,correct_answer_margin,vision.late,selector_difference_by_target,vision_cls_attention_minus_logit_concept,1,class_id,25,0.08504496919381788,0.08248542906746031,0.0025595401263575623
selector_difference::correct_answer_margin::vision.late::target_1,correct_answer_margin,vision.late,selector_difference_by_target,vision_cls_attention_minus_logit_concept,1,class_id,36,0.0904030910609858,0.08248542906746031,0.00791766199352549
selector_difference::correct_answer_margin::vision.late::target_1,correct_answer_margin,vision.late,selector_difference_by_target,vision_cls_attention_minus_logit_concept,1,class_id,56,0.06934001670843776,0.08248542906746031,-0.013145412359022557
selector_difference::correct_answer_margin::vision.late::target_1,correct_answer_margin,vision.late,selector_difference_by_target,vision_cls_attention_minus_logit_concept,1,class_id,65,0.08754307644110276,0.08248542906746031,0.005057647373642449
selector_difference::correct_answer_margin::vision.late::target_1,correct_answer_margin,vision.late,selector_difference_by_target,vision_cls_attention_minus_logit_concept,1,class_id,67,0.09328350172305765,0.08248542906746031,0.010798072655597332
selector_difference::correct_answer_margin::vision.late::target_1,correct_answer_margin,vision.late,selector_difference_by_target,vision_cls_attention_minus_logit_concept,1,class_id,73,0.08127064079469506,0.08248542906746031,-0.0012147882727652493
selector_difference::correct_answer_margin::vision.late::target_1,correct_answer_margin,vision.late,selector_difference_by_target,vision_cls_attention_minus_logit_concept,1,class_id,78,0.08029522047305765,0.08248542906746031,-0.002190208594402665
selector_difference::correct_answer_margin::vision.late::target_1,correct_answer_margin,vision.late,selector_difference_by_target,vision_cls_attention_minus_logit_concept,1,class_id,92,0.09274529096177944,0.08248542906746031,0.010259861894319128
selector_difference::correct_answer_margin::vision.late::target_1,correct_answer_margin,vision.late,selector_difference_by_target,vision_cls_attention_minus_logit_concept,1,class_id,99,0.07811749425647452,0.08248542906746031,-0.004367934810985796
selector_difference_target_difference::correct_answer_margin::vision.late,correct_answer_margin,vision.late,selector_difference_target_difference,vision_cls_attention_minus_logit_concept,,attribute_id,100,0.26802814126480906,0.27174180249821384,-0.0037136612334047747
selector_difference_target_difference::correct_answer_margin::vision.late,correct_answer_margin,vision.late,selector_difference_target_difference,vision_cls_attention_minus_logit_concept,,attribute_id,101,0.23476425237592016,0.27174180249821384,-0.03697755012229367
selector_difference_target_difference::correct_answer_margin::vision.late,correct_answer_margin,vision.late,selector_difference_target_difference,vision_cls_attention_minus_logit_concept,,attribute_id,102,0.30913057182036463,0.27174180249821384,0.037388769322150794
selector_difference_target_difference::correct_answer_margin::vision.late,correct_answer_margin,vision.late,selector_difference_target_difference,vision_cls_attention_minus_logit_concept,,attribute_id,103,0.26819183174099953,0.27174180249821384,-0.0035499707572143047
selector_difference_target_difference::correct_answer_margin::vision.late,correct_answer_margin,vision.late,selector_difference_target_difference,vision_cls_attention_minus_logit_concept,,attribute_id,104,0.23468736745528526,0.27174180249821384,-0.037054435042928574
selector_difference_target_difference::correct_answer_margin::vision.late,correct_answer_margin,vision.late,selector_difference_target_difference,vision_cls_attention_minus_logit_concept,,attribute_id,105,0.25334064126480904,0.27174180249821384,-0.018401161233404795
selector_difference_target_difference::correct_answer_margin::vision.late,correct_answer_margin,vision.late,selector_difference_target_difference,vision_cls_attention_minus_logit_concept,,attribute_id,107,0.28009659364576145,0.27174180249821384,0.008354791147547613
selector_difference_target_difference::correct_answer_margin::vision.late,correct_answer_margin,vision.late,selector_difference_target_difference,vision_cls_attention_minus_logit_concept,,attribute_id,111,0.2928487431166609,0.27174180249821384,0.02110694061844709
selector_difference_target_difference::correct_answer_margin::vision.late,correct_answer_margin,vision.late,selector_difference_target_difference,vision_cls_attention_minus_logit_concept,,attribute_id,117,0.30000730793147573,0.27174180249821384,0.028265505433261895
selector_difference_target_difference::correct_answer_margin::vision.late,correct_answer_margin,vision.late,selector_difference_target_difference,vision_cls_attention_minus_logit_concept,,attribute_id,118,0.2946878634870313,0.27174180249821384,0.022946060988817463
selector_difference_target_difference::correct_answer_margin::vision.late,correct_answer_margin,vision.late,selector_difference_target_difference,vision_cls_attention_minus_logit_concept,,attribute_id,120,0.27659064126480903,0.27174180249821384,0.004848838766595198
selector_difference_target_difference::correct_answer_margin::vision.late,correct_answer_margin,vision.late,selector_difference_target_difference,vision_cls_attention_minus_logit_concept,,attribute_id,2,0.23379203015369796,0.27174180249821384,-0.03794977234451588
selector_difference_target_difference::correct_answer_margin::vision.late,correct_answer_margin,vision.late,selector_difference_target_difference,vision_cls_attention_minus_logit_concept,,attribute_id,294,0.25521564126480906,0.27174180249821384,-0.01652616123340478
selector_difference_target_difference::correct_answer_margin::vision.late,correct_answer_margin,vision.late,selector_difference_target_difference,vision_cls_attention_minus_logit_concept,,attribute_id,295,0.26250036348703126,0.27174180249821384,-0.009241439011182573
selector_difference_target_difference::correct_answer_margin::vision.late,correct_answer_margin,vision.late,selector_difference_target_difference,vision_cls_attention_minus_logit_concept,,attribute_id,299,0.2868360116351794,0.27174180249821384,0.015094209136965575
selector_difference_target_difference::correct_answer_margin::vision.late,correct_answer_margin,vision.late,selector_difference_target_difference,vision_cls_attention_minus_logit_concept,,attribute_id,305,0.29108067749669314,0.27174180249821384,0.019338874998479305
selector_difference_target_difference::correct_answer_margin::vision.late,correct_answer_margin,vision.late,selector_difference_target_difference,vision_cls_attention_minus_logit_concept,,attribute_id,306,0.27294480793147574,0.27174180249821384,0.0012030054332619056
selector_difference_target_difference::correct_answer_margin::vision.late,correct_answer_margin,vision.late,selector_difference_target_difference,vision_cls_attention_minus_logit_concept,,attribute_id,308,0.2661401204314757,0.27174180249821384,-0.005601682066738112
selector_difference_target_difference::correct_answer_margin::vision.late,correct_answer_margin,vision.late,selector_difference_target_difference,vision_cls_attention_minus_logit_concept,,attribute_id,309,0.2928140208944387,0.27174180249821384,0.021072218396224862
selector_difference_target_difference::correct_answer_margin::vision.late,correct_answer_margin,vision.late,selector_difference_target_difference,vision_cls_attention_minus_logit_concept,,attribute_id,310,0.2589209984076662,0.27174180249821384,-0.012820804090547644
selector_difference_target_difference::correct_answer_margin::vision.late,correct_answer_margin,vision.late,selector_difference_target_difference,vision_cls_attention_minus_logit_concept,,attribute_id,311,0.27049884438980903,0.27174180249821384,-0.0012429581084048014
selector_difference_target_difference::correct_answer_margin::vision.late,correct_answer_margin,vision.late,selector_difference_target_difference,vision_cls_attention_minus_logit_concept,,attribute_id,312,0.2720459984076662,0.27174180249821384,0.00030419590945235386
selector_difference_target_difference::correct_answer_margin::vision.late,correct_answer_margin,vision.late,selector_difference_target_difference,vision_cls_attention_minus_logit_concept,,attribute_id,5,0.2744864745981424,0.27174180249821384,0.002744672099928569
selector_difference_target_difference::correct_answer_margin::vision.late,correct_answer_margin,vision.late,selector_difference_target_difference,vision_cls_attention_minus_logit_concept,,attribute_id,7,0.27999614721719,0.27174180249821384,0.008254344718976181
selector_difference_target_difference::correct_answer_margin::vision.late,correct_answer_margin,vision.late,selector_difference_target_difference,vision_cls_attention_minus_logit_concept,,attribute_id,8,0.2773927245981424,0.27174180249821384,0.005650922099928568
selector_difference_target_difference::correct_answer_margin::vision.late,correct_answer_margin,vision.late,selector_difference_target_difference,vision_cls_attention_minus_logit_concept,,attribute_id,96,0.25824804867221646,0.27174180249821384,-0.013493753825997379
selector_difference_target_difference::correct_answer_margin::vision.late,correct_answer_margin,vision.late,selector_difference_target_difference,vision_cls_attention_minus_logit_concept,,class_id,104,0.16276081099014897,0.15900451337218915,0.003756297617959814
selector_difference_target_difference::correct_answer_margin::vision.late,correct_answer_margin,vision.late,selector_difference_target_difference,vision_cls_attention_minus_logit_concept,,class_id,108,0.15788874040570175,0.15900451337218915,-0.001115772966487405
selector_difference_target_difference::correct_answer_margin::vision.late,correct_answer_margin,vision.late,selector_difference_target_difference,vision_cls_attention_minus_logit_concept,,class_id,11,0.15857077045913395,0.15900451337218915,-0.00043374291305520174
selector_difference_target_difference::correct_answer_margin::vision.late,correct_answer_margin,vision.late,selector_difference_target_difference,vision_cls_attention_minus_logit_concept,,class_id,123,0.17082438626949317,0.15900451337218915,0.011819872897304018
selector_difference_target_difference::correct_answer_margin::vision.late,correct_answer_margin,vision.late,selector_difference_target_difference,vision_cls_attention_minus_logit_concept,,class_id,125,0.15306934599954747,0.15900451337218915,-0.0059351673726416865
selector_difference_target_difference::correct_answer_margin::vision.late,correct_answer_margin,vision.late,selector_difference_target_difference,vision_cls_attention_minus_logit_concept,,class_id,130,0.13653702126409775,0.15900451337218915,-0.022467492108091403
selector_difference_target_difference::correct_answer_margin::vision.late,correct_answer_margin,vision.late,selector_difference_target_difference,vision_cls_attention_minus_logit_concept,,class_id,131,0.1642883385764759,0.15900451337218915,0.005283825204286746
selector_difference_target_difference::correct_answer_margin::vision.late,correct_answer_margin,vision.late,selector_difference_target_difference,vision_cls_attention_minus_logit_concept,,class_id,150,0.15815856644649817,0.15900451337218915,-0.0008459469256909824
selector_difference_target_difference::correct_answer_margin::vision.late,correct_answer_margin,vision.late,selector_difference_target_difference,vision_cls_attention_minus_logit_concept,,class_id,159,0.1551984480515525,0.15900451337218915,-0.0038060653206366535
selector_difference_target_difference::correct_answer_margin::vision.late,correct_answer_margin,vision.late,selector_difference_target_difference,vision_cls_attention_minus_logit_concept,,class_id,194,0.16620672231794764,0.15900451337218915,0.007202208945758487
selector_difference_target_difference::correct_answer_margin::vision.late,correct_answer_margin,vision.late,selector_difference_target_difference,vision_cls_attention_minus_logit_concept,,class_id,195,0.1470760097944514,0.15900451337218915,-0.011928503577737753
selector_difference_target_difference::correct_answer_margin::vision.late,correct_answer_margin,vision.late,selector_difference_target_difference,vision_cls_attention_minus_logit_concept,,class_id,25,0.15287892854967278,0.15900451337218915,-0.006125584822516378
selector_difference_target_difference::correct_answer_margin::vision.late,correct_answer_margin,vision.late,selector_difference_target_difference,vision_cls_attention_minus_logit_concept,,class_id,36,0.17748304137078807,0.15900451337218915,0.01847852799859892
selector_difference_target_difference::correct_answer_margin::vision.late,correct_answer_margin,vision.late,selector_difference_target_difference,vision_cls_attention_minus_logit_concept,,class_id,56,0.13550639565493594,0.15900451337218915,-0.023498117717253214
selector_difference_target_difference::correct_answer_margin::vision.late,correct_answer_margin,vision.late,selector_difference_target_difference,vision_cls_attention_minus_logit_concept,,class_id,65,0.1702870321419869,0.15900451337218915,0.011282518769797745
selector_difference_target_difference::correct_answer_margin::vision.late,correct_answer_margin,vision.late,selector_difference_target_difference,vision_cls_attention_minus_logit_concept,,class_id,67,0.18465188307139377,0.15900451337218915,0.025647369699204614
selector_difference_target_difference::correct_answer_margin::vision.late,correct_answer_margin,vision.late,selector_difference_target_difference,vision_cls_attention_minus_logit_concept,,class_id,73,0.16499597246153577,0.15900451337218915,0.005991459089346618
selector_difference_target_difference::correct_answer_margin::vision.late,correct_answer_margin,vision.late,selector_difference_target_difference,vision_cls_attention_minus_logit_concept,,class_id,78,0.15042463200100947,0.15900451337218915,-0.008579881371179682
selector_difference_target_difference::correct_answer_margin::vision.late,correct_answer_margin,vision.late,selector_difference_target_difference,vision_cls_attention_minus_logit_concept,,class_id,92,0.16544350241924255,0.15900451337218915,0.006438989047053395
selector_difference_target_difference::correct_answer_margin::vision.late,correct_answer_margin,vision.late,selector_difference_target_difference,vision_cls_attention_minus_logit_concept,,class_id,99,0.14783971919816905,0.15900451337218915,-0.01116479417402011
selector_effect::correct_answer_margin::projector.output::vision_cls_attention::target_0,correct_answer_margin,projector.output,selector_effect_by_target,vision_cls_attention,0,attribute_id,100,-0.07862909579643049,-0.0820861030628071,0.0034570072663766133
selector_effect::correct_answer_margin::projector.output::vision_cls_attention::target_0,correct_answer_margin,projector.output,selector_effect_by_target,vision_cls_attention,0,attribute_id,101,-0.07178794996309716,-0.0820861030628071,0.010298153099709939
selector_effect::correct_answer_margin::projector.output::vision_cls_attention::target_0,correct_answer_margin,projector.output,selector_effect_by_target,vision_cls_attention,0,attribute_id,102,-0.09557137010198605,-0.0820861030628071,-0.013485267039178947
selector_effect::correct_answer_margin::projector.output::vision_cls_attention::target_0,correct_answer_margin,projector.output,selector_effect_by_target,vision_cls_attention,0,attribute_id,103,-0.08018353528055748,-0.0820861030628071,0.00190256778224962
selector_effect::correct_answer_margin::projector.output::vision_cls_attention::target_0,correct_answer_margin,projector.output,selector_effect_by_target,vision_cls_attention,0,attribute_id,104,-0.06629216623293842,-0.0820861030628071,0.015793936829868682
selector_effect::correct_answer_margin::projector.output::vision_cls_attention::target_0,correct_answer_margin,projector.output,selector_effect_by_target,vision_cls_attention,0,attribute_id,105,-0.06993009406031937,-0.0820861030628071,0.012156009002487728
selector_effect::correct_answer_margin::projector.output::vision_cls_attention::target_0,correct_answer_margin,projector.output,selector_effect_by_target,vision_cls_attention,0,attribute_id,107,-0.08518353528055747,-0.0820861030628071,-0.0030974322177503705
selector_effect::correct_answer_margin::projector.output::vision_cls_attention::target_0,correct_answer_margin,projector.output,selector_effect_by_target,vision_cls_attention,0,attribute_id,111,-0.0919740032038379,-0.0820861030628071,-0.009887900141030803
selector_effect::correct_answer_margin::projector.output::vision_cls_attention::target_0,correct_answer_margin,projector.output,selector_effect_by_target,vision_cls_attention,0,attribute_id,117,-0.09349358267914654,-0.0820861030628071,-0.011407479616339436
selector_effect::correct_answer_margin::projector.output::vision_cls_attention::target_0,correct_answer_margin,projector.output,selector_effect_by_target,vision_cls_attention,0,attribute_id,118,-0.09167249857420827,-0.0820861030628071,-0.009586395511401169
selector_effect::correct_answer_margin::projector.output::vision_cls_attention::target_0,correct_answer_margin,projector.output,selector_effect_by_target,vision_cls_attention,0,attribute_id,120,-0.08477267218531938,-0.0820861030628071,-0.002686569122512278
selector_effect::correct_answer_margin::projector.output::vision_cls_attention::target_0,correct_answer_margin,projector.output,selector_effect_by_target,vision_cls_attention,0,attribute_id,2,-0.07794767218531938,-0.0820861030628071,0.00413843087748772
selector_effect::correct_answer_margin::projector.output::vision_cls_attention::target_0,correct_answer_margin,projector.output,selector_effect_by_target,vision_cls_attention,0,attribute_id,294,-0.08411303676865271,-0.0820861030628071,-0.0020269337058456127
selector_effect::correct_answer_margin::projector.output::vision_cls_attention::target_0,correct_answer_margin,projector.output,selector_effect_by_target,vision_cls_attention,0,attribute_id,295,-0.08077579718531938,-0.0820861030628071,0.001310305877487719
selector_effect::correct_answer_margin::projector.output::vision_cls_attention::target_0,correct_answer_margin,projector.output,selector_effect_by_target,vision_cls_attention,0,attribute_id,299,-0.08964761431494901,-0.0820861030628071,-0.0075615112521419114
selector_effect::correct_answer_margin::projector.output::vision_cls_attention::target_0,correct_answer_margin,projector.output,selector_effect_by_target,vision_cls_attention,0,attribute_id,305,-0.09011592399691358,-0.0820861030628071,-0.00802982093410648
selector_effect::correct_answer_margin::projector.output::vision_cls_attention::target_0,correct_answer_margin,projector.output,selector_effect_by_target,vision_cls_attention,0,attribute_id,306,-0.08362996385198604,-0.0820861030628071,-0.0015438607891789385
selector_effect::correct_answer_margin::projector.output::vision_cls_attention::target_0,correct_answer_margin,projector.output,selector_effect_by_target,vision_cls_attention,0,attribute_id,308,-0.08115893520615271,-0.0820861030628071,0.0009271678566543928
selector_effect::correct_answer_margin::projector.output::vision_cls_attention::target_0,correct_answer_margin,projector.output,selector_effect_by_target,vision_cls_attention,0,attribute_id,309,-0.09122313514828234,-0.0820861030628071,-0.009137032085475241
selector_effect::correct_answer_margin::projector.output::vision_cls_attention::target_0,correct_answer_margin,projector.output,selector_effect_by_target,vision_cls_attention,0,attribute_id,310,-0.07093502337579558,-0.0820861030628071,0.011151079687011525
selector_effect::correct_answer_margin::projector.output::vision_cls_attention::target_0,correct_answer_margin,projector.output,selector_effect_by_target,vision_cls_attention,0,attribute_id,311,-0.0790104977061527,-0.0820861030628071,0.0030756053566543956
selector_effect::correct_answer_margin::projector.output::vision_cls_attention::target_0,correct_answer_margin,projector.output,selector_effect_by_target,vision_cls_attention,0,attribute_id,312,-0.07262587159008128,-0.0820861030628071,0.009460231472725816
selector_effect::correct_answer_margin::projector.output::vision_cls_attention::target_0,correct_answer_margin,projector.output,selector_effect_by_target,vision_cls_attention,0,attribute_id,5,-0.08085565829643049,-0.0820861030628071,0.0012304447663766122
selector_effect::correct_answer_margin::projector.output::vision_cls_attention::target_0,correct_answer_margin,projector.output,selector_effect_by_target,vision_cls_attention,0,attribute_id,7,-0.08400235968531938,-0.0820861030628071,-0.001916256622512283
selector_effect::correct_answer_margin::projector.output::vision_cls_attention::target_0,correct_answer_margin,projector.output,selector_effect_by_target,vision_cls_attention,0,attribute_id,8,-0.08342683885198604,-0.0820861030628071,-0.00134073578917894
selector_effect::correct_answer_margin::projector.output::vision_cls_attention::target_0,correct_answer_margin,projector.output,selector_effect_by_target,vision_cls_attention,0,attribute_id,96,-0.0752798481112453,-0.0820861030628071,0.006806254951561799
selector_effect::correct_answer_margin::projector.output::vision_cls_attention::target_0,correct_answer_margin,projector.output,selector_effect_by_target,vision_cls_attention,0,class_id,104,-0.043987379337014416,-0.043604339115203374,-0.0003830402218110429
selector_effect::correct_answer_margin::projector.output::vision_cls_attention::target_0,correct_answer_margin,projector.output,selector_effect_by_target,vision_cls_attention,0,class_id,108,-0.0476598906935307,-0.043604339115203374,-0.004055551578327328
selector_effect::correct_answer_margin::projector.output::vision_cls_attention::target_0,correct_answer_margin,projector.output,selector_effect_by_target,vision_cls_attention,0,class_id,11,-0.04021439707667607,-0.043604339115203374,0.0033899420385273063
selector_effect::correct_answer_margin::projector.output::vision_cls_attention::target_0,correct_answer_margin,projector.output,selector_effect_by_target,vision_cls_attention,0,class_id,123,-0.05206671055894946,-0.043604339115203374,-0.008462371443746085
selector_effect::correct_answer_margin::projector.output::vision_cls_attention::target_0,correct_answer_margin,projector.output,selector_effect_by_target,vision_cls_attention,0,class_id,125,-0.03958163026381057,-0.043604339115203374,0.004022708851392803
selector_effect::correct_answer_margin::projector.output::vision_cls_attention::target_0,correct_answer_margin,projector.output,selector_effect_by_target,vision_cls_attention,0,class_id,130,-0.03320104120435638,-0.043604339115203374,0.010403297910846994
selector_effect::correct_answer_margin::projector.output::vision_cls_attention::target_0,correct_answer_margin,projector.output,selector_effect_by_target,vision_cls_attention,0,class_id,131,-0.046125931555233576,-0.043604339115203374,-0.002521592440030203
selector_effect::correct_answer_margin::projector.output::vision_cls_attention::target_0,correct_answer_margin,projector.output,selector_effect_by_target,vision_cls_attention,0,class_id,150,-0.04699008466805034,-0.043604339115203374,-0.003385745552846965
selector_effect::correct_answer_margin::projector.output::vision_cls_attention::target_0,correct_answer_margin,projector.output,selector_effect_by_target,vision_cls_attention,0,class_id,159,-0.04019298123237782,-0.043604339115203374,0.0034113578828255525
selector_effect::correct_answer_margin::projector.output::vision_cls_attention::target_0,correct_answer_margin,projector.output,selector_effect_by_target,vision_cls_attention,0,class_id,194,-0.03996247536158104,-0.043604339115203374,0.0036418637536223333
selector_effect::correct_answer_margin::projector.output::vision_cls_attention::target_0,correct_answer_margin,projector.output,selector_effect_by_target,vision_cls_attention,0,class_id,195,-0.042941959798585005,-0.043604339115203374,0.0006623793166183681
selector_effect::correct_answer_margin::projector.output::vision_cls_attention::target_0,correct_answer_margin,projector.output,selector_effect_by_target,vision_cls_attention,0,class_id,25,-0.041797456287202384,-0.043604339115203374,0.00180688282800099
selector_effect::correct_answer_margin::projector.output::vision_cls_attention::target_0,correct_answer_margin,projector.output,selector_effect_by_target,vision_cls_attention,0,class_id,36,-0.05052170016512636,-0.043604339115203374,-0.006917361049922986
selector_effect::correct_answer_margin::projector.output::vision_cls_attention::target_0,correct_answer_margin,projector.output,selector_effect_by_target,vision_cls_attention,0,class_id,56,-0.04716807412955131,-0.043604339115203374,-0.003563735014347938
selector_effect::correct_answer_margin::projector.output::vision_cls_attention::target_0,correct_answer_margin,projector.output,selector_effect_by_target,vision_cls_attention,0,class_id,65,-0.04808828916366437,-0.043604339115203374,-0.0044839500484609995
selector_effect::correct_answer_margin::projector.output::vision_cls_attention::target_0,correct_answer_margin,projector.output,selector_effect_by_target,vision_cls_attention,0,class_id,67,-0.05245958932161132,-0.043604339115203374,-0.008855250206407948
selector_effect::correct_answer_margin::projector.output::vision_cls_attention::target_0,correct_answer_margin,projector.output,selector_effect_by_target,vision_cls_attention,0,class_id,73,-0.04866254313083055,-0.043604339115203374,-0.005058204015627177
selector_effect::correct_answer_margin::projector.output::vision_cls_attention::target_0,correct_answer_margin,projector.output,selector_effect_by_target,vision_cls_attention,0,class_id,78,-0.041321249494178154,-0.043604339115203374,0.0022830896210252194
selector_effect::correct_answer_margin::projector.output::vision_cls_attention::target_0,correct_answer_margin,projector.output,selector_effect_by_target,vision_cls_attention,0,class_id,92,-0.04263767124517022,-0.043604339115203374,0.0009666678700331541
selector_effect::correct_answer_margin::projector.output::vision_cls_attention::target_0,correct_answer_margin,projector.output,selector_effect_by_target,vision_cls_attention,0,class_id,99,-0.02650572761656746,-0.043604339115203374,0.017098611498635913
selector_effect::correct_answer_margin::projector.output::vision_cls_attention::target_1,correct_answer_margin,projector.output,selector_effect_by_target,vision_cls_attention,1,attribute_id,100,0.11295663781684927,0.11451534685914994,-0.0015587090423006683
selector_effect::correct_answer_margin::projector.output::vision_cls_attention::target_1,correct_answer_margin,projector.output,selector_effect_by_target,vision_cls_attention,1,attribute_id,101,0.10071401628907148,0.11451534685914994,-0.013801330570078457
selector_effect::correct_answer_margin::projector.output::vision_cls_attention::target_1,correct_answer_margin,projector.output,selector_effect_by_target,vision_cls_attention,1,attribute_id,102,0.12777868642796036,0.11451534685914994,0.013263339568810428
selector_effect::correct_answer_margin::projector.output::vision_cls_attention::target_1,correct_answer_margin,projector.output,selector_effect_by_target,vision_cls_attention,1,attribute_id,103,0.11511158573351593,0.11451534685914994,0.0005962388743659952
selector_effect::correct_answer_margin::projector.output::vision_cls_attention::target_1,correct_answer_margin,projector.output,selector_effect_by_target,vision_cls_attention,1,attribute_id,104,0.09958703216208736,0.11451534685914994,-0.014928314697062572
selector_effect::correct_answer_margin::projector.output::vision_cls_attention::target_1,correct_answer_margin,projector.output,selector_effect_by_target,vision_cls_attention,1,attribute_id,105,0.10902760135851593,0.11451534685914994,-0.005487745500634009
selector_effect::correct_answer_margin::projector.output::vision_cls_attention::target_1,correct_answer_margin,projector.output,selector_effect_by_target,vision_cls_attention,1,attribute_id,107,0.11517482978113498,0.11451534685914994,0.0006594829219850468
selector_effect::correct_answer_margin::projector.output::vision_cls_attention::target_1,correct_answer_margin,projector.output,selector_effect_by_target,vision_cls_attention,1,attribute_id,111,0.12502333341870112,0.11451534685914994,0.01050798655955118
selector_effect::correct_answer_margin::projector.output::vision_cls_attention::target_1,correct_answer_margin,projector.output,selector_effect_by_target,vision_cls_attention,1,attribute_id,117,0.1275913311038863,0.11451534685914994,0.013075984244736355
selector_effect::correct_answer_margin::projector.output::vision_cls_attention::target_1,correct_answer_margin,projector.output,selector_effect_by_target,vision_cls_attention,1,attribute_id,118,0.12621748851129372,0.11451534685914994,0.011702141652143783
selector_effect::correct_answer_margin::projector.output::vision_cls_attention::target_1,correct_answer_margin,projector.output,selector_effect_by_target,vision_cls_attention,1,attribute_id,120,0.1143938774001826,0.11451534685914994,-0.00012146945896733541
selector_effect::correct_answer_margin::projector.output::vision_cls_attention::target_1,correct_answer_margin,projector.output,selector_effect_by_target,vision_cls_attention,1,attribute_id,2,0.10059769684462704,0.11451534685914994,-0.0139176500145229
selector_effect::correct_answer_margin::projector.output::vision_cls_attention::target_1,correct_answer_margin,projector.output,selector_effect_by_target,vision_cls_attention,1,attribute_id,294,0.1095516899001826,0.11451534685914994,-0.004963656958967333
selector_effect::correct_answer_margin::projector.output::vision_cls_attention::target_1,correct_answer_margin,projector.output,selector_effect_by_target,vision_cls_attention,1,attribute_id,295,0.10883207184462704,0.11451534685914994,-0.005683275014522898
selector_effect::correct_answer_margin::projector.output::vision_cls_attention::target_1,correct_answer_margin,projector.output,selector_effect_by_target,vision_cls_attention,1,attribute_id,299,0.11992640054833074,0.11451534685914994,0.005411053689180809
selector_effect::correct_answer_margin::projector.output::vision_cls_attention::target_1,correct_answer_margin,projector.output,selector_effect_by_target,vision_cls_attention,1,attribute_id,305,0.12001647703786375,0.11451534685914994,0.0055011301787138145
selector_effect::correct_answer_margin::projector.output::vision_cls_attention::target_1,correct_answer_margin,projector.output,selector_effect_by_target,vision_cls_attention,1,attribute_id,306,0.11441627323351593,0.11451534685914994,-9.907362563400801e-05
selector_effect::correct_answer_margin::projector.output::vision_cls_attention::target_1,correct_answer_margin,projector.output,selector_effect_by_target,vision_cls_attention,1,attribute_id,308,0.10727629927518259,0.11451534685914994,-0.007239047583967345
selector_effect::correct_answer_margin::projector.output::vision_cls_attention::target_1,correct_answer_margin,projector.output,selector_effect_by_target,vision_cls_attention,1,attribute_id,309,0.12047472230759,0.11451534685914994,0.005959375448440066
selector_effect::correct_answer_margin::projector.output::vision_cls_attention::target_1,correct_answer_margin,projector.output,selector_effect_by_target,vision_cls_attention,1,attribute_id,310,0.11716515716208736,0.11451534685914994,0.0026498103029374276
selector_effect::correct_answer_margin::projector.output::vision_cls_attention::target_1,correct_answer_margin,projector.output,selector_effect_by_target,vision_cls_attention,1,attribute_id,311,0.10688974328559926,0.11451534685914994,-0.007625603573550674
selector_effect::correct_answer_margin::projector.output::vision_cls_attention::target_1,correct_answer_margin,projector.output,selector_effect_by_target,vision_cls_attention,1,attribute_id,312,0.11526597561446832,0.11451534685914994,0.0007506287553183805
selector_effect::correct_answer_margin::projector.output::vision_cls_attention::target_1,correct_answer_margin,projector.output,selector_effect_by_target,vision_cls_attention,1,attribute_id,5,0.11918276628907148,0.11451534685914994,0.004667419429921549
selector_effect::correct_answer_margin::projector.output::vision_cls_attention::target_1,correct_answer_margin,projector.output,selector_effect_by_target,vision_cls_attention,1,attribute_id,7,0.11990418245970641,0.11451534685914994,0.005388835600556474
selector_effect::correct_answer_margin::projector.output::vision_cls_attention::target_1,correct_answer_margin,projector.output,selector_effect_by_target,vision_cls_attention,1,attribute_id,8,0.11648007531684926,0.11451534685914994,0.001964728457699322
selector_effect::correct_answer_margin::projector.output::vision_cls_attention::target_1,correct_answer_margin,projector.output,selector_effect_by_target,vision_cls_attention,1,attribute_id,96,0.10784306721499741,0.11451534685914994,-0.006672279644152526
selector_effect::correct_answer_margin::projector.output::vision_cls_attention::target_1,correct_answer_margin,projector.output,selector_effect_by_target,vision_cls_attention,1,class_id,104,0.0876318536140699,0.08387926212694279,0.003752591487127116
selector_effect::correct_answer_margin::projector.output::vision_cls_attention::target_1,correct_answer_margin,projector.output,selector_effect_by_target,vision_cls_attention,1,class_id,108,0.0846075794684193,0.08387926212694279,0.0007283173414765198
selector_effect::correct_answer_margin::projector.output::vision_cls_attention::target_1,correct_answer_margin,projector.output,selector_effect_by_target,vision_cls_attention,1,class_id,11,0.08170063355545983,0.08387926212694279,-0.00217862857148296
selector_effect::correct_answer_margin::projector.output::vision_cls_attention::target_1,correct_answer_margin,projector.output,selector_effect_by_target,vision_cls_attention,1,class_id,123,0.08665060002436648,0.08387926212694279,0.0027713378974236896
selector_effect::correct_answer_margin::projector.output::vision_cls_attention::target_1,correct_answer_margin,projector.output,selector_effect_by_target,vision_cls_attention,1,class_id,125,0.08268736008315059,0.08387926212694279,-0.0011919020437922007
selector_effect::correct_answer_margin::projector.output::vision_cls_attention::target_1,correct_answer_margin,projector.output,selector_effect_by_target,vision_cls_attention,1,class_id,130,0.0755135553456123,0.08387926212694279,-0.008365706781330487
selector_effect::correct_answer_margin::projector.output::vision_cls_attention::target_1,correct_answer_margin,projector.output,selector_effect_by_target,vision_cls_attention,1,class_id,131,0.07868803614396233,0.08387926212694279,-0.005191225982980455
selector_effect::correct_answer_margin::projector.output::vision_cls_attention::target_1,correct_answer_margin,projector.output,selector_effect_by_target,vision_cls_attention,1,class_id,150,0.0759349783693174,0.08387926212694279,-0.00794428375762539
selector_effect::correct_answer_margin::projector.output::vision_cls_attention::target_1,correct_answer_margin,projector.output,selector_effect_by_target,vision_cls_attention,1,class_id,159,0.08593240438879317,0.08387926212694279,0.0020531422618503825
selector_effect::correct_answer_margin::projector.output::vision_cls_attention::target_1,correct_answer_margin,projector.output,selector_effect_by_target,vision_cls_attention,1,class_id,194,0.08429026804206698,0.08387926212694279,0.0004110059151241907
selector_effect::correct_answer_margin::projector.output::vision_cls_attention::target_1,correct_answer_margin,projector.output,selector_effect_by_target,vision_cls_attention,1,class_id,195,0.07937426098340469,0.08387926212694279,-0.004505001143538093
selector_effect::correct_answer_margin::projector.output::vision_cls_attention::target_1,correct_answer_margin,projector.output,selector_effect_by_target,vision_cls_attention,1,class_id,25,0.08604386875935499,0.08387926212694279,0.0021646066324122054
selector_effect::correct_answer_margin::projector.output::vision_cls_attention::target_1,correct_answer_margin,projector.output,selector_effect_by_target,vision_cls_attention,1,class_id,36,0.09247653571319793,0.08387926212694279,0.008597273586255144
selector_effect::correct_answer_margin::projector.output::vision_cls_attention::target_1,correct_answer_margin,projector.output,selector_effect_by_target,vision_cls_attention,1,class_id,56,0.07856831137631405,0.08387926212694279,-0.0053109507506287346
selector_effect::correct_answer_margin::projector.output::vision_cls_attention::target_1,correct_answer_margin,projector.output,selector_effect_by_target,vision_cls_attention,1,class_id,65,0.08661993457493561,0.08387926212694279,0.002740672447992823
selector_effect::correct_answer_margin::projector.output::vision_cls_attention::target_1,correct_answer_margin,projector.output,selector_effect_by_target,vision_cls_attention,1,class_id,67,0.08963145099619708,0.08387926212694279,0.005752188869254299
selector_effect::correct_answer_margin::projector.output::vision_cls_attention::target_1,correct_answer_margin,projector.output,selector_effect_by_target,vision_cls_attention,1,class_id,73,0.08845914767931112,0.08387926212694279,0.004579885552368337
selector_effect::correct_answer_margin::projector.output::vision_cls_attention::target_1,correct_answer_margin,projector.output,selector_effect_by_target,vision_cls_attention,1,class_id,78,0.08298026084634329,0.08387926212694279,-0.0008990012805994985
selector_effect::correct_answer_margin::projector.output::vision_cls_attention::target_1,correct_answer_margin,projector.output,selector_effect_by_target,vision_cls_attention,1,class_id,92,0.09010115145176309,0.08387926212694279,0.006221889324820304
selector_effect::correct_answer_margin::projector.output::vision_cls_attention::target_1,correct_answer_margin,projector.output,selector_effect_by_target,vision_cls_attention,1,class_id,99,0.07969305112281572,0.08387926212694279,-0.004186211004127069
selector_target_difference::correct_answer_margin::projector.output::vision_cls_attention,correct_answer_margin,projector.output,selector_target_difference,vision_cls_attention,,attribute_id,100,0.19158573361327977,0.19660144992195702,-0.005015716308677254
selector_target_difference::correct_answer_margin::projector.output::vision_cls_attention,correct_answer_margin,projector.output,selector_target_difference,vision_cls_attention,,attribute_id,101,0.17250196625216865,0.19660144992195702,-0.02409948366978837
selector_target_difference::correct_answer_margin::projector.output::vision_cls_attention,correct_answer_margin,projector.output,selector_target_difference,vision_cls_attention,,attribute_id,102,0.2233500565299464,0.19660144992195702,0.02674860660798939
selector_target_difference::correct_answer_margin::projector.output::vision_cls_attention,correct_answer_margin,projector.output,selector_target_difference,vision_cls_attention,,attribute_id,103,0.1952951210140734,0.19660144992195702,-0.0013063289078836249
selector_target_difference::correct_answer_margin::projector.output::vision_cls_attention,correct_answer_margin,projector.output,selector_target_difference,vision_cls_attention,,attribute_id,104,0.1658791983950258,0.19660144992195702,-0.030722251526931227
selector_target_difference::correct_answer_margin::projector.output::vision_cls_attention,correct_answer_margin,projector.output,selector_target_difference,vision_cls_attention,,attribute_id,105,0.1789576954188353,0.19660144992195702,-0.017643754503121722
selector_target_difference::correct_answer_margin::projector.output::vision_cls_attention,correct_answer_margin,projector.output,selector_target_difference,vision_cls_attention,,attribute_id,107,0.20035836506169244,0.19660144992195702,0.0037569151397354172
selector_target_difference::correct_answer_margin::projector.output::vision_cls_attention,correct_answer_margin,projector.output,selector_target_difference,vision_cls_attention,,attribute_id,111,0.216997336622539,0.19660144992195702,0.020395886700581983
selector_target_difference::correct_answer_margin::projector.output::vision_cls_attention,correct_answer_margin,projector.output,selector_target_difference,vision_cls_attention,,attribute_id,117,0.22108491378303285,0.19660144992195702,0.024483463861075833
selector_target_difference::correct_answer_margin::projector.output::vision_cls_attention,correct_answer_margin,projector.output,selector_target_difference,vision_cls_attention,,attribute_id,118,0.21788998708550197,0.19660144992195702,0.02128853716354495
selector_target_difference::correct_answer_margin::projector.output::vision_cls_attention,correct_answer_margin,projector.output,selector_target_difference,vision_cls_attention,,attribute_id,120,0.19916654958550198,0.19660144992195702,0.0025650996635449563
selector_target_difference::correct_answer_margin::projector.output::vision_cls_attention,correct_answer_margin,projector.output,selector_target_difference,vision_cls_attention,,attribute_id,2,0.17854536902994642,0.19660144992195702,-0.018056080892010606
selector_target_difference::correct_answer_margin::projector.output::vision_cls_attention,correct_answer_margin,projector.output,selector_target_difference,vision_cls_attention,,attribute_id,294,0.1936647266688353,0.19660144992195702,-0.0029367232531217202
selector_target_difference::correct_answer_margin::projector.output::vision_cls_attention,correct_answer_margin,projector.output,selector_target_difference,vision_cls_attention,,attribute_id,295,0.18960786902994642,0.19660144992195702,-0.0069935808920106035
selector_target_difference::correct_answer_margin::projector.output::vision_cls_attention,correct_answer_margin,projector.output,selector_target_difference,vision_cls_attention,,attribute_id,299,0.20957401486327976,0.19660144992195702,0.012972564941322734
selector_target_difference::correct_answer_margin::projector.output::vision_cls_attention,correct_answer_margin,projector.output,selector_target_difference,vision_cls_attention,,attribute_id,305,0.21013240103477734,0.19660144992195702,0.013530951112820322
selector_target_difference::correct_answer_margin::projector.output::vision_cls_attention,correct_answer_margin,projector.output,selector_target_difference,vision_cls_attention,,attribute_id,306,0.19804623708550198,0.19660144992195702,0.0014447871635449583
selector_target_difference::correct_answer_margin::projector.output::vision_cls_attention,correct_answer_margin,projector.output,selector_target_difference,vision_cls_attention,,attribute_id,308,0.1884352344813353,0.19660144992195702,-0.00816621544062171
selector_target_difference::correct_answer_margin::projector.output::vision_cls_attention,correct_answer_margin,projector.output,selector_target_difference,vision_cls_attention,,attribute_id,309,0.21169785745587236,0.19660144992195702,0.015096407533915335
selector_target_difference::correct_answer_margin::projector.output::vision_cls_attention,correct_answer_margin,projector.output,selector_target_difference,vision_cls_attention,,attribute_id,310,0.18810018053788294,0.19660144992195702,-0.008501269384074084
selector_target_difference::correct_answer_margin::projector.output::vision_cls_attention,correct_answer_margin,projector.output,selector_target_difference,vision_cls_attention,,attribute_id,311,0.18590024099175198,0.19660144992195702,-0.010701208930205042
selector_target_difference::correct_answer_margin::projector.output::vision_cls_attention,correct_answer_margin,projector.output,selector_target_difference,vision_cls_attention,,attribute_id,312,0.1878918472045496,0.19660144992195702,-0.008709602717407422
selector_target_difference::correct_answer_margin::projector.output::vision_cls_attention,correct_answer_margin,projector.output,selector_target_difference,vision_cls_attention,,attribute_id,5,0.20003842458550197,0.19660144992195702,0.0034369746635449505
selector_target_difference::correct_answer_margin::projector.output::vision_cls_attention,correct_answer_margin,projector.output,selector_target_difference,vision_cls_attention,,attribute_id,7,0.2039065421450258,0.19660144992195702,0.007305092223068771
selector_target_difference::correct_answer_margin::projector.output::vision_cls_attention,correct_answer_margin,projector.output,selector_target_difference,vision_cls_attention,,attribute_id,8,0.1999069141688353,0.19660144992195702,0.0033054642468782758
selector_target_difference::correct_answer_margin::projector.output::vision_cls_attention,correct_answer_margin,projector.output,selector_target_difference,vision_cls_attention,,attribute_id,96,0.18312291532624272,0.19660144992195702,-0.013478534595714298
selector_target_difference::correct_answer_margin::projector.output::vision_cls_attention,correct_answer_margin,projector.output,selector_target_difference,vision_cls_attention,,class_id,104,0.13161923295108433,0.12748360124214617,0.004135631708938159
selector_target_difference::correct_answer_margin::projector.output::vision_cls_attention,correct_answer_margin,projector.output,selector_target_difference,vision_cls_attention,,class_id,108,0.13226747016195,0.12748360124214617,0.004783868919803841
selector_target_difference::correct_answer_margin::projector.output::vision_cls_attention,correct_answer_margin,projector.output,selector_target_difference,vision_cls_attention,,class_id,11,0.12191503063213589,0.12748360124214617,-0.005568570610010273
selector_target_difference::correct_answer_margin::projector.output::vision_cls_attention,correct_answer_margin,projector.output,selector_target_difference,vision_cls_attention,,class_id,123,0.13871731058331593,0.12748360124214617,0.011233709341169767
selector_target_difference::correct_answer_margin::projector.output::vision_cls_attention,correct_answer_margin,projector.output,selector_target_difference,vision_cls_attention,,class_id,125,0.12226899034696116,0.12748360124214617,-0.005214610895185004
selector_target_difference::correct_answer_margin::projector.output::vision_cls_attention,correct_answer_margin,projector.output,selector_target_difference,vision_cls_attention,,class_id,130,0.10871459654996868,0.12748360124214617,-0.018769004692177488
selector_target_difference::correct_answer_margin::projector.output::vision_cls_attention,correct_answer_margin,projector.output,selector_target_difference,vision_cls_attention,,class_id,131,0.12481396769919591,0.12748360124214617,-0.002669633542950259
selector_target_difference::correct_answer_margin::projector.output::vision_cls_attention,correct_answer_margin,projector.output,selector_target_difference,vision_cls_attention,,class_id,150,0.12292506303736773,0.12748360124214617,-0.004558538204778431
selector_target_difference::correct_answer_margin::projector.output::vision_cls_attention,correct_answer_margin,projector.output,selector_target_difference,vision_cls_attention,,class_id,159,0.12612538562117098,0.12748360124214617,-0.0013582156209751839
selector_target_difference::correct_answer_margin::projector.output::vision_cls_attention,correct_answer_margin,projector.output,selector_target_difference,vision_cls_attention,,class_id,194,0.12425274340364802,0.12748360124214617,-0.0032308578384981496
selector_target_difference::correct_answer_margin::projector.output::vision_cls_attention,correct_answer_margin,projector.output,selector_target_difference,vision_cls_attention,,class_id,195,0.1223162207819897,0.12748360124214617,-0.005167380460156468
selector_target_difference::correct_answer_margin::projector.output::vision_cls_attention,correct_answer_margin,projector.output,selector_target_difference,vision_cls_attention,,class_id,25,0.12784132504655737,0.12748360124214617,0.00035772380441120855
selector_target_difference::correct_answer_margin::projector.output::vision_cls_attention,correct_answer_margin,projector.output,selector_target_difference,vision_cls_attention,,class_id,36,0.14299823587832428,0.12748360124214617,0.01551463463617811
selector_target_difference::correct_answer_margin::projector.output::vision_cls_attention,correct_answer_margin,projector.output,selector_target_difference,vision_cls_attention,,class_id,56,0.12573638550586536,0.12748360124214617,-0.0017472157362808105
selector_target_difference::correct_answer_margin::projector.output::vision_cls_attention,correct_answer_margin,projector.output,selector_target_difference,vision_cls_attention,,class_id,65,0.13470822373859997,0.12748360124214617,0.007224622496453809
selector_target_difference::correct_answer_margin::projector.output::vision_cls_attention,correct_answer_margin,projector.output,selector_target_difference,vision_cls_attention,,class_id,67,0.14209104031780842,0.12748360124214617,0.014607439075662254
selector_target_difference::correct_answer_margin::projector.output::vision_cls_attention,correct_answer_margin,projector.output,selector_target_difference,vision_cls_attention,,class_id,73,0.13712169081014167,0.12748360124214617,0.0096380895679955
selector_target_difference::correct_answer_margin::projector.output::vision_cls_attention,correct_answer_margin,projector.output,selector_target_difference,vision_cls_attention,,class_id,78,0.12430151034052145,0.12748360124214617,-0.003182090901624718
selector_target_difference::correct_answer_margin::projector.output::vision_cls_attention,correct_answer_margin,projector.output,selector_target_difference,vision_cls_attention,,class_id,92,0.1327388226969333,0.12748360124214617,0.005255221454787129
selector_target_difference::correct_answer_margin::projector.output::vision_cls_attention,correct_answer_margin,projector.output,selector_target_difference,vision_cls_attention,,class_id,99,0.10619877873938319,0.12748360124214617,-0.02128482250276298
selector_effect::correct_answer_margin::projector.output::logit_concept::target_0,correct_answer_margin,projector.output,selector_effect_by_target,logit_concept,0,attribute_id,100,0.028086999085815887,0.026881529569694765,0.0012054695161211222
selector_effect::correct_answer_margin::projector.output::logit_concept::target_0,correct_answer_margin,projector.output,selector_effect_by_target,logit_concept,0,attribute_id,101,0.022817901863593667,0.026881529569694765,-0.004063627706101098
selector_effect::correct_answer_margin::projector.output::logit_concept::target_0,correct_answer_margin,projector.output,selector_effect_by_target,logit_concept,0,attribute_id,102,0.031177276863593666,0.026881529569694765,0.004295747293898901
selector_effect::correct_answer_margin::projector.output::logit_concept::target_0,correct_answer_margin,projector.output,selector_effect_by_target,logit_concept,0,attribute_id,103,0.023462743133434934,0.026881529569694765,-0.0034187864362598304
selector_effect::correct_answer_margin::projector.output::logit_concept::target_0,correct_answer_margin,projector.output,selector_effect_by_target,logit_concept,0,attribute_id,104,0.026498457419149222,0.026881529569694765,-0.00038307215054554297
selector_effect::correct_answer_margin::projector.output::logit_concept::target_0,correct_answer_margin,projector.output,selector_effect_by_target,logit_concept,0,attribute_id,105,0.03136824908581589,0.026881529569694765,0.004486719516121125
selector_effect::correct_answer_margin::projector.output::logit_concept::target_0,correct_answer_margin,projector.output,selector_effect_by_target,logit_concept,0,attribute_id,107,0.025746969323911125,0.026881529569694765,-0.0011345602457836397
selector_effect::correct_answer_margin::projector.output::logit_concept::target_0,correct_answer_margin,projector.output,selector_effect_by_target,logit_concept,0,attribute_id,111,0.025746142604334405,0.026881529569694765,-0.0011353869653603597
selector_effect::correct_answer_margin::projector.output::logit_concept::target_0,correct_answer_margin,projector.output,selector_effect_by_target,logit_concept,0,attribute_id,117,0.02355092655495169,0.026881529569694765,-0.0033306030147430762
selector_effect::correct_answer_margin::projector.output::logit_concept::target_0,correct_answer_margin,projector.output,selector_effect_by_target,logit_concept,0,attribute_id,118,0.025939429641371442,0.026881529569694765,-0.0009420999283233228
selector_effect::correct_answer_margin::projector.output::logit_concept::target_0,correct_answer_margin,projector.output,selector_effect_by_target,logit_concept,0,attribute_id,120,0.027627624085815886,0.026881529569694765,0.0007460945161211208
selector_effect::correct_answer_margin::projector.output::logit_concept::target_0,correct_answer_margin,projector.output,selector_effect_by_target,logit_concept,0,attribute_id,2,0.028963735196926996,0.026881529569694765,0.0020822056272322316
selector_effect::correct_answer_margin::projector.output::logit_concept::target_0,correct_answer_margin,projector.output,selector_effect_by_target,logit_concept,0,attribute_id,294,0.02368595741914922,0.026881529569694765,-0.0031955721505455455
selector_effect::correct_answer_margin::projector.output::logit_concept::target_0,correct_answer_margin,projector.output,selector_effect_by_target,logit_concept,0,attribute_id,295,0.02476234630803811,0.026881529569694765,-0.002119183261656655
selector_effect::correct_answer_margin::projector.output::logit_concept::target_0,correct_answer_margin,projector.output,selector_effect_by_target,logit_concept,0,attribute_id,299,0.025966050011741813,0.026881529569694765,-0.0009154795579529515
selector_effect::correct_answer_margin::projector.output::logit_concept::target_0,correct_answer_margin,projector.output,selector_effect_by_target,logit_concept,0,attribute_id,305,0.026702261766975308,0.026881529569694765,-0.0001792678027194572
selector_effect::correct_answer_margin::projector.output::logit_concept::target_0,correct_answer_margin,projector.output,selector_effect_by_target,logit_concept,0,attribute_id,306,0.026790124085815888,0.026881529569694765,-9.14054838788772e-05
selector_effect::correct_answer_margin::projector.output::logit_concept::target_0,correct_answer_margin,projector.output,selector_effect_by_target,logit_concept,0,attribute_id,308,0.025398197002482553,0.026881529569694765,-0.0014833325672122116
selector_effect::correct_answer_margin::projector.output::logit_concept::target_0,correct_answer_margin,projector.output,selector_effect_by_target,logit_concept,0,attribute_id,309,0.027412809271001072,0.026881529569694765,0.0005312797013063073
selector_effect::correct_answer_margin::projector.output::logit_concept::target_0,correct_answer_margin,projector.output,selector_effect_by_target,logit_concept,0,attribute_id,310,0.02719786218105398,0.026881529569694765,0.00031633261135921575
selector_effect::correct_answer_margin::projector.output::logit_concept::target_0,correct_answer_margin,projector.output,selector_effect_by_target,logit_concept,0,attribute_id,311,0.029841556377482554,0.026881529569694765,0.002960026807787789
selector_effect::correct_answer_margin::projector.output::logit_concept::target_0,correct_answer_margin,projector.output,selector_effect_by_target,logit_concept,0,attribute_id,312,0.03210113599057779,0.026881529569694765,0.0052196064208830245
selector_effect::correct_answer_margin::projector.output::logit_concept::target_0,correct_answer_margin,projector.output,selector_effect_by_target,logit_concept,0,attribute_id,5,0.027817901863593664,0.026881529569694765,0.0009363722938988996
selector_effect::correct_answer_margin::projector.output::logit_concept::target_0,correct_answer_margin,projector.output,selector_effect_by_target,logit_concept,0,attribute_id,7,0.02546795146676827,0.026881529569694765,-0.0014135781029264959
selector_effect::correct_answer_margin::projector.output::logit_concept::target_0,correct_answer_margin,projector.output,selector_effect_by_target,logit_concept,0,attribute_id,8,0.027816165752482552,0.026881529569694765,0.0009346361827877875
selector_effect::correct_answer_margin::projector.output::logit_concept::target_0,correct_answer_margin,projector.output,selector_effect_by_target,logit_concept,0,attribute_id,96,0.02697299445618626,0.026881529569694765,9.146488649149423e-05
selector_effect::correct_answer_margin::projector.output::logit_concept::target_0,correct_answer_margin,projector.output,selector_effect_by_target,logit_concept,0,class_id,104,0.02399323776019911,0.025038119522982804,-0.0010448817627836948
selector_effect::correct_answer_margin::projector.output::logit_concept::target_0,correct_answer_margin,projector.output,selector_effect_by_target,logit_concept,0,class_id,108,0.017225015120265943,0.025038119522982804,-0.007813104402716861
selector_effect::correct_answer_margin::projector.output::logit_concept::target_0,correct_answer_margin,projector.output,selector_effect_by_target,logit_concept,0,class_id,11,0.024706609731794765,0.025038119522982804,-0.00033150979118803936
selector_effect::correct_answer_margin::projector.output::logit_concept::target_0,correct_answer_margin,projector.output,selector_effect_by_target,logit_concept,0,class_id,123,0.023844550612642717,0.025038119522982804,-0.001193568910340087
selector_effect::correct_answer_margin::projector.output::logit_concept::target_0,correct_answer_margin,projector.output,selector_effect_by_target,logit_concept,0,class_id,125,0.027920699644075467,0.025038119522982804,0.002882580121092663
selector_effect::correct_answer_margin::projector.output::logit_concept::target_0,correct_answer_margin,projector.output,selector_effect_by_target,logit_concept,0,class_id,130,0.027767267017369812,0.025038119522982804,0.0027291474943870082
selector_effect::correct_answer_margin::projector.output::logit_concept::target_0,correct_answer_margin,projector.output,selector_effect_by_target,logit_concept,0,class_id,131,0.025686598766882483,0.025038119522982804,0.0006484792438996786
selector_effect::correct_answer_margin::projector.output::logit_concept::target_0,correct_answer_margin,projector.output,selector_effect_by_target,logit_concept,0,class_id,150,0.02445076177857839,0.025038119522982804,-0.0005873577444044133
selector_effect::correct_answer_margin::projector.output::logit_concept::target_0,correct_answer_margin,projector.output,selector_effect_by_target,logit_concept,0,class_id,159,0.022138340099380396,0.025038119522982804,-0.0028997794236024083
selector_effect::correct_answer_margin::projector.output::logit_concept::target_0,correct_answer_margin,projector.output,selector_effect_by_target,logit_concept,0,class_id,194,0.03013224249860763,0.025038119522982804,0.005094122975624827
selector_effect::correct_answer_margin::projector.output::logit_concept::target_0,correct_answer_margin,projector.output,selector_effect_by_target,logit_concept,0,class_id,195,0.022399735776072127,0.025038119522982804,-0.0026383837469106768
selector_effect::correct_answer_margin::projector.output::logit_concept::target_0,correct_answer_margin,projector.output,selector_effect_by_target,logit_concept,0,class_id,25,0.020268104614835702,0.025038119522982804,-0.004770014908147102
selector_effect::correct_answer_margin::projector.output::logit_concept::target_0,correct_answer_margin,projector.output,selector_effect_by_target,logit_concept,0,class_id,36,0.02874421024349067,0.025038119522982804,0.0037060907205078673
selector_effect::correct_answer_margin::projector.output::logit_concept::target_0,correct_answer_margin,projector.output,selector_effect_by_target,logit_concept,0,class_id,56,0.012103432953042328,0.025038119522982804,-0.012934686569940476
selector_effect::correct_answer_margin::projector.output::logit_concept::target_0,correct_answer_margin,projector.output,selector_effect_by_target,logit_concept,0,class_id,65,0.025984707319514064,0.025038119522982804,0.0009465877965312598
selector_effect::correct_answer_margin::projector.output::logit_concept::target_0,correct_answer_margin,projector.output,selector_effect_by_target,logit_concept,0,class_id,67,0.029347769923941797,0.025038119522982804,0.004309650400958993
selector_effect::correct_answer_margin::projector.output::logit_concept::target_0,correct_answer_margin,projector.output,selector_effect_by_target,logit_concept,0,class_id,73,0.02539403793772626,0.025038119522982804,0.00035591841474345506
selector_effect::correct_answer_margin::projector.output::logit_concept::target_0,correct_answer_margin,projector.output,selector_effect_by_target,logit_concept,0,class_id,78,0.022064751179163185,0.025038119522982804,-0.002973368343819619
selector_effect::correct_answer_margin::projector.output::logit_concept::target_0,correct_answer_margin,projector.output,selector_effect_by_target,logit_concept,0,class_id,92,0.025814808288081314,0.025038119522982804,0.0007766887650985099
selector_effect::correct_answer_margin::projector.output::logit_concept::target_0,correct_answer_margin,projector.output,selector_effect_by_target,logit_concept,0,class_id,99,0.04077550919399192,0.025038119522982804,0.015737389671009117
selector_effect::correct_answer_margin::projector.output::logit_concept::target_1,correct_answer_margin,projector.output,selector_effect_by_target,logit_concept,1,attribute_id,100,-0.025044166205381104,-0.024631810453892088,-0.0004123557514890165
selector_effect::correct_answer_margin::projector.output::logit_concept::target_1,correct_answer_margin,projector.output,selector_effect_by_target,logit_concept,1,attribute_id,101,-0.019811527316492217,-0.024631810453892088,0.004820283137399871
selector_effect::correct_answer_margin::projector.output::logit_concept::target_1,correct_answer_margin,projector.output,selector_effect_by_target,logit_concept,1,attribute_id,102,-0.025018124538714437,-0.024631810453892088,-0.00038631408482234925
selector_effect::correct_answer_margin::projector.output::logit_concept::target_1,correct_answer_margin,projector.output,selector_effect_by_target,logit_concept,1,attribute_id,103,-0.025140892395857293,-0.024631810453892088,-0.0005090819419652053
selector_effect::correct_answer_margin::projector.output::logit_concept::target_1,correct_answer_margin,projector.output,selector_effect_by_target,logit_concept,1,attribute_id,104,-0.021212320967285866,-0.024631810453892088,0.003419489486606222
selector_effect::correct_answer_margin::projector.output::logit_concept::target_1,correct_answer_margin,projector.output,selector_effect_by_target,logit_concept,1,attribute_id,105,-0.02335145787204777,-0.024631810453892088,0.0012803525818443177
selector_effect::correct_answer_margin::projector.output::logit_concept::target_1,correct_answer_margin,projector.output,selector_effect_by_target,logit_concept,1,attribute_id,107,-0.029262916205381104,-0.024631810453892088,-0.004631105751489017
selector_effect::correct_answer_margin::projector.output::logit_concept::target_1,correct_answer_margin,projector.output,selector_effect_by_target,logit_concept,1,attribute_id,111,-0.02356268472389962,-0.024631810453892088,0.0010691257299924664
selector_effect::correct_answer_margin::projector.output::logit_concept::target_1,correct_answer_margin,projector.output,selector_effect_by_target,logit_concept,1,attribute_id,117,-0.024625570526368757,-0.024631810453892088,6.239927523330607e-06
selector_effect::correct_answer_margin::projector.output::logit_concept::target_1,correct_answer_margin,projector.output,selector_effect_by_target,logit_concept,1,attribute_id,118,-0.027592777316492217,-0.024631810453892088,-0.002960966862600129
selector_effect::correct_answer_margin::projector.output::logit_concept::target_1,correct_answer_margin,projector.output,selector_effect_by_target,logit_concept,1,attribute_id,120,-0.02766708287204777,-0.024631810453892088,-0.0030352724181556823
selector_effect::correct_answer_margin::projector.output::logit_concept::target_1,correct_answer_margin,projector.output,selector_effect_by_target,logit_concept,1,attribute_id,2,-0.014540693983158883,-0.024631810453892088,0.010091116470733205
selector_effect::correct_answer_margin::projector.output::logit_concept::target_1,correct_answer_margin,projector.output,selector_effect_by_target,logit_concept,1,attribute_id,294,-0.01697124953871444,-0.024631810453892088,0.007660560915177649
selector_effect::correct_answer_margin::projector.output::logit_concept::target_1,correct_answer_margin,projector.output,selector_effect_by_target,logit_concept,1,attribute_id,295,-0.02619347176093666,-0.024631810453892088,-0.0015616613070445727
selector_effect::correct_answer_margin::projector.output::logit_concept::target_1,correct_answer_margin,projector.output,selector_effect_by_target,logit_concept,1,attribute_id,299,-0.025530277316492215,-0.024631810453892088,-0.0008984668626001273
selector_effect::correct_answer_margin::projector.output::logit_concept::target_1,correct_answer_margin,projector.output,selector_effect_by_target,logit_concept,1,attribute_id,305,-0.023905126350308642,-0.024631810453892088,0.0007266841035834457
selector_effect::correct_answer_margin::projector.output::logit_concept::target_1,correct_answer_margin,projector.output,selector_effect_by_target,logit_concept,1,attribute_id,306,-0.025137916205381104,-0.024631810453892088,-0.0005061057514890166
selector_effect::correct_answer_margin::projector.output::logit_concept::target_1,correct_answer_margin,projector.output,selector_effect_by_target,logit_concept,1,attribute_id,308,-0.029256405788714437,-0.024631810453892088,-0.004624595334822349
selector_effect::correct_answer_margin::projector.output::logit_concept::target_1,correct_answer_margin,projector.output,selector_effect_by_target,logit_concept,1,attribute_id,309,-0.02632310139056629,-0.024631810453892088,-0.0016912909366742016
selector_effect::correct_answer_margin::projector.output::logit_concept::target_1,correct_answer_margin,projector.output,selector_effect_by_target,logit_concept,1,attribute_id,310,-0.023191487633952533,-0.024631810453892088,0.0014403228199395546
selector_effect::correct_answer_margin::projector.output::logit_concept::target_1,correct_answer_margin,projector.output,selector_effect_by_target,logit_concept,1,attribute_id,311,-0.03287294224704777,-0.024631810453892088,-0.008241131793155686
selector_effect::correct_answer_margin::projector.output::logit_concept::target_1,correct_answer_margin,projector.output,selector_effect_by_target,logit_concept,1,attribute_id,312,-0.028251011443476342,-0.024631810453892088,-0.0036192009895842543
selector_effect::correct_answer_margin::projector.output::logit_concept::target_1,correct_answer_margin,projector.output,selector_effect_by_target,logit_concept,1,attribute_id,5,-0.02235319398315888,-0.024631810453892088,0.0022786164707332066
selector_effect::correct_answer_margin::projector.output::logit_concept::target_1,correct_answer_margin,projector.output,selector_effect_by_target,logit_concept,1,attribute_id,7,-0.02276366025300015,-0.024631810453892088,0.0018681502008919375
selector_effect::correct_answer_margin::projector.output::logit_concept::target_1,correct_answer_margin,projector.output,selector_effect_by_target,logit_concept,1,attribute_id,8,-0.02238270787204777,-0.024631810453892088,0.0022491025818443186
selector_effect::correct_answer_margin::projector.output::logit_concept::target_1,correct_answer_margin,projector.output,selector_effect_by_target,logit_concept,1,attribute_id,96,-0.028464305094269993,-0.024631810453892088,-0.0038324946403779057
selector_effect::correct_answer_margin::projector.output::logit_concept::target_1,correct_answer_margin,projector.output,selector_effect_by_target,logit_concept,1,class_id,104,-0.0003058862433862437,-0.0007761605076058204,0.00047027426421957663
selector_effect::correct_answer_margin::projector.output::logit_concept::target_1,correct_answer_margin,projector.output,selector_effect_by_target,logit_concept,1,class_id,108,0.001410236746379838,-0.0007761605076058204,0.0021863972539856585
selector_effect::correct_answer_margin::projector.output::logit_concept::target_1,correct_answer_margin,projector.output,selector_effect_by_target,logit_concept,1,class_id,11,0.00028437521755778316,-0.0007761605076058204,0.0010605357251636035
selector_effect::correct_answer_margin::projector.output::logit_concept::target_1,correct_answer_margin,projector.output,selector_effect_by_target,logit_concept,1,class_id,123,0.0032746389628585354,-0.0007761605076058204,0.004050799470464356
selector_effect::correct_answer_margin::projector.output::logit_concept::target_1,correct_answer_margin,projector.output,selector_effect_by_target,logit_concept,1,class_id,125,0.000909309950222779,-0.0007761605076058204,0.0016854704578285994
selector_effect::correct_answer_margin::projector.output::logit_concept::target_1,correct_answer_margin,projector.output,selector_effect_by_target,logit_concept,1,class_id,130,-0.00046522012496519083,-0.0007761605076058204,0.0003109403826406295
selector_effect::correct_answer_margin::projector.output::logit_concept::target_1,correct_answer_margin,projector.output,selector_effect_by_target,logit_concept,1,class_id,131,-0.009892433992968531,-0.0007761605076058204,-0.009116273485362711
selector_effect::correct_answer_margin::projector.output::logit_concept::target_1,correct_answer_margin,projector.output,selector_effect_by_target,logit_concept,1,class_id,150,-0.0016357081940963523,-0.0007761605076058204,-0.000859547686490532
selector_effect::correct_answer_margin::projector.output::logit_concept::target_1,correct_answer_margin,projector.output,selector_effect_by_target,logit_concept,1,class_id,159,-0.0016889418642091342,-0.0007761605076058204,-0.0009127813566033138
selector_effect::correct_answer_margin::projector.output::logit_concept::target_1,correct_answer_margin,projector.output,selector_effect_by_target,logit_concept,1,class_id,194,-0.0015622824422166532,-0.0007761605076058204,-0.0007861219346108328
selector_effect::correct_answer_margin::projector.output::logit_concept::target_1,correct_answer_margin,projector.output,selector_effect_by_target,logit_concept,1,class_id,195,-0.00022307831209969386,-0.0007761605076058204,0.0005530821955061265
selector_effect::correct_answer_margin::projector.output::logit_concept::target_1,correct_answer_margin,projector.output,selector_effect_by_target,logit_concept,1,class_id,25,-0.0019972620352965748,-0.0007761605076058204,-0.0012211015276907544
selector_effect::correct_answer_margin::projector.output::logit_concept::target_1,correct_answer_margin,projector.output,selector_effect_by_target,logit_concept,1,class_id,36,0.0005819942651768309,-0.0007761605076058204,0.0013581547727826511
selector_effect::correct_answer_margin::projector.output::logit_concept::target_1,correct_answer_margin,projector.output,selector_effect_by_target,logit_concept,1,class_id,56,0.002735163646964633,-0.0007761605076058204,0.0035113241545704534
selector_effect::correct_answer_margin::projector.output::logit_concept::target_1,correct_answer_margin,projector.output,selector_effect_by_target,logit_concept,1,class_id,65,-0.004653914517195768,-0.0007761605076058204,-0.003877754009589948
selector_effect::correct_answer_margin::projector.output::logit_concept::target_1,correct_answer_margin,projector.output,selector_effect_by_target,logit_concept,1,class_id,67,-0.003288685037245893,-0.0007761605076058204,-0.0025125245296400726
selector_effect::correct_answer_margin::projector.output::logit_concept::target_1,correct_answer_margin,projector.output,selector_effect_by_target,logit_concept,1,class_id,73,0.003251428266847675,-0.0007761605076058204,0.004027588774453495
selector_effect::correct_answer_margin::projector.output::logit_concept::target_1,correct_answer_margin,projector.output,selector_effect_by_target,logit_concept,1,class_id,78,-0.0017410333559593433,-0.0007761605076058204,-0.0009648728483535229
selector_effect::correct_answer_margin::projector.output::logit_concept::target_1,correct_answer_margin,projector.output,selector_effect_by_target,logit_concept,1,class_id,92,0.0009607079765385684,-0.0007761605076058204,0.0017368684841443888
selector_effect::correct_answer_margin::projector.output::logit_concept::target_1,correct_answer_margin,projector.output,selector_effect_by_target,logit_concept,1,class_id,99,-0.0014766190650236707,-0.0007761605076058204,-0.0007004585574178503
selector_target_difference::correct_answer_margin::projector.output::logit_concept,correct_answer_margin,projector.output,selector_target_difference,logit_concept,,attribute_id,100,-0.05313116529119699,-0.05151334002358685,-0.0016178252676101387
selector_target_difference::correct_answer_margin::projector.output::logit_concept,correct_answer_margin,projector.output,selector_target_difference,logit_concept,,attribute_id,101,-0.04262942918008588,-0.05151334002358685,0.008883910843500972
selector_target_difference::correct_answer_margin::projector.output::logit_concept,correct_answer_margin,projector.output,selector_target_difference,logit_concept,,attribute_id,102,-0.0561954014023081,-0.05151334002358685,-0.00468206137872125
selector_target_difference::correct_answer_margin::projector.output::logit_concept,correct_answer_margin,projector.output,selector_target_difference,logit_concept,,attribute_id,103,-0.04860363552929223,-0.05151334002358685,0.002909704494294625
selector_target_difference::correct_answer_margin::projector.output::logit_concept,correct_answer_margin,projector.output,selector_target_difference,logit_concept,,attribute_id,104,-0.04771077838643509,-0.05151334002358685,0.003802561637151765
selector_target_difference::correct_answer_margin::projector.output::logit_concept,correct_answer_margin,projector.output,selector_target_difference,logit_concept,,attribute_id,105,-0.054719706957863656,-0.05151334002358685,-0.003206366934276804
selector_target_difference::correct_answer_margin::projector.output::logit_concept,correct_answer_margin,projector.output,selector_target_difference,logit_concept,,attribute_id,107,-0.05500988552929223,-0.05151334002358685,-0.003496545505705377
selector_target_difference::correct_answer_margin::projector.output::logit_concept,correct_answer_margin,projector.output,selector_target_difference,logit_concept,,attribute_id,111,-0.04930882732823403,-0.05151334002358685,0.0022045126953528227
selector_target_difference::correct_answer_margin::projector.output::logit_concept,correct_answer_margin,projector.output,selector_target_difference,logit_concept,,attribute_id,117,-0.04817649708132045,-0.05151334002358685,0.0033368429422664034
selector_target_difference::correct_answer_margin::projector.output::logit_concept,correct_answer_margin,projector.output,selector_target_difference,logit_concept,,attribute_id,118,-0.053532206957863655,-0.05151334002358685,-0.002018866934276803
selector_target_difference::correct_answer_margin::projector.output::logit_concept,correct_answer_margin,projector.output,selector_target_difference,logit_concept,,attribute_id,120,-0.055294706957863655,-0.05151334002358685,-0.003781366934276803
selector_target_difference::correct_answer_margin::projector.output::logit_concept,correct_answer_margin,projector.output,selector_target_difference,logit_concept,,attribute_id,2,-0.04350442918008588,-0.05151334002358685,0.008008910843500971
selector_target_difference::correct_answer_margin::projector.output::logit_concept,correct_answer_margin,projector.output,selector_target_difference,logit_concept,,attribute_id,294,-0.04065720695786366,-0.05151334002358685,0.010856133065723195
selector_target_difference::correct_answer_margin::projector.output::logit_concept,correct_answer_margin,projector.output,selector_target_difference,logit_concept,,attribute_id,295,-0.05095581806897477,-0.05151334002358685,0.0005575219546120821
selector_target_difference::correct_answer_margin::projector.output::logit_concept,correct_answer_margin,projector.output,selector_target_difference,logit_concept,,attribute_id,299,-0.05149632732823403,-0.05151334002358685,1.701269535282074e-05
selector_target_difference::correct_answer_margin::projector.output::logit_concept,correct_answer_margin,projector.output,selector_target_difference,logit_concept,,attribute_id,305,-0.05060738811728395,-0.05151334002358685,0.0009059519063029028
selector_target_difference::correct_answer_margin::projector.output::logit_concept,correct_answer_margin,projector.output,selector_target_difference,logit_concept,,attribute_id,306,-0.05192804029119699,-0.05151334002358685,-0.0004147002676101394
selector_target_difference::correct_answer_margin::projector.output::logit_concept,correct_answer_margin,projector.output,selector_target_difference,logit_concept,,attribute_id,308,-0.05465460279119699,-0.05151334002358685,-0.003141262767610141
selector_target_difference::correct_answer_margin::projector.output::logit_concept,correct_answer_margin,projector.output,selector_target_difference,logit_concept,,attribute_id,309,-0.05373591066156736,-0.05151334002358685,-0.002222570637980509
selector_target_difference::correct_answer_margin::projector.output::logit_concept,correct_answer_margin,projector.output,selector_target_difference,logit_concept,,attribute_id,310,-0.050389349815006514,-0.05151334002358685,0.0011239902085803388
selector_target_difference::correct_answer_margin::projector.output::logit_concept,correct_answer_margin,projector.output,selector_target_difference,logit_concept,,attribute_id,311,-0.06271449862453032,-0.05151334002358685,-0.011201158600943471
selector_target_difference::correct_answer_margin::projector.output::logit_concept,correct_answer_margin,projector.output,selector_target_difference,logit_concept,,attribute_id,312,-0.060352147434054135,-0.05151334002358685,-0.008838807410467282
selector_target_difference::correct_answer_margin::projector.output::logit_concept,correct_answer_margin,projector.output,selector_target_difference,logit_concept,,attribute_id,5,-0.05017109584675255,-0.05151334002358685,0.0013422441768343035
selector_target_difference::correct_answer_margin::projector.output::logit_concept,correct_answer_margin,projector.output,selector_target_difference,logit_concept,,attribute_id,7,-0.04823161171976842,-0.05151334002358685,0.0032817283038184333
selector_target_difference::correct_answer_margin::projector.output::logit_concept,correct_answer_margin,projector.output,selector_target_difference,logit_concept,,attribute_id,8,-0.05019887362453033,-0.05151334002358685,0.0013144663990565242
selector_target_difference::correct_answer_margin::projector.output::logit_concept,correct_answer_margin,projector.output,selector_target_difference,logit_concept,,attribute_id,96,-0.05543729955045625,-0.05151334002358685,-0.0039239595268694
selector_target_difference::correct_answer_margin::projector.output::logit_concept,correct_answer_margin,projector.output,selector_target_difference,logit_concept,,class_id,104,-0.024299124003585356,-0.025814280030588627,0.0015151560270032713
selector_target_difference::correct_answer_margin::projector.output::logit_concept,correct_answer_margin,projector.output,selector_target_difference,logit_concept,,class_id,108,-0.015814778373886108,-0.025814280030588627,0.00999950165670252
selector_target_difference::correct_answer_margin::projector.output::logit_concept,correct_answer_margin,projector.output,selector_target_difference,logit_concept,,class_id,11,-0.024422234514236984,-0.025814280030588627,0.0013920455163516435
selector_target_difference::correct_answer_margin::projector.output::logit_concept,correct_answer_margin,projector.output,selector_target_difference,logit_concept,,class_id,123,-0.020569911649784185,-0.025814280030588627,0.005244368380804443
selector_target_difference::correct_answer_margin::projector.output::logit_concept,correct_answer_margin,projector.output,selector_target_difference,logit_concept,,class_id,125,-0.02701138969385269,-0.025814280030588627,-0.0011971096632640635
selector_target_difference::correct_answer_margin::projector.output::logit_concept,correct_answer_margin,projector.output,selector_target_difference,logit_concept,,class_id,130,-0.028232487142335005,-0.025814280030588627,-0.002418207111746378
selector_target_difference::correct_answer_margin::projector.output::logit_concept,correct_answer_margin,projector.output,selector_target_difference,logit_concept,,class_id,131,-0.03557903275985102,-0.025814280030588627,-0.009764752729262392
selector_target_difference::correct_answer_margin::projector.output::logit_concept,correct_answer_margin,projector.output,selector_target_difference,logit_concept,,class_id,150,-0.026086469972674744,-0.025814280030588627,-0.0002721899420861165
selector_target_difference::correct_answer_margin::projector.output::logit_concept,correct_answer_margin,projector.output,selector_target_difference,logit_concept,,class_id,159,-0.02382728196358953,-0.025814280030588627,0.0019869980669990975
selector_target_difference::correct_answer_margin::projector.output::logit_concept,correct_answer_margin,projector.output,selector_target_difference,logit_concept,,class_id,194,-0.03169452494082429,-0.025814280030588627,-0.005880244910235661
selector_target_difference::correct_answer_margin::projector.output::logit_concept,correct_answer_margin,projector.output,selector_target_difference,logit_concept,,class_id,195,-0.022622814088171822,-0.025814280030588627,0.0031914659424168053
selector_target_difference::correct_answer_margin::projector.output::logit_concept,correct_answer_margin,projector.output,selector_target_difference,logit_concept,,class_id,25,-0.022265366650132276,-0.025814280030588627,0.003548913380456351
selector_target_difference::correct_answer_margin::projector.output::logit_concept,correct_answer_margin,projector.output,selector_target_difference,logit_concept,,class_id,36,-0.02816221597831384,-0.025814280030588627,-0.002347935947725213
selector_target_difference::correct_answer_margin::projector.output::logit_concept,correct_answer_margin,projector.output,selector_target_difference,logit_concept,,class_id,56,-0.009368269306077696,-0.025814280030588627,0.01644601072451093
selector_target_difference::correct_answer_margin::projector.output::logit_concept,correct_answer_margin,projector.output,selector_target_difference,logit_concept,,class_id,65,-0.03063862183670983,-0.025814280030588627,-0.004824341806121204
selector_target_difference::correct_answer_margin::projector.output::logit_concept,correct_answer_margin,projector.output,selector_target_difference,logit_concept,,class_id,67,-0.032636454961187694,-0.025814280030588627,-0.006822174930599067
selector_target_difference::correct_answer_margin::projector.output::logit_concept,correct_answer_margin,projector.output,selector_target_difference,logit_concept,,class_id,73,-0.022142609670878586,-0.025814280030588627,0.0036716703597100414
selector_target_difference::correct_answer_margin::projector.output::logit_concept,correct_answer_margin,projector.output,selector_target_difference,logit_concept,,class_id,78,-0.02380578453512253,-0.025814280030588627,0.0020084954954660977
selector_target_difference::correct_answer_margin::projector.output::logit_concept,correct_answer_margin,projector.output,selector_target_difference,logit_concept,,class_id,92,-0.024854100311542747,-0.025814280030588627,0.0009601797190458804
selector_target_difference::correct_answer_margin::projector.output::logit_concept,correct_answer_margin,projector.output,selector_target_difference,logit_concept,,class_id,99,-0.042252128259015594,-0.025814280030588627,-0.016437848228426966
selector_difference::correct_answer_margin::projector.output::target_0,correct_answer_margin,projector.output,selector_difference_by_target,vision_cls_attention_minus_logit_concept,0,attribute_id,100,-0.13766390976655357,-0.14029015095074596,0.002626241184192385
selector_difference::correct_answer_margin::projector.output::target_0,correct_answer_margin,projector.output,selector_difference_by_target,vision_cls_attention_minus_logit_concept,0,attribute_id,101,-0.12115175698877578,-0.14029015095074596,0.019138393961970174
selector_difference::correct_answer_margin::projector.output::target_0,correct_answer_margin,projector.output,selector_difference_by_target,vision_cls_attention_minus_logit_concept,0,attribute_id,102,-0.16061529865544244,-0.14029015095074596,-0.020325147704696483
selector_difference::correct_answer_margin::projector.output::target_0,correct_answer_margin,projector.output,selector_difference_by_target,vision_cls_attention_minus_logit_concept,0,attribute_id,103,-0.13576782841734722,-0.14029015095074596,0.004522322533398737
selector_difference::correct_answer_margin::projector.output::target_0,correct_answer_margin,projector.output,selector_difference_by_target,vision_cls_attention_minus_logit_concept,0,attribute_id,104,-0.12035116175068054,-0.14029015095074596,0.019938989200065413
selector_difference::correct_answer_margin::projector.output::target_0,correct_answer_margin,projector.output,selector_difference_by_target,vision_cls_attention_minus_logit_concept,0,attribute_id,105,-0.12871425698877578,-0.14029015095074596,0.011575893961970174
selector_difference::correct_answer_margin::projector.output::target_0,correct_answer_margin,projector.output,selector_difference_by_target,vision_cls_attention_minus_logit_concept,0,attribute_id,107,-0.14278419746496626,-0.14029015095074596,-0.002494046514220305
selector_difference::correct_answer_margin::projector.output::target_0,correct_answer_margin,projector.output,selector_difference_by_target,vision_cls_attention_minus_logit_concept,0,attribute_id,111,-0.15143416439618318,-0.14029015095074596,-0.011144013445437223
selector_difference::correct_answer_margin::projector.output::target_0,correct_answer_margin,projector.output,selector_difference_by_target,vision_cls_attention_minus_logit_concept,0,attribute_id,117,-0.15123354711223258,-0.14029015095074596,-0.010943396161486624
selector_difference::correct_answer_margin::projector.output::target_0,correct_answer_margin,projector.output,selector_difference_by_target,vision_cls_attention_minus_logit_concept,0,attribute_id,118,-0.14825592365544246,-0.14029015095074596,-0.007965772704696505
selector_difference::correct_answer_margin::projector.output::target_0,correct_answer_margin,projector.output,selector_difference_by_target,vision_cls_attention_minus_logit_concept,0,attribute_id,120,-0.14357259032210912,-0.14029015095074596,-0.0032824393713631606
selector_difference::correct_answer_margin::projector.output::target_0,correct_answer_margin,projector.output,selector_difference_by_target,vision_cls_attention_minus_logit_concept,0,attribute_id,2,-0.13416564587766466,-0.14029015095074596,0.006124505073081293
selector_difference::correct_answer_margin::projector.output::target_0,correct_answer_margin,projector.output,selector_difference_by_target,vision_cls_attention_minus_logit_concept,0,attribute_id,294,-0.13759446532210912,-0.14029015095074596,0.0026956856286368402
selector_difference::correct_answer_margin::projector.output::target_0,correct_answer_margin,projector.output,selector_difference_by_target,vision_cls_attention_minus_logit_concept,0,attribute_id,295,-0.13659967365544246,-0.14029015095074596,0.0036904772953035014
selector_difference::correct_answer_margin::projector.output::target_0,correct_answer_margin,projector.output,selector_difference_by_target,vision_cls_attention_minus_logit_concept,0,attribute_id,299,-0.15022467365544245,-0.14029015095074596,-0.009934522704696497
selector_difference::correct_answer_margin::projector.output::target_0,correct_answer_margin,projector.output,selector_difference_by_target,vision_cls_attention_minus_logit_concept,0,attribute_id,305,-0.15232385843805116,-0.14029015095074596,-0.0120337074873052
selector_difference::correct_answer_margin::projector.output::target_0,correct_answer_margin,projector.output,selector_difference_by_target,vision_cls_attention_minus_logit_concept,0,attribute_id,306,-0.14265175698877577,-0.14029015095074596,-0.0023616060380298176
selector_difference::correct_answer_margin::projector.output::target_0,correct_answer_margin,projector.output,selector_difference_by_target,vision_cls_attention_minus_logit_concept,0,attribute_id,308,-0.13867519448877577,-0.14029015095074596,0.001614956461970185
selector_difference::correct_answer_margin::projector.output::target_0,correct_answer_margin,projector.output,selector_difference_by_target,vision_cls_attention_minus_logit_concept,0,attribute_id,309,-0.15349434958136837,-0.14029015095074596,-0.013204198630622416
selector_difference::correct_answer_margin::projector.output::target_0,correct_answer_margin,projector.output,selector_difference_by_target,vision_cls_attention_minus_logit_concept,0,attribute_id,310,-0.12670532841734722,-0.14029015095074596,0.013584822533398738
selector_difference::correct_answer_margin::projector.output::target_0,correct_answer_margin,projector.output,selector_difference_by_target,vision_cls_attention_minus_logit_concept,0,attribute_id,311,-0.13942063719710912,-0.14029015095074596,0.0008695137536368358
selector_difference::correct_answer_margin::projector.output::target_0,correct_answer_margin,projector.output,selector_difference_by_target,vision_cls_attention_minus_logit_concept,0,attribute_id,312,-0.13613241175068055,-0.14029015095074596,0.004157739200065402
selector_difference::correct_answer_margin::projector.output::target_0,correct_answer_margin,projector.output,selector_difference_by_target,vision_cls_attention_minus_logit_concept,0,attribute_id,5,-0.14051981254433135,-0.14029015095074596,-0.00022966159358539517
selector_difference::correct_answer_margin::projector.output::target_0,correct_answer_margin,projector.output,selector_difference_by_target,vision_cls_attention_minus_logit_concept,0,attribute_id,7,-0.14243449508401387,-0.14029015095074596,-0.002144344133267917
selector_difference::correct_answer_margin::projector.output::target_0,correct_answer_margin,projector.output,selector_difference_by_target,vision_cls_attention_minus_logit_concept,0,attribute_id,8,-0.1444330069887758,-0.14029015095074596,-0.00414285603802983
selector_difference::correct_answer_margin::projector.output::target_0,correct_answer_margin,projector.output,selector_difference_by_target,vision_cls_attention_minus_logit_concept,0,attribute_id,96,-0.130623979210998,-0.14029015095074596,0.009666171739747959
selector_difference::correct_answer_margin::projector.output::target_0,correct_answer_margin,projector.output,selector_difference_by_target,vision_cls_attention_minus_logit_concept,0,class_id,104,-0.08557662602687274,-0.08604419849537037,0.000467572468497629
selector_difference::correct_answer_margin::projector.output::target_0,correct_answer_margin,projector.output,selector_difference_by_target,vision_cls_attention_minus_logit_concept,0,class_id,108,-0.0845203829887218,-0.08604419849537037,0.0015238155066485681
selector_difference::correct_answer_margin::projector.output::target_0,correct_answer_margin,projector.output,selector_difference_by_target,vision_cls_attention_minus_logit_concept,0,class_id,11,-0.08474773087231968,-0.08604419849537037,0.00129646762305069
selector_difference::correct_answer_margin::projector.output::target_0,correct_answer_margin,projector.output,selector_difference_by_target,vision_cls_attention_minus_logit_concept,0,class_id,123,-0.0965721323708577,-0.08604419849537037,-0.010527933875487325
selector_difference::correct_answer_margin::projector.output::target_0,correct_answer_margin,projector.output,selector_difference_by_target,vision_cls_attention_minus_logit_concept,0,class_id,125,-0.08406242385477583,-0.08604419849537037,0.0019817746405945413
selector_difference::correct_answer_margin::projector.output::target_0,correct_answer_margin,projector.output,selector_difference_by_target,vision_cls_attention_minus_logit_concept,0,class_id,130,-0.07425682261208577,-0.08604419849537037,0.011787375883284601
selector_difference::correct_answer_margin::projector.output::target_0,correct_answer_margin,projector.output,selector_difference_by_target,vision_cls_attention_minus_logit_concept,0,class_id,131,-0.09033640960038987,-0.08604419849537037,-0.004292211105019497
selector_difference::correct_answer_margin::projector.output::target_0,correct_answer_margin,projector.output,selector_difference_by_target,vision_cls_attention_minus_logit_concept,0,class_id,150,-0.09083554154483431,-0.08604419849537037,-0.004791343049463936
selector_difference::correct_answer_margin::projector.output::target_0,correct_answer_margin,projector.output,selector_difference_by_target,vision_cls_attention_minus_logit_concept,0,class_id,159,-0.07899180459830131,-0.08604419849537037,0.007052393897069062
selector_difference::correct_answer_margin::projector.output::target_0,correct_answer_margin,projector.output,selector_difference_by_target,vision_cls_attention_minus_logit_concept,0,class_id,194,-0.09159651787889864,-0.08604419849537037,-0.005552319383528265
selector_difference::correct_answer_margin::projector.output::target_0,correct_answer_margin,projector.output,selector_difference_by_target,vision_cls_attention_minus_logit_concept,0,class_id,195,-0.08186846238861041,-0.08604419849537037,0.004175736106759961
selector_difference::correct_answer_margin::projector.output::target_0,correct_answer_margin,projector.output,selector_difference_by_target,vision_cls_attention_minus_logit_concept,0,class_id,25,-0.07678103679337232,-0.08604419849537037,0.009263161701998049
selector_difference::correct_answer_margin::projector.output::target_0,correct_answer_margin,projector.output,selector_difference_by_target,vision_cls_attention_minus_logit_concept,0,class_id,36,-0.09863033778021442,-0.08604419849537037,-0.012586139284844047
selector_difference::correct_answer_margin::projector.output::target_0,correct_answer_margin,projector.output,selector_difference_by_target,vision_cls_attention_minus_logit_concept,0,class_id,56,-0.07672963876705653,-0.08604419849537037,0.00931455972831384
selector_difference::correct_answer_margin::projector.output::target_0,correct_answer_margin,projector.output,selector_difference_by_target,vision_cls_attention_minus_logit_concept,0,class_id,65,-0.09385203460038986,-0.08604419849537037,-0.007807836105019492
selector_difference::correct_answer_margin::projector.output::target_0,correct_answer_margin,projector.output,selector_difference_by_target,vision_cls_attention_minus_logit_concept,0,class_id,67,-0.10201746771442495,-0.08604419849537037,-0.01597326921905458
selector_difference::correct_answer_margin::projector.output::target_0,correct_answer_margin,projector.output,selector_difference_by_target,vision_cls_attention_minus_logit_concept,0,class_id,73,-0.09309032400880674,-0.08604419849537037,-0.007046125513436363
selector_difference::correct_answer_margin::projector.output::target_0,correct_answer_margin,projector.output,selector_difference_by_target,vision_cls_attention_minus_logit_concept,0,class_id,78,-0.07844127462754108,-0.08604419849537037,0.007602923867829292
selector_difference::correct_answer_margin::projector.output::target_0,correct_answer_margin,projector.output,selector_difference_by_target,vision_cls_attention_minus_logit_concept,0,class_id,92,-0.0806415996588694,-0.08604419849537037,0.005402598836500974
selector_difference::correct_answer_margin::projector.output::target_0,correct_answer_margin,projector.output,selector_difference_by_target,vision_cls_attention_minus_logit_concept,0,class_id,99,-0.07733540122006405,-0.08604419849537037,0.008708797275306324
selector_difference::correct_answer_margin::projector.output::target_1,correct_answer_margin,projector.output,selector_difference_by_target,vision_cls_attention_minus_logit_concept,1,attribute_id,100,0.15716772813266813,0.158451207606198,-0.0012834794735298583
selector_difference::correct_answer_margin::projector.output::target_1,correct_answer_margin,projector.output,selector_difference_by_target,vision_cls_attention_minus_logit_concept,1,attribute_id,101,0.13894897813266813,0.158451207606198,-0.019502229473529864
selector_difference::correct_answer_margin::projector.output::target_1,correct_answer_margin,projector.output,selector_difference_by_target,vision_cls_attention_minus_logit_concept,1,attribute_id,102,0.17538821424377923,0.158451207606198,0.016937006637581242
selector_difference::correct_answer_margin::projector.output::target_1,correct_answer_margin,projector.output,selector_difference_by_target,vision_cls_attention_minus_logit_concept,1,attribute_id,103,0.15880711305330303,0.158451207606198,0.00035590544710503713
selector_difference::correct_answer_margin::projector.output::target_1,correct_answer_margin,projector.output,selector_difference_by_target,vision_cls_attention_minus_logit_concept,1,attribute_id,104,0.1378249701961602,0.158451207606198,-0.0206262374100378
selector_difference::correct_answer_margin::projector.output::target_1,correct_answer_margin,projector.output,selector_difference_by_target,vision_cls_attention_minus_logit_concept,1,attribute_id,105,0.1508048809104459,0.158451207606198,-0.007646326695752104
selector_difference::correct_answer_margin::projector.output::target_1,correct_answer_margin,projector.output,selector_difference_by_target,vision_cls_attention_minus_logit_concept,1,attribute_id,107,0.1635392559104459,0.158451207606198,0.005088048304247916
selector_difference::correct_answer_margin::projector.output::target_1,correct_answer_margin,projector.output,selector_difference_by_target,vision_cls_attention_minus_logit_concept,1,attribute_id,111,0.1710045336882237,0.158451207606198,0.012553326082025695
selector_difference::correct_answer_margin::projector.output::target_1,correct_answer_margin,projector.output,selector_difference_by_target,vision_cls_attention_minus_logit_concept,1,attribute_id,117,0.17545669418205084,0.158451207606198,0.01700548657585285
selector_difference::correct_answer_margin::projector.output::target_1,correct_answer_margin,projector.output,selector_difference_by_target,vision_cls_attention_minus_logit_concept,1,attribute_id,118,0.1751781447993348,0.158451207606198,0.01672693719313681
selector_difference::correct_answer_margin::projector.output::target_1,correct_answer_margin,projector.output,selector_difference_by_target,vision_cls_attention_minus_logit_concept,1,attribute_id,120,0.15988092257711256,0.158451207606198,0.0014297149709145696
selector_difference::correct_answer_margin::projector.output::target_1,correct_answer_margin,projector.output,selector_difference_by_target,vision_cls_attention_minus_logit_concept,1,attribute_id,2,0.1251017559104459,0.158451207606198,-0.0333494516957521
selector_difference::correct_answer_margin::projector.output::target_1,correct_answer_margin,projector.output,selector_difference_by_target,vision_cls_attention_minus_logit_concept,1,attribute_id,294,0.14411217257711256,0.158451207606198,-0.014339035029085428
selector_difference::correct_answer_margin::projector.output::target_1,correct_answer_margin,projector.output,selector_difference_by_target,vision_cls_attention_minus_logit_concept,1,attribute_id,295,0.152869117021557,0.158451207606198,-0.005582090584640986
selector_difference::correct_answer_margin::projector.output::target_1,correct_answer_margin,projector.output,selector_difference_by_target,vision_cls_attention_minus_logit_concept,1,attribute_id,299,0.165900367021557,0.158451207606198,0.007449159415359008
selector_difference::correct_answer_margin::projector.output::target_1,correct_answer_margin,projector.output,selector_difference_by_target,vision_cls_attention_minus_logit_concept,1,attribute_id,305,0.1646715022872575,0.158451207606198,0.006220294681059502
selector_difference::correct_answer_margin::projector.output::target_1,correct_answer_margin,projector.output,selector_difference_by_target,vision_cls_attention_minus_logit_concept,1,attribute_id,306,0.15792467257711257,0.158451207606198,-0.0005265350290854232
selector_difference::correct_answer_margin::projector.output::target_1,correct_answer_margin,projector.output,selector_difference_by_target,vision_cls_attention_minus_logit_concept,1,attribute_id,308,0.15383873507711257,0.158451207606198,-0.004612472529085421
selector_difference::correct_answer_margin::projector.output::target_1,correct_answer_margin,projector.output,selector_difference_by_target,vision_cls_attention_minus_logit_concept,1,attribute_id,309,0.1671156447993348,0.158451207606198,0.00866443719313681
selector_difference::correct_answer_margin::projector.output::target_1,correct_answer_margin,projector.output,selector_difference_by_target,vision_cls_attention_minus_logit_concept,1,attribute_id,310,0.16120294638663638,0.158451207606198,0.002751738780438384
selector_difference::correct_answer_margin::projector.output::target_1,correct_answer_margin,projector.output,selector_difference_by_target,vision_cls_attention_minus_logit_concept,1,attribute_id,311,0.15865969861877924,0.158451207606198,0.0002084910125812467
selector_difference::correct_answer_margin::projector.output::target_1,correct_answer_margin,projector.output,selector_difference_by_target,vision_cls_attention_minus_logit_concept,1,attribute_id,312,0.16426842257711258,0.158451207606198,0.005817214970914586
selector_difference::correct_answer_margin::projector.output::target_1,correct_answer_margin,projector.output,selector_difference_by_target,vision_cls_attention_minus_logit_concept,1,attribute_id,5,0.16263647813266813,0.158451207606198,0.004185270526470136
selector_difference::correct_answer_margin::projector.output::target_1,correct_answer_margin,projector.output,selector_difference_by_target,vision_cls_attention_minus_logit_concept,1,attribute_id,7,0.16409357138663638,0.158451207606198,0.005642363780438392
selector_difference::correct_answer_margin::projector.output::target_1,correct_answer_margin,projector.output,selector_difference_by_target,vision_cls_attention_minus_logit_concept,1,attribute_id,8,0.15884654757711256,0.158451207606198,0.0003953399709145655
selector_difference::correct_answer_margin::projector.output::target_1,correct_answer_margin,projector.output,selector_difference_by_target,vision_cls_attention_minus_logit_concept,1,attribute_id,96,0.15448832998451997,0.158451207606198,-0.003962877621678018
selector_difference::correct_answer_margin::projector.output::target_1,correct_answer_margin,projector.output,selector_difference_by_target,vision_cls_attention_minus_logit_concept,1,class_id,104,0.10053870026629072,0.09580337766617063,0.004735322600120093
selector_difference::correct_answer_margin::projector.output::target_1,correct_answer_margin,projector.output,selector_difference_by_target,vision_cls_attention_minus_logit_concept,1,class_id,108,0.09515761245561821,0.09580337766617063,-0.0006457652105524153
selector_difference::correct_answer_margin::projector.output::target_1,correct_answer_margin,projector.output,selector_difference_by_target,vision_cls_attention_minus_logit_concept,1,class_id,11,0.09577907986111112,0.09580337766617063,-2.4297805059511624e-05
selector_difference::correct_answer_margin::projector.output::target_1,correct_answer_margin,projector.output,selector_difference_by_target,vision_cls_attention_minus_logit_concept,1,class_id,123,0.0964535769762949,0.09580337766617063,0.0006501993101242776
selector_difference::correct_answer_margin::projector.output::target_1,correct_answer_margin,projector.output,selector_difference_by_target,vision_cls_attention_minus_logit_concept,1,class_id,125,0.09269322666475216,0.09580337766617063,-0.003110151001418468
selector_difference::correct_answer_margin::projector.output::target_1,correct_answer_margin,projector.output,selector_difference_by_target,vision_cls_attention_minus_logit_concept,1,class_id,130,0.08343657809889307,0.09580337766617063,-0.012366799567277556
selector_difference::correct_answer_margin::projector.output::target_1,correct_answer_margin,projector.output,selector_difference_by_target,vision_cls_attention_minus_logit_concept,1,class_id,131,0.09618230961518379,0.09580337766617063,0.00037893194901315874
selector_difference::correct_answer_margin::projector.output::target_1,correct_answer_margin,projector.output,selector_difference_by_target,vision_cls_attention_minus_logit_concept,1,class_id,150,0.08871980569914369,0.09580337766617063,-0.0070835719670269415
selector_difference::correct_answer_margin::projector.output::target_1,correct_answer_margin,projector.output,selector_difference_by_target,vision_cls_attention_minus_logit_concept,1,class_id,159,0.10003247049916458,0.09580337766617063,0.004229092832993955
selector_difference::correct_answer_margin::projector.output::target_1,correct_answer_margin,projector.output,selector_difference_by_target,vision_cls_attention_minus_logit_concept,1,class_id,194,0.09842995346439014,0.09580337766617063,0.0026265757982195104
selector_difference::correct_answer_margin::projector.output::target_1,correct_answer_margin,projector.output,selector_difference_by_target,vision_cls_attention_minus_logit_concept,1,class_id,195,0.08810523215591061,0.09580337766617063,-0.007698145510260018
selector_difference::correct_answer_margin::projector.output::target_1,correct_answer_margin,projector.output,selector_difference_by_target,vision_cls_attention_minus_logit_concept,1,class_id,25,0.09852323136400028,0.09580337766617063,0.0027198536978296495
selector_difference::correct_answer_margin::projector.output::target_1,correct_answer_margin,projector.output,selector_difference_by_target,vision_cls_attention_minus_logit_concept,1,class_id,36,0.10470100217992899,0.09580337766617063,0.008897624513758362
selector_difference::correct_answer_margin::projector.output::target_1,correct_answer_margin,projector.output,selector_difference_by_target,vision_cls_attention_minus_logit_concept,1,class_id,56,0.0827954353113687,0.09580337766617063,-0.013007942354801932
selector_difference::correct_answer_margin::projector.output::target_1,correct_answer_margin,projector.output,selector_difference_by_target,vision_cls_attention_minus_logit_concept,1,class_id,65,0.10376931097274436,0.09580337766617063,0.007965933306573733
selector_difference::correct_answer_margin::projector.output::target_1,correct_answer_margin,projector.output,selector_difference_by_target,vision_cls_attention_minus_logit_concept,1,class_id,67,0.10712649951702172,0.09580337766617063,0.01132312185085109
selector_difference::correct_answer_margin::projector.output::target_1,correct_answer_margin,projector.output,selector_difference_by_target,vision_cls_attention_minus_logit_concept,1,class_id,73,0.09468931932696324,0.09580337766617063,-0.0011140583392073855
selector_difference::correct_answer_margin::projector.output::target_1,correct_answer_margin,projector.output,selector_difference_by_target,vision_cls_attention_minus_logit_concept,1,class_id,78,0.09374302455357143,0.09580337766617063,-0.0020603531125991947
selector_difference::correct_answer_margin::projector.output::target_1,correct_answer_margin,projector.output,selector_difference_by_target,vision_cls_attention_minus_logit_concept,1,class_id,92,0.1043737680790518,0.09580337766617063,0.008570390412881171
selector_difference::correct_answer_margin::projector.output::target_1,correct_answer_margin,projector.output,selector_difference_by_target,vision_cls_attention_minus_logit_concept,1,class_id,99,0.09081741626200919,0.09580337766617063,-0.0049859614041614375
selector_difference_target_difference::correct_answer_margin::projector.output,correct_answer_margin,projector.output,selector_difference_target_difference,vision_cls_attention_minus_logit_concept,,attribute_id,100,0.2948316378992217,0.2987413585569439,-0.0039097206577222154
selector_difference_target_difference::correct_answer_margin::projector.output,correct_answer_margin,projector.output,selector_difference_target_difference,vision_cls_attention_minus_logit_concept,,attribute_id,101,0.2601007351214439,0.2987413585569439,-0.03864062343550001
selector_difference_target_difference::correct_answer_margin::projector.output,correct_answer_margin,projector.output,selector_difference_target_difference,vision_cls_attention_minus_logit_concept,,attribute_id,102,0.33600351289922165,0.2987413585569439,0.037262154342277753
selector_difference_target_difference::correct_answer_margin::projector.output,correct_answer_margin,projector.output,selector_difference_target_difference,vision_cls_attention_minus_logit_concept,,attribute_id,103,0.2945749414706502,0.2987413585569439,-0.004166417086293672
selector_difference_target_difference::correct_answer_margin::projector.output,correct_answer_margin,projector.output,selector_difference_target_difference,vision_cls_attention_minus_logit_concept,,attribute_id,104,0.25817613194684075,0.2987413585569439,-0.040565226610103144
selector_difference_target_difference::correct_answer_margin::projector.output,correct_answer_margin,projector.output,selector_difference_target_difference,vision_cls_attention_minus_logit_concept,,attribute_id,105,0.27951913789922167,0.2987413585569439,-0.019222220657722222
selector_difference_target_difference::correct_answer_margin::projector.output,correct_answer_margin,projector.output,selector_difference_target_difference,vision_cls_attention_minus_logit_concept,,attribute_id,107,0.30632345337541217,0.2987413585569439,0.007582094818468277
selector_difference_target_difference::correct_answer_margin::projector.output,correct_answer_margin,projector.output,selector_difference_target_difference,vision_cls_attention_minus_logit_concept,,attribute_id,111,0.32243869808440684,0.2987413585569439,0.023697339527462946
selector_difference_target_difference::correct_answer_margin::projector.output,correct_answer_margin,projector.output,selector_difference_target_difference,vision_cls_attention_minus_logit_concept,,attribute_id,117,0.3266902412942834,0.2987413585569439,0.02794888273733953
selector_difference_target_difference::correct_answer_margin::projector.output,correct_answer_margin,projector.output,selector_difference_target_difference,vision_cls_attention_minus_logit_concept,,attribute_id,118,0.32343406845477723,0.2987413585569439,0.024692709897833343
selector_difference_target_difference::correct_answer_margin::projector.output,correct_answer_margin,projector.output,selector_difference_target_difference,vision_cls_attention_minus_logit_concept,,attribute_id,120,0.3034535128992217,0.2987413585569439,0.004712154342277786
selector_difference_target_difference::correct_answer_margin::projector.output,correct_answer_margin,projector.output,selector_difference_target_difference,vision_cls_attention_minus_logit_concept,,attribute_id,2,0.2592674017881106,0.2987413585569439,-0.03947395676883331
selector_difference_target_difference::correct_answer_margin::projector.output,correct_answer_margin,projector.output,selector_difference_target_difference,vision_cls_attention_minus_logit_concept,,attribute_id,294,0.2817066378992217,0.2987413585569439,-0.017034720657722213
selector_difference_target_difference::correct_answer_margin::projector.output,correct_answer_margin,projector.output,selector_difference_target_difference,vision_cls_attention_minus_logit_concept,,attribute_id,295,0.28946879067699943,0.2987413585569439,-0.00927256787994446
selector_difference_target_difference::correct_answer_margin::projector.output,correct_answer_margin,projector.output,selector_difference_target_difference,vision_cls_attention_minus_logit_concept,,attribute_id,299,0.3161250406769994,0.2987413585569439,0.017383682120055532
selector_difference_target_difference::correct_answer_margin::projector.output,correct_answer_margin,projector.output,selector_difference_target_difference,vision_cls_attention_minus_logit_concept,,attribute_id,305,0.31699536072530865,0.2987413585569439,0.018254002168364758
selector_difference_target_difference::correct_answer_margin::projector.output,correct_answer_margin,projector.output,selector_difference_target_difference,vision_cls_attention_minus_logit_concept,,attribute_id,306,0.3005764295658883,0.2987413585569439,0.0018350710089444222
selector_difference_target_difference::correct_answer_margin::projector.output,correct_answer_margin,projector.output,selector_difference_target_difference,vision_cls_attention_minus_logit_concept,,attribute_id,308,0.29251392956588834,0.2987413585569439,-0.00622742899105555
selector_difference_target_difference::correct_answer_margin::projector.output,correct_answer_margin,projector.output,selector_difference_target_difference,vision_cls_attention_minus_logit_concept,,attribute_id,309,0.32060999438070314,0.2987413585569439,0.021868635823759253
selector_difference_target_difference::correct_answer_margin::projector.output,correct_answer_margin,projector.output,selector_difference_target_difference,vision_cls_attention_minus_logit_concept,,attribute_id,310,0.28790827480398357,0.2987413585569439,-0.010833083752960326
selector_difference_target_difference::correct_answer_margin::projector.output,correct_answer_margin,projector.output,selector_difference_target_difference,vision_cls_attention_minus_logit_concept,,attribute_id,311,0.29808033581588833,0.2987413585569439,-0.0006610227410555614
selector_difference_target_difference::correct_answer_margin::projector.output,correct_answer_margin,projector.output,selector_difference_target_difference,vision_cls_attention_minus_logit_concept,,attribute_id,312,0.3004008343277931,0.2987413585569439,0.0016594757708491836
selector_difference_target_difference::correct_answer_margin::projector.output,correct_answer_margin,projector.output,selector_difference_target_difference,vision_cls_attention_minus_logit_concept,,attribute_id,5,0.30315629067699945,0.2987413585569439,0.004414932120055559
selector_difference_target_difference::correct_answer_margin::projector.output,correct_answer_margin,projector.output,selector_difference_target_difference,vision_cls_attention_minus_logit_concept,,attribute_id,7,0.30652806647065023,0.2987413585569439,0.007786707913706337
selector_difference_target_difference::correct_answer_margin::projector.output,correct_answer_margin,projector.output,selector_difference_target_difference,vision_cls_attention_minus_logit_concept,,attribute_id,8,0.30327955456588834,0.2987413585569439,0.004538196008944451
selector_difference_target_difference::correct_answer_margin::projector.output,correct_answer_margin,projector.output,selector_difference_target_difference,vision_cls_attention_minus_logit_concept,,attribute_id,96,0.28511230919551794,0.2987413585569439,-0.013629049361425949
selector_difference_target_difference::correct_answer_margin::projector.output,correct_answer_margin,projector.output,selector_difference_target_difference,vision_cls_attention_minus_logit_concept,,class_id,104,0.18611532629316346,0.181847576161541,0.00426775013162245
selector_difference_target_difference::correct_answer_margin::projector.output,correct_answer_margin,projector.output,selector_difference_target_difference,vision_cls_attention_minus_logit_concept,,class_id,108,0.17967799544434002,0.181847576161541,-0.0021695807172009973
selector_difference_target_difference::correct_answer_margin::projector.output,correct_answer_margin,projector.output,selector_difference_target_difference,vision_cls_attention_minus_logit_concept,,class_id,11,0.1805268107334308,0.181847576161541,-0.0013207654281102155
selector_difference_target_difference::correct_answer_margin::projector.output,correct_answer_margin,projector.output,selector_difference_target_difference,vision_cls_attention_minus_logit_concept,,class_id,123,0.1930257093471526,0.181847576161541,0.011178133185611588
selector_difference_target_difference::correct_answer_margin::projector.output,correct_answer_margin,projector.output,selector_difference_target_difference,vision_cls_attention_minus_logit_concept,,class_id,125,0.176755650519528,0.181847576161541,-0.005091925642013023
selector_difference_target_difference::correct_answer_margin::projector.output,correct_answer_margin,projector.output,selector_difference_target_difference,vision_cls_attention_minus_logit_concept,,class_id,130,0.15769340071097884,0.181847576161541,-0.02415417545056217
selector_difference_target_difference::correct_answer_margin::projector.output,correct_answer_margin,projector.output,selector_difference_target_difference,vision_cls_attention_minus_logit_concept,,class_id,131,0.18651871921557364,0.181847576161541,0.004671143054032628
selector_difference_target_difference::correct_answer_margin::projector.output,correct_answer_margin,projector.output,selector_difference_target_difference,vision_cls_attention_minus_logit_concept,,class_id,150,0.179555347243978,0.181847576161541,-0.002292228917563005
selector_difference_target_difference::correct_answer_margin::projector.output,correct_answer_margin,projector.output,selector_difference_target_difference,vision_cls_attention_minus_logit_concept,,class_id,159,0.17902427509746588,0.181847576161541,-0.0028233010640751344
selector_difference_target_difference::correct_answer_margin::projector.output,correct_answer_margin,projector.output,selector_difference_target_difference,vision_cls_attention_minus_logit_concept,,class_id,194,0.19002647134328876,0.181847576161541,0.008178895181747747
selector_difference_target_difference::correct_answer_margin::projector.output,correct_answer_margin,projector.output,selector_difference_target_difference,vision_cls_attention_minus_logit_concept,,class_id,195,0.16997369454452102,0.181847576161541,-0.011873881617019993
selector_difference_target_difference::correct_answer_margin::projector.output,correct_answer_margin,projector.output,selector_difference_target_difference,vision_cls_attention_minus_logit_concept,,class_id,25,0.1753042681573726,0.181847576161541,-0.006543308004168413
selector_difference_target_difference::correct_answer_margin::projector.output,correct_answer_margin,projector.output,selector_difference_target_difference,vision_cls_attention_minus_logit_concept,,class_id,36,0.2033313399601434,0.181847576161541,0.021483763798602395
selector_difference_target_difference::correct_answer_margin::projector.output,correct_answer_margin,projector.output,selector_difference_target_difference,vision_cls_attention_minus_logit_concept,,class_id,56,0.15952507407842523,0.181847576161541,-0.022322502083115786
selector_difference_target_difference::correct_answer_margin::projector.output,correct_answer_margin,projector.output,selector_difference_target_difference,vision_cls_attention_minus_logit_concept,,class_id,65,0.1976213455731342,0.181847576161541,0.015773769411593197
selector_difference_target_difference::correct_answer_margin::projector.output,correct_answer_margin,projector.output,selector_difference_target_difference,vision_cls_attention_minus_logit_concept,,class_id,67,0.20914396723144668,0.181847576161541,0.027296391069905668
selector_difference_target_difference::correct_answer_margin::projector.output,correct_answer_margin,projector.output,selector_difference_target_difference,vision_cls_attention_minus_logit_concept,,class_id,73,0.18777964333577,0.181847576161541,0.005932067174228978
selector_difference_target_difference::correct_answer_margin::projector.output,correct_answer_margin,projector.output,selector_difference_target_difference,vision_cls_attention_minus_logit_concept,,class_id,78,0.1721842991811125,0.181847576161541,-0.009663276980428515
selector_difference_target_difference::correct_answer_margin::projector.output,correct_answer_margin,projector.output,selector_difference_target_difference,vision_cls_attention_minus_logit_concept,,class_id,92,0.18501536773792118,0.181847576161541,0.003167791576380169
selector_difference_target_difference::correct_answer_margin::projector.output,correct_answer_margin,projector.output,selector_difference_target_difference,vision_cls_attention_minus_logit_concept,,class_id,99,0.16815281748207322,0.181847576161541,-0.013694758679467789
