stage,pooling,control,seed,attribute_id,attribute_name,attribute_group,train_observed,train_positive,train_negative,train_prevalence,validation_observed,validation_positive,validation_negative,threshold_selected_on_train,auroc,f1,train_loss
vision.early,mean,primary,0,2,has_bill_shape::dagger,has_bill_shape,160,14,146,0.08749999850988388,76,4,72,11.23718547821045,0.6354166666666666,0.25,0.011983671225607395
vision.early,mean,primary,0,5,has_bill_shape::hooked_seabird,has_bill_shape,160,15,145,0.09375,76,3,73,5.154284477233887,0.5342465753424658,0.0,0.011983671225607395
vision.early,mean,primary,0,7,has_bill_shape::all-purpose,has_bill_shape,160,66,94,0.4124999940395355,76,34,42,4.4353556632995605,0.5042016806722689,0.27450980392156865,0.011983671225607395
vision.early,mean,primary,0,8,has_bill_shape::cone,has_bill_shape,160,44,116,0.2750000059604645,76,21,55,4.550710201263428,0.5177489177489177,0.25,0.011983671225607395
vision.early,mean,primary,0,96,has_head_pattern::malar,has_head_pattern,156,16,140,0.10256410390138626,76,10,66,7.983119964599609,0.45606060606060606,0.0,0.011983671225607395
vision.early,mean,primary,0,100,has_head_pattern::eyebrow,has_head_pattern,156,30,126,0.19230769574642181,76,14,62,4.884578704833984,0.554147465437788,0.20689655172413793,0.011983671225607395
vision.early,mean,primary,0,101,has_head_pattern::eyering,has_head_pattern,156,25,131,0.16025641560554504,76,16,60,6.120003700256348,0.434375,0.21621621621621623,0.011983671225607395
vision.early,mean,primary,0,102,has_head_pattern::plain,has_head_pattern,156,37,119,0.2371794879436493,76,13,63,4.691277027130127,0.6581196581196581,0.42424242424242425,0.011983671225607395
vision.early,mean,primary,0,103,has_head_pattern::eyeline,has_head_pattern,156,18,138,0.11538461595773697,76,7,69,5.018293857574463,0.4306418219461698,0.14285714285714285,0.011983671225607395
vision.early,mean,primary,0,104,has_head_pattern::striped,has_head_pattern,156,15,141,0.09615384787321091,76,14,62,8.556011199951172,0.5610599078341014,0.16666666666666666,0.011983671225607395
vision.early,mean,primary,0,105,has_head_pattern::capped,has_head_pattern,156,16,140,0.10256410390138626,76,9,67,4.165679931640625,0.4626865671641791,0.16,0.011983671225607395
vision.early,mean,primary,0,107,has_breast_color::brown,has_breast_color,145,29,116,0.20000000298023224,75,14,61,5.1359734535217285,0.5913348946135831,0.22857142857142856,0.011983671225607395
vision.early,mean,primary,0,111,has_breast_color::grey,has_breast_color,145,40,105,0.27586206793785095,75,19,56,4.6372575759887695,0.525375939849624,0.2,0.011983671225607395
vision.early,mean,primary,0,117,has_breast_color::black,has_breast_color,145,50,95,0.3448275923728943,75,30,45,4.550559997558594,0.5348148148148149,0.35555555555555557,0.011983671225607395
vision.early,mean,primary,0,118,has_breast_color::white,has_breast_color,145,51,94,0.35172414779663086,75,41,34,3.9315433502197266,0.5494978479196556,0.3018867924528302,0.011983671225607395
vision.early,mean,primary,0,120,has_breast_color::buff,has_breast_color,145,52,93,0.35862070322036743,75,26,49,4.223431587219238,0.4631083202511774,0.2,0.011983671225607395
vision.early,mean,primary,0,294,has_crown_color::blue,has_crown_color,155,11,144,0.07096774131059647,75,4,71,12.59366226196289,0.7852112676056338,0.0,0.011983671225607395
vision.early,mean,primary,0,295,has_crown_color::brown,has_crown_color,155,60,95,0.3870967626571655,75,33,42,4.834720134735107,0.5512265512265512,0.35294117647058826,0.011983671225607395
vision.early,mean,primary,0,299,has_crown_color::grey,has_crown_color,155,36,119,0.23225806653499603,75,18,57,4.0650434494018555,0.4337231968810916,0.13333333333333333,0.011983671225607395
vision.early,mean,primary,0,305,has_crown_color::black,has_crown_color,155,45,110,0.29032257199287415,75,24,51,4.566666126251221,0.5629084967320261,0.35,0.011983671225607395
vision.early,mean,primary,0,306,has_crown_color::white,has_crown_color,155,20,135,0.12903225421905518,75,10,65,6.416530609130859,0.6030769230769231,0.14285714285714285,0.011983671225607395
vision.early,mean,primary,0,308,has_crown_color::buff,has_crown_color,155,31,124,0.20000000298023224,75,16,59,4.712312698364258,0.6122881355932204,0.2857142857142857,0.011983671225607395
vision.early,mean,primary,0,309,has_wing_pattern::solid,has_wing_pattern,151,32,119,0.21192052960395813,72,18,54,5.296744346618652,0.5946502057613169,0.3870967741935484,0.011983671225607395
vision.early,mean,primary,0,310,has_wing_pattern::spotted,has_wing_pattern,151,31,120,0.20529800653457642,72,7,65,4.750504493713379,0.7450549450549451,0.2857142857142857,0.011983671225607395
vision.early,mean,primary,0,311,has_wing_pattern::striped,has_wing_pattern,151,55,96,0.3642384111881256,72,33,39,4.519738674163818,0.6285936285936286,0.3333333333333333,0.011983671225607395
vision.early,mean,primary,0,312,has_wing_pattern::multi-colored,has_wing_pattern,151,33,118,0.21854305267333984,72,14,58,4.626772880554199,0.5086206896551724,0.23255813953488372,0.011983671225607395
vision.early,mean,primary,1,2,has_bill_shape::dagger,has_bill_shape,160,14,146,0.08749999850988388,76,4,72,9.539773941040039,0.6458333333333334,0.3076923076923077,0.011673735454678535
vision.early,mean,primary,1,5,has_bill_shape::hooked_seabird,has_bill_shape,160,15,145,0.09375,76,3,73,5.464484214782715,0.5525114155251142,0.0,0.011673735454678535
vision.early,mean,primary,1,7,has_bill_shape::all-purpose,has_bill_shape,160,66,94,0.4124999940395355,76,34,42,4.148336887359619,0.5084033613445378,0.3076923076923077,0.011673735454678535
vision.early,mean,primary,1,8,has_bill_shape::cone,has_bill_shape,160,44,116,0.2750000059604645,76,21,55,4.698151588439941,0.5298701298701298,0.2631578947368421,0.011673735454678535
vision.early,mean,primary,1,96,has_head_pattern::malar,has_head_pattern,156,16,140,0.10256410390138626,76,10,66,9.855321884155273,0.44393939393939397,0.0,0.011673735454678535
vision.early,mean,primary,1,100,has_head_pattern::eyebrow,has_head_pattern,156,30,126,0.19230769574642181,76,14,62,4.857330322265625,0.5725806451612904,0.20689655172413793,0.011673735454678535
vision.early,mean,primary,1,101,has_head_pattern::eyering,has_head_pattern,156,25,131,0.16025641560554504,76,16,60,6.28715705871582,0.43333333333333335,0.21621621621621623,0.011673735454678535
vision.early,mean,primary,1,102,has_head_pattern::plain,has_head_pattern,156,37,119,0.2371794879436493,76,13,63,3.8419103622436523,0.6727716727716728,0.3870967741935484,0.011673735454678535
vision.early,mean,primary,1,103,has_head_pattern::eyeline,has_head_pattern,156,18,138,0.11538461595773697,76,7,69,5.741901397705078,0.422360248447205,0.13333333333333333,0.011673735454678535
vision.early,mean,primary,1,104,has_head_pattern::striped,has_head_pattern,156,15,141,0.09615384787321091,76,14,62,8.957101821899414,0.5529953917050692,0.16666666666666666,0.011673735454678535
vision.early,mean,primary,1,105,has_head_pattern::capped,has_head_pattern,156,16,140,0.10256410390138626,76,9,67,4.0960822105407715,0.45439469320066334,0.15384615384615385,0.011673735454678535
vision.early,mean,primary,1,107,has_breast_color::brown,has_breast_color,145,29,116,0.20000000298023224,75,14,61,4.914944171905518,0.594847775175644,0.23529411764705882,0.011673735454678535
vision.early,mean,primary,1,111,has_breast_color::grey,has_breast_color,145,40,105,0.27586206793785095,75,19,56,4.263790130615234,0.5375939849624061,0.15384615384615385,0.011673735454678535
vision.early,mean,primary,1,117,has_breast_color::black,has_breast_color,145,50,95,0.3448275923728943,75,30,45,4.578608512878418,0.5362962962962963,0.391304347826087,0.011673735454678535
vision.early,mean,primary,1,118,has_breast_color::white,has_breast_color,145,51,94,0.35172414779663086,75,41,34,4.222740650177002,0.5387374461979914,0.3793103448275862,0.011673735454678535
vision.early,mean,primary,1,120,has_breast_color::buff,has_breast_color,145,52,93,0.35862070322036743,75,26,49,4.179220199584961,0.4717425431711146,0.24390243902439024,0.011673735454678535
vision.early,mean,primary,1,294,has_crown_color::blue,has_crown_color,155,11,144,0.07096774131059647,75,4,71,10.887150764465332,0.7711267605633803,0.0,0.011673735454678535
vision.early,mean,primary,1,295,has_crown_color::brown,has_crown_color,155,60,95,0.3870967626571655,75,33,42,4.626612186431885,0.5584415584415584,0.32,0.011673735454678535
vision.early,mean,primary,1,299,has_crown_color::grey,has_crown_color,155,36,119,0.23225806653499603,75,18,57,4.398421287536621,0.4415204678362573,0.13793103448275862,0.011673735454678535
vision.early,mean,primary,1,305,has_crown_color::black,has_crown_color,155,45,110,0.29032257199287415,75,24,51,4.128641605377197,0.5661764705882353,0.4,0.011673735454678535
vision.early,mean,primary,1,306,has_crown_color::white,has_crown_color,155,20,135,0.12903225421905518,75,10,65,8.316915512084961,0.5953846153846154,0.15384615384615385,0.011673735454678535
vision.early,mean,primary,1,308,has_crown_color::buff,has_crown_color,155,31,124,0.20000000298023224,75,16,59,4.964476585388184,0.6197033898305084,0.3333333333333333,0.011673735454678535
vision.early,mean,primary,1,309,has_wing_pattern::solid,has_wing_pattern,151,32,119,0.21192052960395813,72,18,54,4.755863189697266,0.573045267489712,0.3225806451612903,0.011673735454678535
vision.early,mean,primary,1,310,has_wing_pattern::spotted,has_wing_pattern,151,31,120,0.20529800653457642,72,7,65,4.524633884429932,0.7384615384615385,0.3333333333333333,0.011673735454678535
vision.early,mean,primary,1,311,has_wing_pattern::striped,has_wing_pattern,151,55,96,0.3642384111881256,72,33,39,4.458395481109619,0.6317016317016317,0.3333333333333333,0.011673735454678535
vision.early,mean,primary,1,312,has_wing_pattern::multi-colored,has_wing_pattern,151,33,118,0.21854305267333984,72,14,58,4.635982036590576,0.5086206896551724,0.23809523809523808,0.011673735454678535
vision.early,mean,primary,2,2,has_bill_shape::dagger,has_bill_shape,160,14,146,0.08749999850988388,76,4,72,8.174589157104492,0.6145833333333334,0.14285714285714285,0.01194954477250576
vision.early,mean,primary,2,5,has_bill_shape::hooked_seabird,has_bill_shape,160,15,145,0.09375,76,3,73,5.833155155181885,0.5296803652968036,0.0,0.01194954477250576
vision.early,mean,primary,2,7,has_bill_shape::all-purpose,has_bill_shape,160,66,94,0.4124999940395355,76,34,42,3.908573865890503,0.5175070028011205,0.3076923076923077,0.01194954477250576
vision.early,mean,primary,2,8,has_bill_shape::cone,has_bill_shape,160,44,116,0.2750000059604645,76,21,55,5.06508207321167,0.5229437229437229,0.3,0.01194954477250576
vision.early,mean,primary,2,96,has_head_pattern::malar,has_head_pattern,156,16,140,0.10256410390138626,76,10,66,11.4210844039917,0.4681818181818182,0.0,0.01194954477250576
vision.early,mean,primary,2,100,has_head_pattern::eyebrow,has_head_pattern,156,30,126,0.19230769574642181,76,14,62,5.039458751678467,0.5967741935483871,0.21428571428571427,0.01194954477250576
vision.early,mean,primary,2,101,has_head_pattern::eyering,has_head_pattern,156,25,131,0.16025641560554504,76,16,60,6.871462345123291,0.4322916666666667,0.21621621621621623,0.01194954477250576
vision.early,mean,primary,2,102,has_head_pattern::plain,has_head_pattern,156,37,119,0.2371794879436493,76,13,63,4.3664164543151855,0.6752136752136753,0.42424242424242425,0.01194954477250576
vision.early,mean,primary,2,103,has_head_pattern::eyeline,has_head_pattern,156,18,138,0.11538461595773697,76,7,69,5.105175971984863,0.422360248447205,0.07142857142857142,0.01194954477250576
vision.early,mean,primary,2,104,has_head_pattern::striped,has_head_pattern,156,15,141,0.09615384787321091,76,14,62,9.744227409362793,0.5518433179723502,0.16666666666666666,0.01194954477250576
vision.early,mean,primary,2,105,has_head_pattern::capped,has_head_pattern,156,16,140,0.10256410390138626,76,9,67,4.220716953277588,0.4527363184079602,0.16,0.01194954477250576
vision.early,mean,primary,2,107,has_breast_color::brown,has_breast_color,145,29,116,0.20000000298023224,75,14,61,4.733736515045166,0.5925058548009368,0.22857142857142856,0.01194954477250576
vision.early,mean,primary,2,111,has_breast_color::grey,has_breast_color,145,40,105,0.27586206793785095,75,19,56,4.546886444091797,0.518796992481203,0.15384615384615385,0.01194954477250576
vision.early,mean,primary,2,117,has_breast_color::black,has_breast_color,145,50,95,0.3448275923728943,75,30,45,4.903867721557617,0.5259259259259259,0.34782608695652173,0.01194954477250576
vision.early,mean,primary,2,118,has_breast_color::white,has_breast_color,145,51,94,0.35172414779663086,75,41,34,4.061552047729492,0.5466284074605452,0.32727272727272727,0.01194954477250576
vision.early,mean,primary,2,120,has_breast_color::buff,has_breast_color,145,52,93,0.35862070322036743,75,26,49,3.81013822555542,0.46938775510204084,0.24390243902439024,0.01194954477250576
vision.early,mean,primary,2,294,has_crown_color::blue,has_crown_color,155,11,144,0.07096774131059647,75,4,71,11.52643871307373,0.795774647887324,0.0,0.01194954477250576
vision.early,mean,primary,2,295,has_crown_color::brown,has_crown_color,155,60,95,0.3870967626571655,75,33,42,4.8063859939575195,0.5591630591630592,0.41509433962264153,0.01194954477250576
vision.early,mean,primary,2,299,has_crown_color::grey,has_crown_color,155,36,119,0.23225806653499603,75,18,57,3.9404678344726562,0.4171539961013645,0.13333333333333333,0.01194954477250576
vision.early,mean,primary,2,305,has_crown_color::black,has_crown_color,155,45,110,0.29032257199287415,75,24,51,4.342687129974365,0.565359477124183,0.41025641025641024,0.01194954477250576
vision.early,mean,primary,2,306,has_crown_color::white,has_crown_color,155,20,135,0.12903225421905518,75,10,65,7.016379356384277,0.6076923076923076,0.16,0.01194954477250576
vision.early,mean,primary,2,308,has_crown_color::buff,has_crown_color,155,31,124,0.20000000298023224,75,16,59,4.7871294021606445,0.625,0.3333333333333333,0.01194954477250576
vision.early,mean,primary,2,309,has_wing_pattern::solid,has_wing_pattern,151,32,119,0.21192052960395813,72,18,54,4.503931045532227,0.5864197530864198,0.3225806451612903,0.01194954477250576
vision.early,mean,primary,2,310,has_wing_pattern::spotted,has_wing_pattern,151,31,120,0.20529800653457642,72,7,65,4.594288349151611,0.7450549450549451,0.2962962962962963,0.01194954477250576
vision.early,mean,primary,2,311,has_wing_pattern::striped,has_wing_pattern,151,55,96,0.3642384111881256,72,33,39,4.125251770019531,0.6208236208236209,0.36,0.01194954477250576
vision.early,mean,primary,2,312,has_wing_pattern::multi-colored,has_wing_pattern,151,33,118,0.21854305267333984,72,14,58,5.016892910003662,0.5073891625615764,0.23809523809523808,0.01194954477250576
vision.early,mean,prevalence,-1,2,has_bill_shape::dagger,has_bill_shape,160,14,146,0.08749999850988388,76,4,72,0.0,0.5,0.0,nan
vision.early,mean,prevalence,-1,5,has_bill_shape::hooked_seabird,has_bill_shape,160,15,145,0.09375,76,3,73,0.0,0.5,0.0,nan
vision.early,mean,prevalence,-1,7,has_bill_shape::all-purpose,has_bill_shape,160,66,94,0.4124999940395355,76,34,42,0.0,0.5,0.0,nan
vision.early,mean,prevalence,-1,8,has_bill_shape::cone,has_bill_shape,160,44,116,0.2750000059604645,76,21,55,0.0,0.5,0.0,nan
vision.early,mean,prevalence,-1,96,has_head_pattern::malar,has_head_pattern,156,16,140,0.10256410390138626,76,10,66,0.0,0.5,0.0,nan
vision.early,mean,prevalence,-1,100,has_head_pattern::eyebrow,has_head_pattern,156,30,126,0.19230769574642181,76,14,62,0.0,0.5,0.0,nan
vision.early,mean,prevalence,-1,101,has_head_pattern::eyering,has_head_pattern,156,25,131,0.16025641560554504,76,16,60,0.0,0.5,0.0,nan
vision.early,mean,prevalence,-1,102,has_head_pattern::plain,has_head_pattern,156,37,119,0.2371794879436493,76,13,63,0.0,0.5,0.0,nan
vision.early,mean,prevalence,-1,103,has_head_pattern::eyeline,has_head_pattern,156,18,138,0.11538461595773697,76,7,69,0.0,0.5,0.0,nan
vision.early,mean,prevalence,-1,104,has_head_pattern::striped,has_head_pattern,156,15,141,0.09615384787321091,76,14,62,0.0,0.5,0.0,nan
vision.early,mean,prevalence,-1,105,has_head_pattern::capped,has_head_pattern,156,16,140,0.10256410390138626,76,9,67,0.0,0.5,0.0,nan
vision.early,mean,prevalence,-1,107,has_breast_color::brown,has_breast_color,145,29,116,0.20000000298023224,75,14,61,0.0,0.5,0.0,nan
vision.early,mean,prevalence,-1,111,has_breast_color::grey,has_breast_color,145,40,105,0.27586206793785095,75,19,56,0.0,0.5,0.0,nan
vision.early,mean,prevalence,-1,117,has_breast_color::black,has_breast_color,145,50,95,0.3448275923728943,75,30,45,0.0,0.5,0.0,nan
vision.early,mean,prevalence,-1,118,has_breast_color::white,has_breast_color,145,51,94,0.35172414779663086,75,41,34,0.0,0.5,0.0,nan
vision.early,mean,prevalence,-1,120,has_breast_color::buff,has_breast_color,145,52,93,0.35862070322036743,75,26,49,0.0,0.5,0.0,nan
vision.early,mean,prevalence,-1,294,has_crown_color::blue,has_crown_color,155,11,144,0.07096774131059647,75,4,71,0.0,0.5,0.0,nan
vision.early,mean,prevalence,-1,295,has_crown_color::brown,has_crown_color,155,60,95,0.3870967626571655,75,33,42,0.0,0.5,0.0,nan
vision.early,mean,prevalence,-1,299,has_crown_color::grey,has_crown_color,155,36,119,0.23225806653499603,75,18,57,0.0,0.5,0.0,nan
vision.early,mean,prevalence,-1,305,has_crown_color::black,has_crown_color,155,45,110,0.29032257199287415,75,24,51,0.0,0.5,0.0,nan
vision.early,mean,prevalence,-1,306,has_crown_color::white,has_crown_color,155,20,135,0.12903225421905518,75,10,65,0.0,0.5,0.0,nan
vision.early,mean,prevalence,-1,308,has_crown_color::buff,has_crown_color,155,31,124,0.20000000298023224,75,16,59,0.0,0.5,0.0,nan
vision.early,mean,prevalence,-1,309,has_wing_pattern::solid,has_wing_pattern,151,32,119,0.21192052960395813,72,18,54,0.0,0.5,0.0,nan
vision.early,mean,prevalence,-1,310,has_wing_pattern::spotted,has_wing_pattern,151,31,120,0.20529800653457642,72,7,65,0.0,0.5,0.0,nan
vision.early,mean,prevalence,-1,311,has_wing_pattern::striped,has_wing_pattern,151,55,96,0.3642384111881256,72,33,39,0.0,0.5,0.0,nan
vision.early,mean,prevalence,-1,312,has_wing_pattern::multi-colored,has_wing_pattern,151,33,118,0.21854305267333984,72,14,58,0.0,0.5,0.0,nan
vision.early,mean,shuffled_labels,0,2,has_bill_shape::dagger,has_bill_shape,160,14,146,0.08749999850988388,76,4,72,7.200857162475586,0.53125,0.0,0.013096935115754604
vision.early,mean,shuffled_labels,0,5,has_bill_shape::hooked_seabird,has_bill_shape,160,15,145,0.09375,76,3,73,5.26041841506958,0.3698630136986301,0.0,0.013096935115754604
vision.early,mean,shuffled_labels,0,7,has_bill_shape::all-purpose,has_bill_shape,160,66,94,0.4124999940395355,76,34,42,4.25897216796875,0.453781512605042,0.19607843137254902,0.013096935115754604
vision.early,mean,shuffled_labels,0,8,has_bill_shape::cone,has_bill_shape,160,44,116,0.2750000059604645,76,21,55,4.418214797973633,0.5151515151515151,0.16216216216216217,0.013096935115754604
vision.early,mean,shuffled_labels,0,96,has_head_pattern::malar,has_head_pattern,156,16,140,0.10256410390138626,76,10,66,5.90585994720459,0.4575757575757576,0.16666666666666666,0.013096935115754604
vision.early,mean,shuffled_labels,0,100,has_head_pattern::eyebrow,has_head_pattern,156,30,126,0.19230769574642181,76,14,62,4.151832580566406,0.47119815668202764,0.06896551724137931,0.013096935115754604
vision.early,mean,shuffled_labels,0,101,has_head_pattern::eyering,has_head_pattern,156,25,131,0.16025641560554504,76,16,60,4.514183521270752,0.5479166666666667,0.3333333333333333,0.013096935115754604
vision.early,mean,shuffled_labels,0,102,has_head_pattern::plain,has_head_pattern,156,37,119,0.2371794879436493,76,13,63,4.293895244598389,0.518925518925519,0.1935483870967742,0.013096935115754604
vision.early,mean,shuffled_labels,0,103,has_head_pattern::eyeline,has_head_pattern,156,18,138,0.11538461595773697,76,7,69,6.0728864669799805,0.4803312629399586,0.0,0.013096935115754604
vision.early,mean,shuffled_labels,0,104,has_head_pattern::striped,has_head_pattern,156,15,141,0.09615384787321091,76,14,62,4.34660530090332,0.49193548387096775,0.12903225806451613,0.013096935115754604
vision.early,mean,shuffled_labels,0,105,has_head_pattern::capped,has_head_pattern,156,16,140,0.10256410390138626,76,9,67,5.406888484954834,0.5422885572139303,0.17391304347826086,0.013096935115754604
vision.early,mean,shuffled_labels,0,107,has_breast_color::brown,has_breast_color,145,29,116,0.20000000298023224,75,14,61,5.192063331604004,0.4426229508196721,0.13636363636363635,0.013096935115754604
vision.early,mean,shuffled_labels,0,111,has_breast_color::grey,has_breast_color,145,40,105,0.27586206793785095,75,19,56,4.536891460418701,0.6118421052631579,0.358974358974359,0.013096935115754604
vision.early,mean,shuffled_labels,0,117,has_breast_color::black,has_breast_color,145,50,95,0.3448275923728943,75,30,45,4.494792461395264,0.42962962962962964,0.18181818181818182,0.013096935115754604
vision.early,mean,shuffled_labels,0,118,has_breast_color::white,has_breast_color,145,51,94,0.35172414779663086,75,41,34,4.204964637756348,0.4806312769010043,0.45901639344262296,0.013096935115754604
vision.early,mean,shuffled_labels,0,120,has_breast_color::buff,has_breast_color,145,52,93,0.35862070322036743,75,26,49,4.899324417114258,0.47959183673469385,0.2,0.013096935115754604
vision.early,mean,shuffled_labels,0,294,has_crown_color::blue,has_crown_color,155,11,144,0.07096774131059647,75,4,71,10.623456001281738,0.7288732394366197,0.2,0.013096935115754604
vision.early,mean,shuffled_labels,0,295,has_crown_color::brown,has_crown_color,155,60,95,0.3870967626571655,75,33,42,3.785175085067749,0.523088023088023,0.2692307692307692,0.013096935115754604
vision.early,mean,shuffled_labels,0,299,has_crown_color::grey,has_crown_color,155,36,119,0.23225806653499603,75,18,57,4.9469757080078125,0.5721247563352827,0.32432432432432434,0.013096935115754604
vision.early,mean,shuffled_labels,0,305,has_crown_color::black,has_crown_color,155,45,110,0.29032257199287415,75,24,51,4.390964508056641,0.43790849673202614,0.2608695652173913,0.013096935115754604
vision.early,mean,shuffled_labels,0,306,has_crown_color::white,has_crown_color,155,20,135,0.12903225421905518,75,10,65,5.641602516174316,0.5123076923076924,0.2,0.013096935115754604
vision.early,mean,shuffled_labels,0,308,has_crown_color::buff,has_crown_color,155,31,124,0.20000000298023224,75,16,59,5.022331237792969,0.4385593220338983,0.12121212121212122,0.013096935115754604
vision.early,mean,shuffled_labels,0,309,has_wing_pattern::solid,has_wing_pattern,151,32,119,0.21192052960395813,72,18,54,4.825262069702148,0.448559670781893,0.2631578947368421,0.013096935115754604
vision.early,mean,shuffled_labels,0,310,has_wing_pattern::spotted,has_wing_pattern,151,31,120,0.20529800653457642,72,7,65,4.609317779541016,0.7318681318681318,0.3076923076923077,0.013096935115754604
vision.early,mean,shuffled_labels,0,311,has_wing_pattern::striped,has_wing_pattern,151,55,96,0.3642384111881256,72,33,39,4.329261779785156,0.5415695415695416,0.4230769230769231,0.013096935115754604
vision.early,mean,shuffled_labels,0,312,has_wing_pattern::multi-colored,has_wing_pattern,151,33,118,0.21854305267333984,72,14,58,4.094223499298096,0.458128078817734,0.13793103448275862,0.013096935115754604
vision.early,mean,shuffled_labels,1,2,has_bill_shape::dagger,has_bill_shape,160,14,146,0.08749999850988388,76,4,72,10.395976066589355,0.6527777777777778,0.2222222222222222,0.013794085010886192
vision.early,mean,shuffled_labels,1,5,has_bill_shape::hooked_seabird,has_bill_shape,160,15,145,0.09375,76,3,73,8.21125602722168,0.3561643835616438,0.0,0.013794085010886192
vision.early,mean,shuffled_labels,1,7,has_bill_shape::all-purpose,has_bill_shape,160,66,94,0.4124999940395355,76,34,42,4.294308662414551,0.5952380952380952,0.46153846153846156,0.013794085010886192
vision.early,mean,shuffled_labels,1,8,has_bill_shape::cone,has_bill_shape,160,44,116,0.2750000059604645,76,21,55,3.3768699169158936,0.4666666666666667,0.16666666666666666,0.013794085010886192
vision.early,mean,shuffled_labels,1,96,has_head_pattern::malar,has_head_pattern,156,16,140,0.10256410390138626,76,10,66,5.310666084289551,0.5727272727272728,0.15384615384615385,0.013794085010886192
vision.early,mean,shuffled_labels,1,100,has_head_pattern::eyebrow,has_head_pattern,156,30,126,0.19230769574642181,76,14,62,4.303793430328369,0.5564516129032258,0.2222222222222222,0.013794085010886192
vision.early,mean,shuffled_labels,1,101,has_head_pattern::eyering,has_head_pattern,156,25,131,0.16025641560554504,76,16,60,5.691714763641357,0.49583333333333335,0.23529411764705882,0.013794085010886192
vision.early,mean,shuffled_labels,1,102,has_head_pattern::plain,has_head_pattern,156,37,119,0.2371794879436493,76,13,63,3.719858407974243,0.4261294261294261,0.16666666666666666,0.013794085010886192
vision.early,mean,shuffled_labels,1,103,has_head_pattern::eyeline,has_head_pattern,156,18,138,0.11538461595773697,76,7,69,4.78704309463501,0.5031055900621118,0.0,0.013794085010886192
vision.early,mean,shuffled_labels,1,104,has_head_pattern::striped,has_head_pattern,156,15,141,0.09615384787321091,76,14,62,4.744192600250244,0.6612903225806451,0.29411764705882354,0.013794085010886192
vision.early,mean,shuffled_labels,1,105,has_head_pattern::capped,has_head_pattern,156,16,140,0.10256410390138626,76,9,67,4.571641445159912,0.5008291873963516,0.1935483870967742,0.013794085010886192
vision.early,mean,shuffled_labels,1,107,has_breast_color::brown,has_breast_color,145,29,116,0.20000000298023224,75,14,61,4.599238395690918,0.5175644028103045,0.24242424242424243,0.013794085010886192
vision.early,mean,shuffled_labels,1,111,has_breast_color::grey,has_breast_color,145,40,105,0.27586206793785095,75,19,56,4.451484203338623,0.5206766917293233,0.23809523809523808,0.013794085010886192
vision.early,mean,shuffled_labels,1,117,has_breast_color::black,has_breast_color,145,50,95,0.3448275923728943,75,30,45,4.166857719421387,0.585925925925926,0.4074074074074074,0.013794085010886192
vision.early,mean,shuffled_labels,1,118,has_breast_color::white,has_breast_color,145,51,94,0.35172414779663086,75,41,34,4.1973395347595215,0.503586800573888,0.29508196721311475,0.013794085010886192
vision.early,mean,shuffled_labels,1,120,has_breast_color::buff,has_breast_color,145,52,93,0.35862070322036743,75,26,49,4.878332138061523,0.3987441130298273,0.25,0.013794085010886192
vision.early,mean,shuffled_labels,1,294,has_crown_color::blue,has_crown_color,155,11,144,0.07096774131059647,75,4,71,8.065716743469238,0.323943661971831,0.0,0.013794085010886192
vision.early,mean,shuffled_labels,1,295,has_crown_color::brown,has_crown_color,155,60,95,0.3870967626571655,75,33,42,4.425015926361084,0.5476190476190477,0.32,0.013794085010886192
vision.early,mean,shuffled_labels,1,299,has_crown_color::grey,has_crown_color,155,36,119,0.23225806653499603,75,18,57,4.227792263031006,0.4697855750487329,0.23529411764705882,0.013794085010886192
vision.early,mean,shuffled_labels,1,305,has_crown_color::black,has_crown_color,155,45,110,0.29032257199287415,75,24,51,3.8042244911193848,0.5563725490196079,0.3181818181818182,0.013794085010886192
vision.early,mean,shuffled_labels,1,306,has_crown_color::white,has_crown_color,155,20,135,0.12903225421905518,75,10,65,4.193117141723633,0.4015384615384615,0.0,0.013794085010886192
vision.early,mean,shuffled_labels,1,308,has_crown_color::buff,has_crown_color,155,31,124,0.20000000298023224,75,16,59,3.8464512825012207,0.6260593220338984,0.35294117647058826,0.013794085010886192
vision.early,mean,shuffled_labels,1,309,has_wing_pattern::solid,has_wing_pattern,151,32,119,0.21192052960395813,72,18,54,4.475342273712158,0.6635802469135802,0.47619047619047616,0.013794085010886192
vision.early,mean,shuffled_labels,1,310,has_wing_pattern::spotted,has_wing_pattern,151,31,120,0.20529800653457642,72,7,65,3.938286781311035,0.4593406593406593,0.0,0.013794085010886192
vision.early,mean,shuffled_labels,1,311,has_wing_pattern::striped,has_wing_pattern,151,55,96,0.3642384111881256,72,33,39,4.885461330413818,0.47241647241647244,0.35714285714285715,0.013794085010886192
vision.early,mean,shuffled_labels,1,312,has_wing_pattern::multi-colored,has_wing_pattern,151,33,118,0.21854305267333984,72,14,58,4.619152545928955,0.5086206896551724,0.0,0.013794085010886192
vision.early,mean,shuffled_labels,2,2,has_bill_shape::dagger,has_bill_shape,160,14,146,0.08749999850988388,76,4,72,6.420182704925537,0.4479166666666667,0.09523809523809523,0.013042168691754341
vision.early,mean,shuffled_labels,2,5,has_bill_shape::hooked_seabird,has_bill_shape,160,15,145,0.09375,76,3,73,6.669291973114014,0.5570776255707762,0.0,0.013042168691754341
vision.early,mean,shuffled_labels,2,7,has_bill_shape::all-purpose,has_bill_shape,160,66,94,0.4124999940395355,76,34,42,4.23057746887207,0.45518207282913165,0.25925925925925924,0.013042168691754341
vision.early,mean,shuffled_labels,2,8,has_bill_shape::cone,has_bill_shape,160,44,116,0.2750000059604645,76,21,55,4.901493072509766,0.554978354978355,0.16216216216216217,0.013042168691754341
vision.early,mean,shuffled_labels,2,96,has_head_pattern::malar,has_head_pattern,156,16,140,0.10256410390138626,76,10,66,4.112508773803711,0.4772727272727273,0.14285714285714285,0.013042168691754341
vision.early,mean,shuffled_labels,2,100,has_head_pattern::eyebrow,has_head_pattern,156,30,126,0.19230769574642181,76,14,62,4.239873886108398,0.4216589861751152,0.06451612903225806,0.013042168691754341
vision.early,mean,shuffled_labels,2,101,has_head_pattern::eyering,has_head_pattern,156,25,131,0.16025641560554504,76,16,60,6.104841709136963,0.46875,0.18181818181818182,0.013042168691754341
vision.early,mean,shuffled_labels,2,102,has_head_pattern::plain,has_head_pattern,156,37,119,0.2371794879436493,76,13,63,4.251225471496582,0.49694749694749696,0.34146341463414637,0.013042168691754341
vision.early,mean,shuffled_labels,2,103,has_head_pattern::eyeline,has_head_pattern,156,18,138,0.11538461595773697,76,7,69,5.203948020935059,0.3167701863354037,0.0,0.013042168691754341
vision.early,mean,shuffled_labels,2,104,has_head_pattern::striped,has_head_pattern,156,15,141,0.09615384787321091,76,14,62,7.4284162521362305,0.5714285714285714,0.17391304347826086,0.013042168691754341
vision.early,mean,shuffled_labels,2,105,has_head_pattern::capped,has_head_pattern,156,16,140,0.10256410390138626,76,9,67,5.868658542633057,0.5207296849087893,0.0,0.013042168691754341
vision.early,mean,shuffled_labels,2,107,has_breast_color::brown,has_breast_color,145,29,116,0.20000000298023224,75,14,61,4.318387031555176,0.5117096018735363,0.25806451612903225,0.013042168691754341
vision.early,mean,shuffled_labels,2,111,has_breast_color::grey,has_breast_color,145,40,105,0.27586206793785095,75,19,56,4.719120502471924,0.4755639097744361,0.10810810810810811,0.013042168691754341
vision.early,mean,shuffled_labels,2,117,has_breast_color::black,has_breast_color,145,50,95,0.3448275923728943,75,30,45,4.115486145019531,0.4525925925925926,0.36363636363636365,0.013042168691754341
vision.early,mean,shuffled_labels,2,118,has_breast_color::white,has_breast_color,145,51,94,0.35172414779663086,75,41,34,4.495236396789551,0.45552367288378764,0.4057971014492754,0.013042168691754341
vision.early,mean,shuffled_labels,2,120,has_breast_color::buff,has_breast_color,145,52,93,0.35862070322036743,75,26,49,4.056406021118164,0.5635792778649922,0.40816326530612246,0.013042168691754341
vision.early,mean,shuffled_labels,2,294,has_crown_color::blue,has_crown_color,155,11,144,0.07096774131059647,75,4,71,4.772433280944824,0.647887323943662,0.09090909090909091,0.013042168691754341
vision.early,mean,shuffled_labels,2,295,has_crown_color::brown,has_crown_color,155,60,95,0.3870967626571655,75,33,42,3.7754807472229004,0.6428571428571429,0.3673469387755102,0.013042168691754341
vision.early,mean,shuffled_labels,2,299,has_crown_color::grey,has_crown_color,155,36,119,0.23225806653499603,75,18,57,4.156595230102539,0.49707602339181284,0.21052631578947367,0.013042168691754341
vision.early,mean,shuffled_labels,2,305,has_crown_color::black,has_crown_color,155,45,110,0.29032257199287415,75,24,51,4.620238780975342,0.4812091503267974,0.2916666666666667,0.013042168691754341
vision.early,mean,shuffled_labels,2,306,has_crown_color::white,has_crown_color,155,20,135,0.12903225421905518,75,10,65,4.871742248535156,0.29846153846153844,0.0,0.013042168691754341
vision.early,mean,shuffled_labels,2,308,has_crown_color::buff,has_crown_color,155,31,124,0.20000000298023224,75,16,59,5.414170265197754,0.5042372881355932,0.16216216216216217,0.013042168691754341
vision.early,mean,shuffled_labels,2,309,has_wing_pattern::solid,has_wing_pattern,151,32,119,0.21192052960395813,72,18,54,4.187265872955322,0.5205761316872428,0.34285714285714286,0.013042168691754341
vision.early,mean,shuffled_labels,2,310,has_wing_pattern::spotted,has_wing_pattern,151,31,120,0.20529800653457642,72,7,65,4.919564247131348,0.4593406593406593,0.14814814814814814,0.013042168691754341
vision.early,mean,shuffled_labels,2,311,has_wing_pattern::striped,has_wing_pattern,151,55,96,0.3642384111881256,72,33,39,4.10803747177124,0.6394716394716394,0.40816326530612246,0.013042168691754341
vision.early,mean,shuffled_labels,2,312,has_wing_pattern::multi-colored,has_wing_pattern,151,33,118,0.21854305267333984,72,14,58,4.043240547180176,0.4827586206896552,0.18181818181818182,0.013042168691754341
vision.early,mean,random_projection,0,2,has_bill_shape::dagger,has_bill_shape,160,14,146,0.08749999850988388,76,4,72,2.5911450386047363,0.6215277777777778,0.26666666666666666,0.05290723964571953
vision.early,mean,random_projection,0,5,has_bill_shape::hooked_seabird,has_bill_shape,160,15,145,0.09375,76,3,73,1.5137903690338135,0.5251141552511416,0.0,0.05290723964571953
vision.early,mean,random_projection,0,7,has_bill_shape::all-purpose,has_bill_shape,160,66,94,0.4124999940395355,76,34,42,1.6693764925003052,0.5455182072829131,0.33962264150943394,0.05290723964571953
vision.early,mean,random_projection,0,8,has_bill_shape::cone,has_bill_shape,160,44,116,0.2750000059604645,76,21,55,2.011029005050659,0.5125541125541125,0.2926829268292683,0.05290723964571953
vision.early,mean,random_projection,0,96,has_head_pattern::malar,has_head_pattern,156,16,140,0.10256410390138626,76,10,66,2.575549602508545,0.45,0.0,0.05290723964571953
vision.early,mean,random_projection,0,100,has_head_pattern::eyebrow,has_head_pattern,156,30,126,0.19230769574642181,76,14,62,2.0480122566223145,0.5023041474654378,0.08695652173913043,0.05290723964571953
vision.early,mean,random_projection,0,101,has_head_pattern::eyering,has_head_pattern,156,25,131,0.16025641560554504,76,16,60,2.49692440032959,0.4166666666666667,0.24242424242424243,0.05290723964571953
vision.early,mean,random_projection,0,102,has_head_pattern::plain,has_head_pattern,156,37,119,0.2371794879436493,76,13,63,1.6462986469268799,0.6141636141636142,0.35714285714285715,0.05290723964571953
vision.early,mean,random_projection,0,103,has_head_pattern::eyeline,has_head_pattern,156,18,138,0.11538461595773697,76,7,69,2.2810754776000977,0.4927536231884058,0.07692307692307693,0.05290723964571953
vision.early,mean,random_projection,0,104,has_head_pattern::striped,has_head_pattern,156,15,141,0.09615384787321091,76,14,62,2.5493102073669434,0.6290322580645161,0.2608695652173913,0.05290723964571953
vision.early,mean,random_projection,0,105,has_head_pattern::capped,has_head_pattern,156,16,140,0.10256410390138626,76,9,67,1.0754543542861938,0.494195688225539,0.10526315789473684,0.05290723964571953
vision.early,mean,random_projection,0,107,has_breast_color::brown,has_breast_color,145,29,116,0.20000000298023224,75,14,61,2.6787686347961426,0.5597189695550351,0.25,0.05290723964571953
vision.early,mean,random_projection,0,111,has_breast_color::grey,has_breast_color,145,40,105,0.27586206793785095,75,19,56,1.8728522062301636,0.5197368421052632,0.32558139534883723,0.05290723964571953
vision.early,mean,random_projection,0,117,has_breast_color::black,has_breast_color,145,50,95,0.3448275923728943,75,30,45,1.5972540378570557,0.5207407407407407,0.32653061224489793,0.05290723964571953
vision.early,mean,random_projection,0,118,has_breast_color::white,has_breast_color,145,51,94,0.35172414779663086,75,41,34,1.299248218536377,0.524390243902439,0.39344262295081966,0.05290723964571953
vision.early,mean,random_projection,0,120,has_breast_color::buff,has_breast_color,145,52,93,0.35862070322036743,75,26,49,1.6808300018310547,0.4552590266875981,0.2222222222222222,0.05290723964571953
vision.early,mean,random_projection,0,294,has_crown_color::blue,has_crown_color,155,11,144,0.07096774131059647,75,4,71,3.668792724609375,0.6126760563380281,0.0,0.05290723964571953
vision.early,mean,random_projection,0,295,has_crown_color::brown,has_crown_color,155,60,95,0.3870967626571655,75,33,42,1.5491727590560913,0.5245310245310245,0.32142857142857145,0.05290723964571953
vision.early,mean,random_projection,0,299,has_crown_color::grey,has_crown_color,155,36,119,0.23225806653499603,75,18,57,1.3146345615386963,0.4269005847953216,0.21621621621621623,0.05290723964571953
vision.early,mean,random_projection,0,305,has_crown_color::black,has_crown_color,155,45,110,0.29032257199287415,75,24,51,1.5471607446670532,0.5171568627450981,0.36363636363636365,0.05290723964571953
vision.early,mean,random_projection,0,306,has_crown_color::white,has_crown_color,155,20,135,0.12903225421905518,75,10,65,3.362717628479004,0.6292307692307693,0.09523809523809523,0.05290723964571953
vision.early,mean,random_projection,0,308,has_crown_color::buff,has_crown_color,155,31,124,0.20000000298023224,75,16,59,2.062117576599121,0.4883474576271186,0.11764705882352941,0.05290723964571953
vision.early,mean,random_projection,0,309,has_wing_pattern::solid,has_wing_pattern,151,32,119,0.21192052960395813,72,18,54,1.7171882390975952,0.51440329218107,0.34285714285714286,0.05290723964571953
vision.early,mean,random_projection,0,310,has_wing_pattern::spotted,has_wing_pattern,151,31,120,0.20529800653457642,72,7,65,1.8890786170959473,0.6725274725274726,0.3,0.05290723964571953
vision.early,mean,random_projection,0,311,has_wing_pattern::striped,has_wing_pattern,151,55,96,0.3642384111881256,72,33,39,1.3132961988449097,0.6783216783216783,0.40816326530612246,0.05290723964571953
vision.early,mean,random_projection,0,312,has_wing_pattern::multi-colored,has_wing_pattern,151,33,118,0.21854305267333984,72,14,58,2.453235626220703,0.5701970443349754,0.2222222222222222,0.05290723964571953
vision.early,mean,random_projection,1,2,has_bill_shape::dagger,has_bill_shape,160,14,146,0.08749999850988388,76,4,72,2.341043472290039,0.4270833333333333,0.0,0.05384697765111923
vision.early,mean,random_projection,1,5,has_bill_shape::hooked_seabird,has_bill_shape,160,15,145,0.09375,76,3,73,1.795656442642212,0.3333333333333333,0.0,0.05384697765111923
vision.early,mean,random_projection,1,7,has_bill_shape::all-purpose,has_bill_shape,160,66,94,0.4124999940395355,76,34,42,0.43310093879699707,0.5021008403361344,0.32142857142857145,0.05384697765111923
vision.early,mean,random_projection,1,8,has_bill_shape::cone,has_bill_shape,160,44,116,0.2750000059604645,76,21,55,1.947225570678711,0.5272727272727272,0.22727272727272727,0.05384697765111923
vision.early,mean,random_projection,1,96,has_head_pattern::malar,has_head_pattern,156,16,140,0.10256410390138626,76,10,66,1.988653302192688,0.38181818181818183,0.09523809523809523,0.05384697765111923
vision.early,mean,random_projection,1,100,has_head_pattern::eyebrow,has_head_pattern,156,30,126,0.19230769574642181,76,14,62,2.5613865852355957,0.5149769585253456,0.2,0.05384697765111923
vision.early,mean,random_projection,1,101,has_head_pattern::eyering,has_head_pattern,156,25,131,0.16025641560554504,76,16,60,2.124964952468872,0.49583333333333335,0.2702702702702703,0.05384697765111923
vision.early,mean,random_projection,1,102,has_head_pattern::plain,has_head_pattern,156,37,119,0.2371794879436493,76,13,63,1.964076042175293,0.6227106227106227,0.3125,0.05384697765111923
vision.early,mean,random_projection,1,103,has_head_pattern::eyeline,has_head_pattern,156,18,138,0.11538461595773697,76,7,69,2.2998452186584473,0.4658385093167702,0.07692307692307693,0.05384697765111923
vision.early,mean,random_projection,1,104,has_head_pattern::striped,has_head_pattern,156,15,141,0.09615384787321091,76,14,62,2.411437511444092,0.652073732718894,0.38095238095238093,0.05384697765111923
vision.early,mean,random_projection,1,105,has_head_pattern::capped,has_head_pattern,156,16,140,0.10256410390138626,76,9,67,1.2985810041427612,0.4626865671641791,0.08695652173913043,0.05384697765111923
vision.early,mean,random_projection,1,107,has_breast_color::brown,has_breast_color,145,29,116,0.20000000298023224,75,14,61,2.252098321914673,0.5562060889929742,0.2777777777777778,0.05384697765111923
vision.early,mean,random_projection,1,111,has_breast_color::grey,has_breast_color,145,40,105,0.27586206793785095,75,19,56,1.8549532890319824,0.5592105263157895,0.2564102564102564,0.05384697765111923
vision.early,mean,random_projection,1,117,has_breast_color::black,has_breast_color,145,50,95,0.3448275923728943,75,30,45,1.5043096542358398,0.6311111111111111,0.5098039215686274,0.05384697765111923
vision.early,mean,random_projection,1,118,has_breast_color::white,has_breast_color,145,51,94,0.35172414779663086,75,41,34,1.030805230140686,0.5286944045911047,0.41935483870967744,0.05384697765111923
vision.early,mean,random_projection,1,120,has_breast_color::buff,has_breast_color,145,52,93,0.35862070322036743,75,26,49,1.4318434000015259,0.521193092621664,0.32,0.05384697765111923
vision.early,mean,random_projection,1,294,has_crown_color::blue,has_crown_color,155,11,144,0.07096774131059647,75,4,71,2.965141773223877,0.5985915492957746,0.0,0.05384697765111923
vision.early,mean,random_projection,1,295,has_crown_color::brown,has_crown_color,155,60,95,0.3870967626571655,75,33,42,2.1597142219543457,0.538961038961039,0.4406779661016949,0.05384697765111923
vision.early,mean,random_projection,1,299,has_crown_color::grey,has_crown_color,155,36,119,0.23225806653499603,75,18,57,1.6679189205169678,0.5048732943469786,0.23529411764705882,0.05384697765111923
vision.early,mean,random_projection,1,305,has_crown_color::black,has_crown_color,155,45,110,0.29032257199287415,75,24,51,1.7042988538742065,0.5580065359477124,0.25,0.05384697765111923
vision.early,mean,random_projection,1,306,has_crown_color::white,has_crown_color,155,20,135,0.12903225421905518,75,10,65,2.291569471359253,0.6230769230769231,0.09090909090909091,0.05384697765111923
vision.early,mean,random_projection,1,308,has_crown_color::buff,has_crown_color,155,31,124,0.20000000298023224,75,16,59,2.3474137783050537,0.5148305084745762,0.1935483870967742,0.05384697765111923
vision.early,mean,random_projection,1,309,has_wing_pattern::solid,has_wing_pattern,151,32,119,0.21192052960395813,72,18,54,1.9318103790283203,0.5699588477366255,0.34285714285714286,0.05384697765111923
vision.early,mean,random_projection,1,310,has_wing_pattern::spotted,has_wing_pattern,151,31,120,0.20529800653457642,72,7,65,1.9571411609649658,0.7868131868131868,0.4166666666666667,0.05384697765111923
vision.early,mean,random_projection,1,311,has_wing_pattern::striped,has_wing_pattern,151,55,96,0.3642384111881256,72,33,39,1.5866583585739136,0.602952602952603,0.37037037037037035,0.05384697765111923
vision.early,mean,random_projection,1,312,has_wing_pattern::multi-colored,has_wing_pattern,151,33,118,0.21854305267333984,72,14,58,2.737513542175293,0.5160098522167488,0.16216216216216217,0.05384697765111923
vision.early,mean,random_projection,2,2,has_bill_shape::dagger,has_bill_shape,160,14,146,0.08749999850988388,76,4,72,2.3314270973205566,0.4930555555555556,0.36363636363636365,0.052616458386182785
vision.early,mean,random_projection,2,5,has_bill_shape::hooked_seabird,has_bill_shape,160,15,145,0.09375,76,3,73,1.822446346282959,0.7214611872146118,0.0,0.052616458386182785
vision.early,mean,random_projection,2,7,has_bill_shape::all-purpose,has_bill_shape,160,66,94,0.4124999940395355,76,34,42,1.6993166208267212,0.5588235294117647,0.2962962962962963,0.052616458386182785
vision.early,mean,random_projection,2,8,has_bill_shape::cone,has_bill_shape,160,44,116,0.2750000059604645,76,21,55,2.165858268737793,0.5359307359307359,0.2222222222222222,0.052616458386182785
vision.early,mean,random_projection,2,96,has_head_pattern::malar,has_head_pattern,156,16,140,0.10256410390138626,76,10,66,2.2827014923095703,0.45,0.0,0.052616458386182785
vision.early,mean,random_projection,2,100,has_head_pattern::eyebrow,has_head_pattern,156,30,126,0.19230769574642181,76,14,62,2.551931858062744,0.565668202764977,0.32,0.052616458386182785
vision.early,mean,random_projection,2,101,has_head_pattern::eyering,has_head_pattern,156,25,131,0.16025641560554504,76,16,60,2.0952625274658203,0.38333333333333336,0.2222222222222222,0.052616458386182785
vision.early,mean,random_projection,2,102,has_head_pattern::plain,has_head_pattern,156,37,119,0.2371794879436493,76,13,63,2.016209602355957,0.6202686202686203,0.3333333333333333,0.052616458386182785
vision.early,mean,random_projection,2,103,has_head_pattern::eyeline,has_head_pattern,156,18,138,0.11538461595773697,76,7,69,2.5156688690185547,0.36645962732919257,0.16,0.052616458386182785
vision.early,mean,random_projection,2,104,has_head_pattern::striped,has_head_pattern,156,15,141,0.09615384787321091,76,14,62,2.4172275066375732,0.6624423963133641,0.18181818181818182,0.052616458386182785
vision.early,mean,random_projection,2,105,has_head_pattern::capped,has_head_pattern,156,16,140,0.10256410390138626,76,9,67,2.156027317047119,0.4759535655058043,0.21052631578947367,0.052616458386182785
vision.early,mean,random_projection,2,107,has_breast_color::brown,has_breast_color,145,29,116,0.20000000298023224,75,14,61,1.9891691207885742,0.5210772833723654,0.21052631578947367,0.052616458386182785
vision.early,mean,random_projection,2,111,has_breast_color::grey,has_breast_color,145,40,105,0.27586206793785095,75,19,56,1.911386251449585,0.5084586466165414,0.15384615384615385,0.052616458386182785
vision.early,mean,random_projection,2,117,has_breast_color::black,has_breast_color,145,50,95,0.3448275923728943,75,30,45,2.219701051712036,0.5355555555555556,0.3673469387755102,0.052616458386182785
vision.early,mean,random_projection,2,118,has_breast_color::white,has_breast_color,145,51,94,0.35172414779663086,75,41,34,1.4505122900009155,0.46700143472022954,0.3125,0.052616458386182785
vision.early,mean,random_projection,2,120,has_breast_color::buff,has_breast_color,145,52,93,0.35862070322036743,75,26,49,1.6743563413619995,0.41836734693877553,0.23076923076923078,0.052616458386182785
vision.early,mean,random_projection,2,294,has_crown_color::blue,has_crown_color,155,11,144,0.07096774131059647,75,4,71,3.757847309112549,0.7887323943661971,0.0,0.052616458386182785
vision.early,mean,random_projection,2,295,has_crown_color::brown,has_crown_color,155,60,95,0.3870967626571655,75,33,42,1.8225239515304565,0.564935064935065,0.39285714285714285,0.052616458386182785
vision.early,mean,random_projection,2,299,has_crown_color::grey,has_crown_color,155,36,119,0.23225806653499603,75,18,57,1.8094159364700317,0.38499025341130605,0.06060606060606061,0.052616458386182785
vision.early,mean,random_projection,2,305,has_crown_color::black,has_crown_color,155,45,110,0.29032257199287415,75,24,51,1.6027950048446655,0.5212418300653595,0.2,0.052616458386182785
vision.early,mean,random_projection,2,306,has_crown_color::white,has_crown_color,155,20,135,0.12903225421905518,75,10,65,2.4775218963623047,0.6353846153846154,0.2857142857142857,0.052616458386182785
vision.early,mean,random_projection,2,308,has_crown_color::buff,has_crown_color,155,31,124,0.20000000298023224,75,16,59,1.784280776977539,0.4947033898305085,0.11428571428571428,0.052616458386182785
vision.early,mean,random_projection,2,309,has_wing_pattern::solid,has_wing_pattern,151,32,119,0.21192052960395813,72,18,54,1.4936754703521729,0.5318930041152263,0.35294117647058826,0.052616458386182785
vision.early,mean,random_projection,2,310,has_wing_pattern::spotted,has_wing_pattern,151,31,120,0.20529800653457642,72,7,65,1.9036011695861816,0.8153846153846154,0.2608695652173913,0.052616458386182785
vision.early,mean,random_projection,2,311,has_wing_pattern::striped,has_wing_pattern,151,55,96,0.3642384111881256,72,33,39,1.4701155424118042,0.6487956487956488,0.4528301886792453,0.052616458386182785
vision.early,mean,random_projection,2,312,has_wing_pattern::multi-colored,has_wing_pattern,151,33,118,0.21854305267333984,72,14,58,2.8950905799865723,0.5406403940886699,0.2631578947368421,0.052616458386182785
vision.middle,mean,primary,0,2,has_bill_shape::dagger,has_bill_shape,160,14,146,0.08749999850988388,76,4,72,16.914762496948242,0.5555555555555556,0.2,0.006835474167019129
vision.middle,mean,primary,0,5,has_bill_shape::hooked_seabird,has_bill_shape,160,15,145,0.09375,76,3,73,7.5029520988464355,0.9315068493150684,0.42857142857142855,0.006835474167019129
vision.middle,mean,primary,0,7,has_bill_shape::all-purpose,has_bill_shape,160,66,94,0.4124999940395355,76,34,42,5.0800604820251465,0.5441176470588235,0.20512820512820512,0.006835474167019129
vision.middle,mean,primary,0,8,has_bill_shape::cone,has_bill_shape,160,44,116,0.2750000059604645,76,21,55,5.429486274719238,0.5532467532467532,0.32432432432432434,0.006835474167019129
vision.middle,mean,primary,0,96,has_head_pattern::malar,has_head_pattern,156,16,140,0.10256410390138626,76,10,66,7.8858442306518555,0.4212121212121212,0.0,0.006835474167019129
vision.middle,mean,primary,0,100,has_head_pattern::eyebrow,has_head_pattern,156,30,126,0.19230769574642181,76,14,62,5.472075462341309,0.619815668202765,0.17391304347826086,0.006835474167019129
vision.middle,mean,primary,0,101,has_head_pattern::eyering,has_head_pattern,156,25,131,0.16025641560554504,76,16,60,6.1639251708984375,0.6260416666666667,0.07407407407407407,0.006835474167019129
vision.middle,mean,primary,0,102,has_head_pattern::plain,has_head_pattern,156,37,119,0.2371794879436493,76,13,63,5.4352707862854,0.8229548229548229,0.38461538461538464,0.006835474167019129
vision.middle,mean,primary,0,103,has_head_pattern::eyeline,has_head_pattern,156,18,138,0.11538461595773697,76,7,69,9.791481971740723,0.5320910973084886,0.0,0.006835474167019129
vision.middle,mean,primary,0,104,has_head_pattern::striped,has_head_pattern,156,15,141,0.09615384787321091,76,14,62,9.385388374328613,0.44815668202764974,0.1,0.006835474167019129
vision.middle,mean,primary,0,105,has_head_pattern::capped,has_head_pattern,156,16,140,0.10256410390138626,76,9,67,7.3821563720703125,0.5140961857379768,0.0,0.006835474167019129
vision.middle,mean,primary,0,107,has_breast_color::brown,has_breast_color,145,29,116,0.20000000298023224,75,14,61,6.2974371910095215,0.6159250585480094,0.3076923076923077,0.006835474167019129
vision.middle,mean,primary,0,111,has_breast_color::grey,has_breast_color,145,40,105,0.27586206793785095,75,19,56,5.391793251037598,0.5272556390977443,0.14814814814814814,0.006835474167019129
vision.middle,mean,primary,0,117,has_breast_color::black,has_breast_color,145,50,95,0.3448275923728943,75,30,45,5.468442440032959,0.5785185185185185,0.3076923076923077,0.006835474167019129
vision.middle,mean,primary,0,118,has_breast_color::white,has_breast_color,145,51,94,0.35172414779663086,75,41,34,5.162561416625977,0.5480631276901005,0.36,0.006835474167019129
vision.middle,mean,primary,0,120,has_breast_color::buff,has_breast_color,145,52,93,0.35862070322036743,75,26,49,5.5671281814575195,0.6350078492935636,0.2564102564102564,0.006835474167019129
vision.middle,mean,primary,0,294,has_crown_color::blue,has_crown_color,155,11,144,0.07096774131059647,75,4,71,22.469329833984375,0.9683098591549296,0.0,0.006835474167019129
vision.middle,mean,primary,0,295,has_crown_color::brown,has_crown_color,155,60,95,0.3870967626571655,75,33,42,6.158233642578125,0.6118326118326118,0.3111111111111111,0.006835474167019129
vision.middle,mean,primary,0,299,has_crown_color::grey,has_crown_color,155,36,119,0.23225806653499603,75,18,57,5.145111560821533,0.5,0.23529411764705882,0.006835474167019129
vision.middle,mean,primary,0,305,has_crown_color::black,has_crown_color,155,45,110,0.29032257199287415,75,24,51,6.020837306976318,0.5588235294117647,0.2857142857142857,0.006835474167019129
vision.middle,mean,primary,0,306,has_crown_color::white,has_crown_color,155,20,135,0.12903225421905518,75,10,65,6.762388706207275,0.6676923076923077,0.3157894736842105,0.006835474167019129
vision.middle,mean,primary,0,308,has_crown_color::buff,has_crown_color,155,31,124,0.20000000298023224,75,16,59,6.831258296966553,0.4703389830508475,0.13793103448275862,0.006835474167019129
vision.middle,mean,primary,0,309,has_wing_pattern::solid,has_wing_pattern,151,32,119,0.21192052960395813,72,18,54,5.9207353591918945,0.4732510288065844,0.3333333333333333,0.006835474167019129
vision.middle,mean,primary,0,310,has_wing_pattern::spotted,has_wing_pattern,151,31,120,0.20529800653457642,72,7,65,5.840776443481445,0.6087912087912087,0.2222222222222222,0.006835474167019129
vision.middle,mean,primary,0,311,has_wing_pattern::striped,has_wing_pattern,151,55,96,0.3642384111881256,72,33,39,5.621285438537598,0.5641025641025641,0.2727272727272727,0.006835474167019129
vision.middle,mean,primary,0,312,has_wing_pattern::multi-colored,has_wing_pattern,151,33,118,0.21854305267333984,72,14,58,5.170746803283691,0.5381773399014779,0.16666666666666666,0.006835474167019129
vision.middle,mean,primary,1,2,has_bill_shape::dagger,has_bill_shape,160,14,146,0.08749999850988388,76,4,72,14.129059791564941,0.5798611111111112,0.2222222222222222,0.006799071561545134
vision.middle,mean,primary,1,5,has_bill_shape::hooked_seabird,has_bill_shape,160,15,145,0.09375,76,3,73,7.048867225646973,0.9269406392694064,0.42857142857142855,0.006799071561545134
vision.middle,mean,primary,1,7,has_bill_shape::all-purpose,has_bill_shape,160,66,94,0.4124999940395355,76,34,42,5.241947650909424,0.5455182072829131,0.20512820512820512,0.006799071561545134
vision.middle,mean,primary,1,8,has_bill_shape::cone,has_bill_shape,160,44,116,0.2750000059604645,76,21,55,5.637738227844238,0.5575757575757576,0.3157894736842105,0.006799071561545134
vision.middle,mean,primary,1,96,has_head_pattern::malar,has_head_pattern,156,16,140,0.10256410390138626,76,10,66,8.314436912536621,0.45,0.0,0.006799071561545134
vision.middle,mean,primary,1,100,has_head_pattern::eyebrow,has_head_pattern,156,30,126,0.19230769574642181,76,14,62,5.536766529083252,0.6290322580645161,0.09523809523809523,0.006799071561545134
vision.middle,mean,primary,1,101,has_head_pattern::eyering,has_head_pattern,156,25,131,0.16025641560554504,76,16,60,6.213580131530762,0.6197916666666666,0.07692307692307693,0.006799071561545134
vision.middle,mean,primary,1,102,has_head_pattern::plain,has_head_pattern,156,37,119,0.2371794879436493,76,13,63,5.012336730957031,0.8241758241758241,0.38461538461538464,0.006799071561545134
vision.middle,mean,primary,1,103,has_head_pattern::eyeline,has_head_pattern,156,18,138,0.11538461595773697,76,7,69,12.4575834274292,0.5217391304347826,0.0,0.006799071561545134
vision.middle,mean,primary,1,104,has_head_pattern::striped,has_head_pattern,156,15,141,0.09615384787321091,76,14,62,8.396383285522461,0.4596774193548387,0.09090909090909091,0.006799071561545134
vision.middle,mean,primary,1,105,has_head_pattern::capped,has_head_pattern,156,16,140,0.10256410390138626,76,9,67,7.201401233673096,0.5406301824212272,0.0,0.006799071561545134
vision.middle,mean,primary,1,107,has_breast_color::brown,has_breast_color,145,29,116,0.20000000298023224,75,14,61,6.373501777648926,0.6053864168618267,0.25806451612903225,0.006799071561545134
vision.middle,mean,primary,1,111,has_breast_color::grey,has_breast_color,145,40,105,0.27586206793785095,75,19,56,4.952572822570801,0.5310150375939849,0.15384615384615385,0.006799071561545134
vision.middle,mean,primary,1,117,has_breast_color::black,has_breast_color,145,50,95,0.3448275923728943,75,30,45,5.877776145935059,0.5807407407407408,0.2926829268292683,0.006799071561545134
vision.middle,mean,primary,1,118,has_breast_color::white,has_breast_color,145,51,94,0.35172414779663086,75,41,34,5.7953267097473145,0.5236728837876614,0.39215686274509803,0.006799071561545134
vision.middle,mean,primary,1,120,has_breast_color::buff,has_breast_color,145,52,93,0.35862070322036743,75,26,49,5.560981750488281,0.6263736263736264,0.21052631578947367,0.006799071561545134
vision.middle,mean,primary,1,294,has_crown_color::blue,has_crown_color,155,11,144,0.07096774131059647,75,4,71,20.307275772094727,0.9788732394366197,0.0,0.006799071561545134
vision.middle,mean,primary,1,295,has_crown_color::brown,has_crown_color,155,60,95,0.3870967626571655,75,33,42,5.7340192794799805,0.5901875901875901,0.2978723404255319,0.006799071561545134
vision.middle,mean,primary,1,299,has_crown_color::grey,has_crown_color,155,36,119,0.23225806653499603,75,18,57,5.329824924468994,0.5019493177387915,0.2777777777777778,0.006799071561545134
vision.middle,mean,primary,1,305,has_crown_color::black,has_crown_color,155,45,110,0.29032257199287415,75,24,51,4.799562454223633,0.5531045751633987,0.25,0.006799071561545134
vision.middle,mean,primary,1,306,has_crown_color::white,has_crown_color,155,20,135,0.12903225421905518,75,10,65,6.8066253662109375,0.683076923076923,0.3157894736842105,0.006799071561545134
vision.middle,mean,primary,1,308,has_crown_color::buff,has_crown_color,155,31,124,0.20000000298023224,75,16,59,6.706714630126953,0.4925847457627119,0.08,0.006799071561545134
vision.middle,mean,primary,1,309,has_wing_pattern::solid,has_wing_pattern,151,32,119,0.21192052960395813,72,18,54,5.647887229919434,0.4763374485596708,0.37037037037037035,0.006799071561545134
vision.middle,mean,primary,1,310,has_wing_pattern::spotted,has_wing_pattern,151,31,120,0.20529800653457642,72,7,65,5.653255462646484,0.5956043956043956,0.2222222222222222,0.006799071561545134
vision.middle,mean,primary,1,311,has_wing_pattern::striped,has_wing_pattern,151,55,96,0.3642384111881256,72,33,39,5.391923904418945,0.5765345765345765,0.2727272727272727,0.006799071561545134
vision.middle,mean,primary,1,312,has_wing_pattern::multi-colored,has_wing_pattern,151,33,118,0.21854305267333984,72,14,58,5.5843987464904785,0.5394088669950738,0.16216216216216217,0.006799071561545134
vision.middle,mean,primary,2,2,has_bill_shape::dagger,has_bill_shape,160,14,146,0.08749999850988388,76,4,72,11.274343490600586,0.6006944444444444,0.2222222222222222,0.006753487978130579
vision.middle,mean,primary,2,5,has_bill_shape::hooked_seabird,has_bill_shape,160,15,145,0.09375,76,3,73,7.285240173339844,0.9360730593607306,0.3333333333333333,0.006753487978130579
vision.middle,mean,primary,2,7,has_bill_shape::all-purpose,has_bill_shape,160,66,94,0.4124999940395355,76,34,42,4.779136657714844,0.5469187675070029,0.20512820512820512,0.006753487978130579
vision.middle,mean,primary,2,8,has_bill_shape::cone,has_bill_shape,160,44,116,0.2750000059604645,76,21,55,5.73398494720459,0.5593073593073593,0.3157894736842105,0.006753487978130579
vision.middle,mean,primary,2,96,has_head_pattern::malar,has_head_pattern,156,16,140,0.10256410390138626,76,10,66,9.533138275146484,0.45151515151515154,0.14285714285714285,0.006753487978130579
vision.middle,mean,primary,2,100,has_head_pattern::eyebrow,has_head_pattern,156,30,126,0.19230769574642181,76,14,62,5.596434593200684,0.6175115207373272,0.09523809523809523,0.006753487978130579
vision.middle,mean,primary,2,101,has_head_pattern::eyering,has_head_pattern,156,25,131,0.16025641560554504,76,16,60,6.811373710632324,0.625,0.13333333333333333,0.006753487978130579
vision.middle,mean,primary,2,102,has_head_pattern::plain,has_head_pattern,156,37,119,0.2371794879436493,76,13,63,5.565091133117676,0.8192918192918193,0.4444444444444444,0.006753487978130579
vision.middle,mean,primary,2,103,has_head_pattern::eyeline,has_head_pattern,156,18,138,0.11538461595773697,76,7,69,13.051682472229004,0.5175983436853002,0.0,0.006753487978130579
vision.middle,mean,primary,2,104,has_head_pattern::striped,has_head_pattern,156,15,141,0.09615384787321091,76,14,62,10.8504056930542,0.44815668202764974,0.10526315789473684,0.006753487978130579
vision.middle,mean,primary,2,105,has_head_pattern::capped,has_head_pattern,156,16,140,0.10256410390138626,76,9,67,7.374120712280273,0.5306799336650083,0.0,0.006753487978130579
vision.middle,mean,primary,2,107,has_breast_color::brown,has_breast_color,145,29,116,0.20000000298023224,75,14,61,6.331965446472168,0.6018735362997658,0.27586206896551724,0.006753487978130579
vision.middle,mean,primary,2,111,has_breast_color::grey,has_breast_color,145,40,105,0.27586206793785095,75,19,56,5.406434535980225,0.5328947368421053,0.15384615384615385,0.006753487978130579
vision.middle,mean,primary,2,117,has_breast_color::black,has_breast_color,145,50,95,0.3448275923728943,75,30,45,5.513030052185059,0.5814814814814815,0.358974358974359,0.006753487978130579
vision.middle,mean,primary,2,118,has_breast_color::white,has_breast_color,145,51,94,0.35172414779663086,75,41,34,6.091009616851807,0.5129124820659972,0.35294117647058826,0.006753487978130579
vision.middle,mean,primary,2,120,has_breast_color::buff,has_breast_color,145,52,93,0.35862070322036743,75,26,49,5.309772968292236,0.6169544740973313,0.21052631578947367,0.006753487978130579
vision.middle,mean,primary,2,294,has_crown_color::blue,has_crown_color,155,11,144,0.07096774131059647,75,4,71,20.594369888305664,0.9753521126760564,0.0,0.006753487978130579
vision.middle,mean,primary,2,295,has_crown_color::brown,has_crown_color,155,60,95,0.3870967626571655,75,33,42,5.601861476898193,0.5909090909090909,0.2608695652173913,0.006753487978130579
vision.middle,mean,primary,2,299,has_crown_color::grey,has_crown_color,155,36,119,0.23225806653499603,75,18,57,5.079068183898926,0.5019493177387915,0.22857142857142856,0.006753487978130579
vision.middle,mean,primary,2,305,has_crown_color::black,has_crown_color,155,45,110,0.29032257199287415,75,24,51,5.153919696807861,0.5661764705882353,0.23529411764705882,0.006753487978130579
vision.middle,mean,primary,2,306,has_crown_color::white,has_crown_color,155,20,135,0.12903225421905518,75,10,65,6.732527732849121,0.6907692307692308,0.3157894736842105,0.006753487978130579
vision.middle,mean,primary,2,308,has_crown_color::buff,has_crown_color,155,31,124,0.20000000298023224,75,16,59,6.54179048538208,0.4766949152542373,0.07692307692307693,0.006753487978130579
vision.middle,mean,primary,2,309,has_wing_pattern::solid,has_wing_pattern,151,32,119,0.21192052960395813,72,18,54,5.388046741485596,0.4711934156378601,0.37037037037037035,0.006753487978130579
vision.middle,mean,primary,2,310,has_wing_pattern::spotted,has_wing_pattern,151,31,120,0.20529800653457642,72,7,65,5.847029685974121,0.621978021978022,0.2222222222222222,0.006753487978130579
vision.middle,mean,primary,2,311,has_wing_pattern::striped,has_wing_pattern,151,55,96,0.3642384111881256,72,33,39,5.481607437133789,0.5633255633255633,0.2727272727272727,0.006753487978130579
vision.middle,mean,primary,2,312,has_wing_pattern::multi-colored,has_wing_pattern,151,33,118,0.21854305267333984,72,14,58,5.342856407165527,0.5295566502463054,0.16666666666666666,0.006753487978130579
vision.middle,mean,prevalence,-1,2,has_bill_shape::dagger,has_bill_shape,160,14,146,0.08749999850988388,76,4,72,0.0,0.5,0.0,nan
vision.middle,mean,prevalence,-1,5,has_bill_shape::hooked_seabird,has_bill_shape,160,15,145,0.09375,76,3,73,0.0,0.5,0.0,nan
vision.middle,mean,prevalence,-1,7,has_bill_shape::all-purpose,has_bill_shape,160,66,94,0.4124999940395355,76,34,42,0.0,0.5,0.0,nan
vision.middle,mean,prevalence,-1,8,has_bill_shape::cone,has_bill_shape,160,44,116,0.2750000059604645,76,21,55,0.0,0.5,0.0,nan
vision.middle,mean,prevalence,-1,96,has_head_pattern::malar,has_head_pattern,156,16,140,0.10256410390138626,76,10,66,0.0,0.5,0.0,nan
vision.middle,mean,prevalence,-1,100,has_head_pattern::eyebrow,has_head_pattern,156,30,126,0.19230769574642181,76,14,62,0.0,0.5,0.0,nan
vision.middle,mean,prevalence,-1,101,has_head_pattern::eyering,has_head_pattern,156,25,131,0.16025641560554504,76,16,60,0.0,0.5,0.0,nan
vision.middle,mean,prevalence,-1,102,has_head_pattern::plain,has_head_pattern,156,37,119,0.2371794879436493,76,13,63,0.0,0.5,0.0,nan
vision.middle,mean,prevalence,-1,103,has_head_pattern::eyeline,has_head_pattern,156,18,138,0.11538461595773697,76,7,69,0.0,0.5,0.0,nan
vision.middle,mean,prevalence,-1,104,has_head_pattern::striped,has_head_pattern,156,15,141,0.09615384787321091,76,14,62,0.0,0.5,0.0,nan
vision.middle,mean,prevalence,-1,105,has_head_pattern::capped,has_head_pattern,156,16,140,0.10256410390138626,76,9,67,0.0,0.5,0.0,nan
vision.middle,mean,prevalence,-1,107,has_breast_color::brown,has_breast_color,145,29,116,0.20000000298023224,75,14,61,0.0,0.5,0.0,nan
vision.middle,mean,prevalence,-1,111,has_breast_color::grey,has_breast_color,145,40,105,0.27586206793785095,75,19,56,0.0,0.5,0.0,nan
vision.middle,mean,prevalence,-1,117,has_breast_color::black,has_breast_color,145,50,95,0.3448275923728943,75,30,45,0.0,0.5,0.0,nan
vision.middle,mean,prevalence,-1,118,has_breast_color::white,has_breast_color,145,51,94,0.35172414779663086,75,41,34,0.0,0.5,0.0,nan
vision.middle,mean,prevalence,-1,120,has_breast_color::buff,has_breast_color,145,52,93,0.35862070322036743,75,26,49,0.0,0.5,0.0,nan
vision.middle,mean,prevalence,-1,294,has_crown_color::blue,has_crown_color,155,11,144,0.07096774131059647,75,4,71,0.0,0.5,0.0,nan
vision.middle,mean,prevalence,-1,295,has_crown_color::brown,has_crown_color,155,60,95,0.3870967626571655,75,33,42,0.0,0.5,0.0,nan
vision.middle,mean,prevalence,-1,299,has_crown_color::grey,has_crown_color,155,36,119,0.23225806653499603,75,18,57,0.0,0.5,0.0,nan
vision.middle,mean,prevalence,-1,305,has_crown_color::black,has_crown_color,155,45,110,0.29032257199287415,75,24,51,0.0,0.5,0.0,nan
vision.middle,mean,prevalence,-1,306,has_crown_color::white,has_crown_color,155,20,135,0.12903225421905518,75,10,65,0.0,0.5,0.0,nan
vision.middle,mean,prevalence,-1,308,has_crown_color::buff,has_crown_color,155,31,124,0.20000000298023224,75,16,59,0.0,0.5,0.0,nan
vision.middle,mean,prevalence,-1,309,has_wing_pattern::solid,has_wing_pattern,151,32,119,0.21192052960395813,72,18,54,0.0,0.5,0.0,nan
vision.middle,mean,prevalence,-1,310,has_wing_pattern::spotted,has_wing_pattern,151,31,120,0.20529800653457642,72,7,65,0.0,0.5,0.0,nan
vision.middle,mean,prevalence,-1,311,has_wing_pattern::striped,has_wing_pattern,151,55,96,0.3642384111881256,72,33,39,0.0,0.5,0.0,nan
vision.middle,mean,prevalence,-1,312,has_wing_pattern::multi-colored,has_wing_pattern,151,33,118,0.21854305267333984,72,14,58,0.0,0.5,0.0,nan
vision.middle,mean,shuffled_labels,0,2,has_bill_shape::dagger,has_bill_shape,160,14,146,0.08749999850988388,76,4,72,13.543989181518555,0.7777777777777778,0.0,0.008274994790554047
vision.middle,mean,shuffled_labels,0,5,has_bill_shape::hooked_seabird,has_bill_shape,160,15,145,0.09375,76,3,73,11.392900466918945,0.273972602739726,0.0,0.008274994790554047
vision.middle,mean,shuffled_labels,0,7,has_bill_shape::all-purpose,has_bill_shape,160,66,94,0.4124999940395355,76,34,42,4.625909805297852,0.4411764705882353,0.20408163265306123,0.008274994790554047
vision.middle,mean,shuffled_labels,0,8,has_bill_shape::cone,has_bill_shape,160,44,116,0.2750000059604645,76,21,55,4.742700576782227,0.5428571428571428,0.2631578947368421,0.008274994790554047
vision.middle,mean,shuffled_labels,0,96,has_head_pattern::malar,has_head_pattern,156,16,140,0.10256410390138626,76,10,66,11.070183753967285,0.46515151515151515,0.0,0.008274994790554047
vision.middle,mean,shuffled_labels,0,100,has_head_pattern::eyebrow,has_head_pattern,156,30,126,0.19230769574642181,76,14,62,5.17446756362915,0.4700460829493088,0.13793103448275862,0.008274994790554047
vision.middle,mean,shuffled_labels,0,101,has_head_pattern::eyering,has_head_pattern,156,25,131,0.16025641560554504,76,16,60,6.123604774475098,0.509375,0.2962962962962963,0.008274994790554047
vision.middle,mean,shuffled_labels,0,102,has_head_pattern::plain,has_head_pattern,156,37,119,0.2371794879436493,76,13,63,5.29563570022583,0.6092796092796092,0.21428571428571427,0.008274994790554047
vision.middle,mean,shuffled_labels,0,103,has_head_pattern::eyeline,has_head_pattern,156,18,138,0.11538461595773697,76,7,69,8.956960678100586,0.4699792960662526,0.0,0.008274994790554047
vision.middle,mean,shuffled_labels,0,104,has_head_pattern::striped,has_head_pattern,156,15,141,0.09615384787321091,76,14,62,7.964282035827637,0.37557603686635943,0.0,0.008274994790554047
vision.middle,mean,shuffled_labels,0,105,has_head_pattern::capped,has_head_pattern,156,16,140,0.10256410390138626,76,9,67,12.746459007263184,0.5422885572139303,0.0,0.008274994790554047
vision.middle,mean,shuffled_labels,0,107,has_breast_color::brown,has_breast_color,145,29,116,0.20000000298023224,75,14,61,5.827390670776367,0.5983606557377049,0.25,0.008274994790554047
vision.middle,mean,shuffled_labels,0,111,has_breast_color::grey,has_breast_color,145,40,105,0.27586206793785095,75,19,56,5.078078269958496,0.5046992481203008,0.20689655172413793,0.008274994790554047
vision.middle,mean,shuffled_labels,0,117,has_breast_color::black,has_breast_color,145,50,95,0.3448275923728943,75,30,45,5.137513160705566,0.5037037037037037,0.2978723404255319,0.008274994790554047
vision.middle,mean,shuffled_labels,0,118,has_breast_color::white,has_breast_color,145,51,94,0.35172414779663086,75,41,34,5.133868217468262,0.4913916786226686,0.125,0.008274994790554047
vision.middle,mean,shuffled_labels,0,120,has_breast_color::buff,has_breast_color,145,52,93,0.35862070322036743,75,26,49,5.579171180725098,0.36891679748822603,0.10256410256410256,0.008274994790554047
vision.middle,mean,shuffled_labels,0,294,has_crown_color::blue,has_crown_color,155,11,144,0.07096774131059647,75,4,71,9.714022636413574,0.6091549295774648,0.0,0.008274994790554047
vision.middle,mean,shuffled_labels,0,295,has_crown_color::brown,has_crown_color,155,60,95,0.3870967626571655,75,33,42,4.952095031738281,0.5252525252525253,0.24,0.008274994790554047
vision.middle,mean,shuffled_labels,0,299,has_crown_color::grey,has_crown_color,155,36,119,0.23225806653499603,75,18,57,5.669228553771973,0.46881091617933723,0.125,0.008274994790554047
vision.middle,mean,shuffled_labels,0,305,has_crown_color::black,has_crown_color,155,45,110,0.29032257199287415,75,24,51,5.43930196762085,0.6119281045751634,0.23529411764705882,0.008274994790554047
vision.middle,mean,shuffled_labels,0,306,has_crown_color::white,has_crown_color,155,20,135,0.12903225421905518,75,10,65,5.978898525238037,0.4123076923076923,0.13793103448275862,0.008274994790554047
vision.middle,mean,shuffled_labels,0,308,has_crown_color::buff,has_crown_color,155,31,124,0.20000000298023224,75,16,59,6.1997270584106445,0.4555084745762712,0.16,0.008274994790554047
vision.middle,mean,shuffled_labels,0,309,has_wing_pattern::solid,has_wing_pattern,151,32,119,0.21192052960395813,72,18,54,5.807521343231201,0.5246913580246914,0.3333333333333333,0.008274994790554047
vision.middle,mean,shuffled_labels,0,310,has_wing_pattern::spotted,has_wing_pattern,151,31,120,0.20529800653457642,72,7,65,4.893063545227051,0.5274725274725275,0.25,0.008274994790554047
vision.middle,mean,shuffled_labels,0,311,has_wing_pattern::striped,has_wing_pattern,151,55,96,0.3642384111881256,72,33,39,5.289464950561523,0.47474747474747475,0.18181818181818182,0.008274994790554047
vision.middle,mean,shuffled_labels,0,312,has_wing_pattern::multi-colored,has_wing_pattern,151,33,118,0.21854305267333984,72,14,58,5.737661838531494,0.6354679802955665,0.19047619047619047,0.008274994790554047
vision.middle,mean,shuffled_labels,1,2,has_bill_shape::dagger,has_bill_shape,160,14,146,0.08749999850988388,76,4,72,21.991106033325195,0.5104166666666666,0.0,0.007898925803601742
vision.middle,mean,shuffled_labels,1,5,has_bill_shape::hooked_seabird,has_bill_shape,160,15,145,0.09375,76,3,73,12.840417861938477,0.5159817351598174,0.0,0.007898925803601742
vision.middle,mean,shuffled_labels,1,7,has_bill_shape::all-purpose,has_bill_shape,160,66,94,0.4124999940395355,76,34,42,5.200084686279297,0.511204481792717,0.24489795918367346,0.007898925803601742
vision.middle,mean,shuffled_labels,1,8,has_bill_shape::cone,has_bill_shape,160,44,116,0.2750000059604645,76,21,55,5.088804244995117,0.49523809523809526,0.25,0.007898925803601742
vision.middle,mean,shuffled_labels,1,96,has_head_pattern::malar,has_head_pattern,156,16,140,0.10256410390138626,76,10,66,7.095478534698486,0.5621212121212121,0.19047619047619047,0.007898925803601742
vision.middle,mean,shuffled_labels,1,100,has_head_pattern::eyebrow,has_head_pattern,156,30,126,0.19230769574642181,76,14,62,5.0781569480896,0.554147465437788,0.24,0.007898925803601742
vision.middle,mean,shuffled_labels,1,101,has_head_pattern::eyering,has_head_pattern,156,25,131,0.16025641560554504,76,16,60,5.980739116668701,0.49895833333333334,0.2962962962962963,0.007898925803601742
vision.middle,mean,shuffled_labels,1,102,has_head_pattern::plain,has_head_pattern,156,37,119,0.2371794879436493,76,13,63,5.059344291687012,0.43833943833943834,0.11764705882352941,0.007898925803601742
vision.middle,mean,shuffled_labels,1,103,has_head_pattern::eyeline,has_head_pattern,156,18,138,0.11538461595773697,76,7,69,6.587014675140381,0.5217391304347826,0.0,0.007898925803601742
vision.middle,mean,shuffled_labels,1,104,has_head_pattern::striped,has_head_pattern,156,15,141,0.09615384787321091,76,14,62,6.781423091888428,0.43317972350230416,0.09523809523809523,0.007898925803601742
vision.middle,mean,shuffled_labels,1,105,has_head_pattern::capped,has_head_pattern,156,16,140,0.10256410390138626,76,9,67,7.177105903625488,0.5588723051409619,0.15384615384615385,0.007898925803601742
vision.middle,mean,shuffled_labels,1,107,has_breast_color::brown,has_breast_color,145,29,116,0.20000000298023224,75,14,61,4.62653112411499,0.522248243559719,0.24242424242424243,0.007898925803601742
vision.middle,mean,shuffled_labels,1,111,has_breast_color::grey,has_breast_color,145,40,105,0.27586206793785095,75,19,56,5.3528852462768555,0.47650375939849626,0.1875,0.007898925803601742
vision.middle,mean,shuffled_labels,1,117,has_breast_color::black,has_breast_color,145,50,95,0.3448275923728943,75,30,45,5.120035648345947,0.5103703703703704,0.2926829268292683,0.007898925803601742
vision.middle,mean,shuffled_labels,1,118,has_breast_color::white,has_breast_color,145,51,94,0.35172414779663086,75,41,34,5.047824859619141,0.5143472022955524,0.2857142857142857,0.007898925803601742
vision.middle,mean,shuffled_labels,1,120,has_breast_color::buff,has_breast_color,145,52,93,0.35862070322036743,75,26,49,5.27228307723999,0.41836734693877553,0.11428571428571428,0.007898925803601742
vision.middle,mean,shuffled_labels,1,294,has_crown_color::blue,has_crown_color,155,11,144,0.07096774131059647,75,4,71,9.396342277526855,0.6408450704225352,0.0,0.007898925803601742
vision.middle,mean,shuffled_labels,1,295,has_crown_color::brown,has_crown_color,155,60,95,0.3870967626571655,75,33,42,4.793488502502441,0.5995670995670995,0.3829787234042553,0.007898925803601742
vision.middle,mean,shuffled_labels,1,299,has_crown_color::grey,has_crown_color,155,36,119,0.23225806653499603,75,18,57,5.170368194580078,0.27680311890838205,0.0,0.007898925803601742
vision.middle,mean,shuffled_labels,1,305,has_crown_color::black,has_crown_color,155,45,110,0.29032257199287415,75,24,51,4.7604265213012695,0.4730392156862745,0.2926829268292683,0.007898925803601742
vision.middle,mean,shuffled_labels,1,306,has_crown_color::white,has_crown_color,155,20,135,0.12903225421905518,75,10,65,11.34467601776123,0.5,0.0,0.007898925803601742
vision.middle,mean,shuffled_labels,1,308,has_crown_color::buff,has_crown_color,155,31,124,0.20000000298023224,75,16,59,5.531153678894043,0.576271186440678,0.24242424242424243,0.007898925803601742
vision.middle,mean,shuffled_labels,1,309,has_wing_pattern::solid,has_wing_pattern,151,32,119,0.21192052960395813,72,18,54,5.436000823974609,0.7037037037037037,0.42105263157894735,0.007898925803601742
vision.middle,mean,shuffled_labels,1,310,has_wing_pattern::spotted,has_wing_pattern,151,31,120,0.20529800653457642,72,7,65,5.317990779876709,0.4065934065934066,0.08695652173913043,0.007898925803601742
vision.middle,mean,shuffled_labels,1,311,has_wing_pattern::striped,has_wing_pattern,151,55,96,0.3642384111881256,72,33,39,5.325015068054199,0.46153846153846156,0.18604651162790697,0.007898925803601742
vision.middle,mean,shuffled_labels,1,312,has_wing_pattern::multi-colored,has_wing_pattern,151,33,118,0.21854305267333984,72,14,58,5.588743686676025,0.5110837438423645,0.2857142857142857,0.007898925803601742
vision.middle,mean,shuffled_labels,2,2,has_bill_shape::dagger,has_bill_shape,160,14,146,0.08749999850988388,76,4,72,7.735079765319824,0.5034722222222222,0.0,0.007713778875768185
vision.middle,mean,shuffled_labels,2,5,has_bill_shape::hooked_seabird,has_bill_shape,160,15,145,0.09375,76,3,73,13.379056930541992,0.4885844748858447,0.0,0.007713778875768185
vision.middle,mean,shuffled_labels,2,7,has_bill_shape::all-purpose,has_bill_shape,160,66,94,0.4124999940395355,76,34,42,5.263376235961914,0.4411764705882353,0.23076923076923078,0.007713778875768185
vision.middle,mean,shuffled_labels,2,8,has_bill_shape::cone,has_bill_shape,160,44,116,0.2750000059604645,76,21,55,5.825972080230713,0.5298701298701298,0.24242424242424243,0.007713778875768185
vision.middle,mean,shuffled_labels,2,96,has_head_pattern::malar,has_head_pattern,156,16,140,0.10256410390138626,76,10,66,8.177672386169434,0.3878787878787879,0.0,0.007713778875768185
vision.middle,mean,shuffled_labels,2,100,has_head_pattern::eyebrow,has_head_pattern,156,30,126,0.19230769574642181,76,14,62,5.391322612762451,0.478110599078341,0.14814814814814814,0.007713778875768185
vision.middle,mean,shuffled_labels,2,101,has_head_pattern::eyering,has_head_pattern,156,25,131,0.16025641560554504,76,16,60,6.908291339874268,0.5520833333333334,0.07142857142857142,0.007713778875768185
vision.middle,mean,shuffled_labels,2,102,has_head_pattern::plain,has_head_pattern,156,37,119,0.2371794879436493,76,13,63,5.540890693664551,0.46642246642246643,0.1875,0.007713778875768185
vision.middle,mean,shuffled_labels,2,103,has_head_pattern::eyeline,has_head_pattern,156,18,138,0.11538461595773697,76,7,69,8.167827606201172,0.37888198757763975,0.0,0.007713778875768185
vision.middle,mean,shuffled_labels,2,104,has_head_pattern::striped,has_head_pattern,156,15,141,0.09615384787321091,76,14,62,7.9277215003967285,0.47119815668202764,0.07692307692307693,0.007713778875768185
vision.middle,mean,shuffled_labels,2,105,has_head_pattern::capped,has_head_pattern,156,16,140,0.10256410390138626,76,9,67,5.935823440551758,0.3333333333333333,0.0,0.007713778875768185
vision.middle,mean,shuffled_labels,2,107,has_breast_color::brown,has_breast_color,145,29,116,0.20000000298023224,75,14,61,5.004805088043213,0.6088992974238876,0.16,0.007713778875768185
vision.middle,mean,shuffled_labels,2,111,has_breast_color::grey,has_breast_color,145,40,105,0.27586206793785095,75,19,56,6.004499912261963,0.3656015037593985,0.0,0.007713778875768185
vision.middle,mean,shuffled_labels,2,117,has_breast_color::black,has_breast_color,145,50,95,0.3448275923728943,75,30,45,6.307082176208496,0.5081481481481481,0.2727272727272727,0.007713778875768185
vision.middle,mean,shuffled_labels,2,118,has_breast_color::white,has_breast_color,145,51,94,0.35172414779663086,75,41,34,5.72385311126709,0.5236728837876614,0.21818181818181817,0.007713778875768185
vision.middle,mean,shuffled_labels,2,120,has_breast_color::buff,has_breast_color,145,52,93,0.35862070322036743,75,26,49,5.329473972320557,0.4937205651491366,0.18181818181818182,0.007713778875768185
vision.middle,mean,shuffled_labels,2,294,has_crown_color::blue,has_crown_color,155,11,144,0.07096774131059647,75,4,71,14.84188461303711,0.5704225352112676,0.0,0.007713778875768185
vision.middle,mean,shuffled_labels,2,295,has_crown_color::brown,has_crown_color,155,60,95,0.3870967626571655,75,33,42,4.916440486907959,0.6334776334776335,0.2,0.007713778875768185
vision.middle,mean,shuffled_labels,2,299,has_crown_color::grey,has_crown_color,155,36,119,0.23225806653499603,75,18,57,4.834300518035889,0.3723196881091618,0.12903225806451613,0.007713778875768185
vision.middle,mean,shuffled_labels,2,305,has_crown_color::black,has_crown_color,155,45,110,0.29032257199287415,75,24,51,5.480121612548828,0.44199346405228757,0.18604651162790697,0.007713778875768185
vision.middle,mean,shuffled_labels,2,306,has_crown_color::white,has_crown_color,155,20,135,0.12903225421905518,75,10,65,7.503602027893066,0.48923076923076925,0.125,0.007713778875768185
vision.middle,mean,shuffled_labels,2,308,has_crown_color::buff,has_crown_color,155,31,124,0.20000000298023224,75,16,59,6.49021053314209,0.5074152542372882,0.27586206896551724,0.007713778875768185
vision.middle,mean,shuffled_labels,2,309,has_wing_pattern::solid,has_wing_pattern,151,32,119,0.21192052960395813,72,18,54,5.124565601348877,0.5668724279835391,0.3125,0.007713778875768185
vision.middle,mean,shuffled_labels,2,310,has_wing_pattern::spotted,has_wing_pattern,151,31,120,0.20529800653457642,72,7,65,7.125492095947266,0.3868131868131868,0.0,0.007713778875768185
vision.middle,mean,shuffled_labels,2,311,has_wing_pattern::striped,has_wing_pattern,151,55,96,0.3642384111881256,72,33,39,4.844427585601807,0.432012432012432,0.2553191489361702,0.007713778875768185
vision.middle,mean,shuffled_labels,2,312,has_wing_pattern::multi-colored,has_wing_pattern,151,33,118,0.21854305267333984,72,14,58,5.688462257385254,0.5197044334975369,0.23529411764705882,0.007713778875768185
vision.middle,mean,random_projection,0,2,has_bill_shape::dagger,has_bill_shape,160,14,146,0.08749999850988388,76,4,72,4.031854629516602,0.6041666666666666,0.0,0.024362850934267044
vision.middle,mean,random_projection,0,5,has_bill_shape::hooked_seabird,has_bill_shape,160,15,145,0.09375,76,3,73,4.144739627838135,0.8767123287671232,0.2222222222222222,0.024362850934267044
vision.middle,mean,random_projection,0,7,has_bill_shape::all-purpose,has_bill_shape,160,66,94,0.4124999940395355,76,34,42,2.7696456909179688,0.511204481792717,0.23076923076923078,0.024362850934267044
vision.middle,mean,random_projection,0,8,has_bill_shape::cone,has_bill_shape,160,44,116,0.2750000059604645,76,21,55,3.29323410987854,0.5922077922077922,0.425531914893617,0.024362850934267044
vision.middle,mean,random_projection,0,96,has_head_pattern::malar,has_head_pattern,156,16,140,0.10256410390138626,76,10,66,4.002849102020264,0.5106060606060606,0.13333333333333333,0.024362850934267044
vision.middle,mean,random_projection,0,100,has_head_pattern::eyebrow,has_head_pattern,156,30,126,0.19230769574642181,76,14,62,3.21669340133667,0.6578341013824884,0.2857142857142857,0.024362850934267044
vision.middle,mean,random_projection,0,101,has_head_pattern::eyering,has_head_pattern,156,25,131,0.16025641560554504,76,16,60,3.752357006072998,0.5760416666666667,0.25,0.024362850934267044
vision.middle,mean,random_projection,0,102,has_head_pattern::plain,has_head_pattern,156,37,119,0.2371794879436493,76,13,63,2.849684000015259,0.7985347985347986,0.41379310344827586,0.024362850934267044
vision.middle,mean,random_projection,0,103,has_head_pattern::eyeline,has_head_pattern,156,18,138,0.11538461595773697,76,7,69,4.745140075683594,0.46790890269151136,0.1,0.024362850934267044
vision.middle,mean,random_projection,0,104,has_head_pattern::striped,has_head_pattern,156,15,141,0.09615384787321091,76,14,62,6.077949523925781,0.4400921658986175,0.0,0.024362850934267044
vision.middle,mean,random_projection,0,105,has_head_pattern::capped,has_head_pattern,156,16,140,0.10256410390138626,76,9,67,3.183688163757324,0.5091210613598673,0.17391304347826086,0.024362850934267044
vision.middle,mean,random_projection,0,107,has_breast_color::brown,has_breast_color,145,29,116,0.20000000298023224,75,14,61,3.5243072509765625,0.5995316159250585,0.29411764705882354,0.024362850934267044
vision.middle,mean,random_projection,0,111,has_breast_color::grey,has_breast_color,145,40,105,0.27586206793785095,75,19,56,3.2315311431884766,0.38627819548872183,0.18181818181818182,0.024362850934267044
vision.middle,mean,random_projection,0,117,has_breast_color::black,has_breast_color,145,50,95,0.3448275923728943,75,30,45,3.3033642768859863,0.5466666666666666,0.3111111111111111,0.024362850934267044
vision.middle,mean,random_projection,0,118,has_breast_color::white,has_breast_color,145,51,94,0.35172414779663086,75,41,34,3.08624267578125,0.4813486370157819,0.3103448275862069,0.024362850934267044
vision.middle,mean,random_projection,0,120,has_breast_color::buff,has_breast_color,145,52,93,0.35862070322036743,75,26,49,3.252112865447998,0.6263736263736264,0.425531914893617,0.024362850934267044
vision.middle,mean,random_projection,0,294,has_crown_color::blue,has_crown_color,155,11,144,0.07096774131059647,75,4,71,9.561206817626953,0.897887323943662,0.75,0.024362850934267044
vision.middle,mean,random_projection,0,295,has_crown_color::brown,has_crown_color,155,60,95,0.3870967626571655,75,33,42,3.530503034591675,0.6089466089466089,0.4406779661016949,0.024362850934267044
vision.middle,mean,random_projection,0,299,has_crown_color::grey,has_crown_color,155,36,119,0.23225806653499603,75,18,57,3.161011219024658,0.5165692007797271,0.25806451612903225,0.024362850934267044
vision.middle,mean,random_projection,0,305,has_crown_color::black,has_crown_color,155,45,110,0.29032257199287415,75,24,51,3.048684597015381,0.6593137254901961,0.35,0.024362850934267044
vision.middle,mean,random_projection,0,306,has_crown_color::white,has_crown_color,155,20,135,0.12903225421905518,75,10,65,4.5470051765441895,0.6030769230769231,0.19047619047619047,0.024362850934267044
vision.middle,mean,random_projection,0,308,has_crown_color::buff,has_crown_color,155,31,124,0.20000000298023224,75,16,59,3.828650712966919,0.4491525423728814,0.21428571428571427,0.024362850934267044
vision.middle,mean,random_projection,0,309,has_wing_pattern::solid,has_wing_pattern,151,32,119,0.21192052960395813,72,18,54,3.468836784362793,0.4279835390946502,0.26666666666666666,0.024362850934267044
vision.middle,mean,random_projection,0,310,has_wing_pattern::spotted,has_wing_pattern,151,31,120,0.20529800653457642,72,7,65,2.864655017852783,0.4175824175824176,0.13333333333333333,0.024362850934267044
vision.middle,mean,random_projection,0,311,has_wing_pattern::striped,has_wing_pattern,151,55,96,0.3642384111881256,72,33,39,2.6856935024261475,0.43434343434343436,0.2641509433962264,0.024362850934267044
vision.middle,mean,random_projection,0,312,has_wing_pattern::multi-colored,has_wing_pattern,151,33,118,0.21854305267333984,72,14,58,3.0837182998657227,0.4987684729064039,0.2564102564102564,0.024362850934267044
vision.middle,mean,random_projection,1,2,has_bill_shape::dagger,has_bill_shape,160,14,146,0.08749999850988388,76,4,72,4.091062545776367,0.7361111111111112,0.2727272727272727,0.02394147589802742
vision.middle,mean,random_projection,1,5,has_bill_shape::hooked_seabird,has_bill_shape,160,15,145,0.09375,76,3,73,3.765481472015381,0.8447488584474886,0.18181818181818182,0.02394147589802742
vision.middle,mean,random_projection,1,7,has_bill_shape::all-purpose,has_bill_shape,160,66,94,0.4124999940395355,76,34,42,3.02972674369812,0.542016806722689,0.39285714285714285,0.02394147589802742
vision.middle,mean,random_projection,1,8,has_bill_shape::cone,has_bill_shape,160,44,116,0.2750000059604645,76,21,55,3.2062387466430664,0.5766233766233766,0.38095238095238093,0.02394147589802742
vision.middle,mean,random_projection,1,96,has_head_pattern::malar,has_head_pattern,156,16,140,0.10256410390138626,76,10,66,3.5848846435546875,0.38636363636363635,0.07142857142857142,0.02394147589802742
vision.middle,mean,random_projection,1,100,has_head_pattern::eyebrow,has_head_pattern,156,30,126,0.19230769574642181,76,14,62,3.093721866607666,0.5691244239631337,0.25,0.02394147589802742
vision.middle,mean,random_projection,1,101,has_head_pattern::eyering,has_head_pattern,156,25,131,0.16025641560554504,76,16,60,2.749891996383667,0.64375,0.26666666666666666,0.02394147589802742
vision.middle,mean,random_projection,1,102,has_head_pattern::plain,has_head_pattern,156,37,119,0.2371794879436493,76,13,63,3.7097363471984863,0.7484737484737485,0.3870967741935484,0.02394147589802742
vision.middle,mean,random_projection,1,103,has_head_pattern::eyeline,has_head_pattern,156,18,138,0.11538461595773697,76,7,69,3.701449394226074,0.43478260869565216,0.07692307692307693,0.02394147589802742
vision.middle,mean,random_projection,1,104,has_head_pattern::striped,has_head_pattern,156,15,141,0.09615384787321091,76,14,62,3.9010066986083984,0.38940092165898615,0.0,0.02394147589802742
vision.middle,mean,random_projection,1,105,has_head_pattern::capped,has_head_pattern,156,16,140,0.10256410390138626,76,9,67,3.433417320251465,0.5024875621890548,0.14285714285714285,0.02394147589802742
vision.middle,mean,random_projection,1,107,has_breast_color::brown,has_breast_color,145,29,116,0.20000000298023224,75,14,61,4.067572116851807,0.6007025761124122,0.1935483870967742,0.02394147589802742
vision.middle,mean,random_projection,1,111,has_breast_color::grey,has_breast_color,145,40,105,0.27586206793785095,75,19,56,3.3273508548736572,0.3609022556390977,0.12121212121212122,0.02394147589802742
vision.middle,mean,random_projection,1,117,has_breast_color::black,has_breast_color,145,50,95,0.3448275923728943,75,30,45,2.9972481727600098,0.6392592592592593,0.3181818181818182,0.02394147589802742
vision.middle,mean,random_projection,1,118,has_breast_color::white,has_breast_color,145,51,94,0.35172414779663086,75,41,34,3.2706820964813232,0.5021520803443329,0.3793103448275862,0.02394147589802742
vision.middle,mean,random_projection,1,120,has_breast_color::buff,has_breast_color,145,52,93,0.35862070322036743,75,26,49,3.252068281173706,0.5808477237048666,0.16216216216216217,0.02394147589802742
vision.middle,mean,random_projection,1,294,has_crown_color::blue,has_crown_color,155,11,144,0.07096774131059647,75,4,71,8.966458320617676,0.823943661971831,0.75,0.02394147589802742
vision.middle,mean,random_projection,1,295,has_crown_color::brown,has_crown_color,155,60,95,0.3870967626571655,75,33,42,2.9872279167175293,0.6421356421356421,0.5423728813559322,0.02394147589802742
vision.middle,mean,random_projection,1,299,has_crown_color::grey,has_crown_color,155,36,119,0.23225806653499603,75,18,57,3.451838970184326,0.449317738791423,0.21052631578947367,0.02394147589802742
vision.middle,mean,random_projection,1,305,has_crown_color::black,has_crown_color,155,45,110,0.29032257199287415,75,24,51,3.2191529273986816,0.5130718954248366,0.35,0.02394147589802742
vision.middle,mean,random_projection,1,306,has_crown_color::white,has_crown_color,155,20,135,0.12903225421905518,75,10,65,3.0978055000305176,0.7092307692307692,0.47619047619047616,0.02394147589802742
vision.middle,mean,random_projection,1,308,has_crown_color::buff,has_crown_color,155,31,124,0.20000000298023224,75,16,59,3.828369140625,0.4565677966101695,0.06666666666666667,0.02394147589802742
vision.middle,mean,random_projection,1,309,has_wing_pattern::solid,has_wing_pattern,151,32,119,0.21192052960395813,72,18,54,3.814033269882202,0.5699588477366255,0.26666666666666666,0.02394147589802742
vision.middle,mean,random_projection,1,310,has_wing_pattern::spotted,has_wing_pattern,151,31,120,0.20529800653457642,72,7,65,3.4156408309936523,0.4967032967032967,0.14285714285714285,0.02394147589802742
vision.middle,mean,random_projection,1,311,has_wing_pattern::striped,has_wing_pattern,151,55,96,0.3642384111881256,72,33,39,2.7885122299194336,0.5322455322455323,0.20833333333333334,0.02394147589802742
vision.middle,mean,random_projection,1,312,has_wing_pattern::multi-colored,has_wing_pattern,151,33,118,0.21854305267333984,72,14,58,2.90065598487854,0.5997536945812808,0.22857142857142856,0.02394147589802742
vision.middle,mean,random_projection,2,2,has_bill_shape::dagger,has_bill_shape,160,14,146,0.08749999850988388,76,4,72,5.243741035461426,0.4861111111111111,0.10526315789473684,0.025097191333770752
vision.middle,mean,random_projection,2,5,has_bill_shape::hooked_seabird,has_bill_shape,160,15,145,0.09375,76,3,73,4.347978115081787,0.771689497716895,0.3076923076923077,0.025097191333770752
vision.middle,mean,random_projection,2,7,has_bill_shape::all-purpose,has_bill_shape,160,66,94,0.4124999940395355,76,34,42,2.5074329376220703,0.523109243697479,0.3333333333333333,0.025097191333770752
vision.middle,mean,random_projection,2,8,has_bill_shape::cone,has_bill_shape,160,44,116,0.2750000059604645,76,21,55,2.9860048294067383,0.5298701298701298,0.35,0.025097191333770752
vision.middle,mean,random_projection,2,96,has_head_pattern::malar,has_head_pattern,156,16,140,0.10256410390138626,76,10,66,3.9198150634765625,0.5015151515151515,0.08695652173913043,0.025097191333770752
vision.middle,mean,random_projection,2,100,has_head_pattern::eyebrow,has_head_pattern,156,30,126,0.19230769574642181,76,14,62,3.432209014892578,0.6082949308755761,0.3870967741935484,0.025097191333770752
vision.middle,mean,random_projection,2,101,has_head_pattern::eyering,has_head_pattern,156,25,131,0.16025641560554504,76,16,60,2.9570517539978027,0.49375,0.16216216216216217,0.025097191333770752
vision.middle,mean,random_projection,2,102,has_head_pattern::plain,has_head_pattern,156,37,119,0.2371794879436493,76,13,63,3.1913681030273438,0.7887667887667887,0.5454545454545454,0.025097191333770752
vision.middle,mean,random_projection,2,103,has_head_pattern::eyeline,has_head_pattern,156,18,138,0.11538461595773697,76,7,69,3.1587538719177246,0.587991718426501,0.09090909090909091,0.025097191333770752
vision.middle,mean,random_projection,2,104,has_head_pattern::striped,has_head_pattern,156,15,141,0.09615384787321091,76,14,62,4.822866439819336,0.43663594470046085,0.08333333333333333,0.025097191333770752
vision.middle,mean,random_projection,2,105,has_head_pattern::capped,has_head_pattern,156,16,140,0.10256410390138626,76,9,67,3.1673641204833984,0.4228855721393035,0.0,0.025097191333770752
vision.middle,mean,random_projection,2,107,has_breast_color::brown,has_breast_color,145,29,116,0.20000000298023224,75,14,61,3.2219715118408203,0.5515222482435597,0.07142857142857142,0.025097191333770752
vision.middle,mean,random_projection,2,111,has_breast_color::grey,has_breast_color,145,40,105,0.27586206793785095,75,19,56,3.225571870803833,0.5103383458646616,0.16666666666666666,0.025097191333770752
vision.middle,mean,random_projection,2,117,has_breast_color::black,has_breast_color,145,50,95,0.3448275923728943,75,30,45,3.050469160079956,0.5474074074074075,0.2608695652173913,0.025097191333770752
vision.middle,mean,random_projection,2,118,has_breast_color::white,has_breast_color,145,51,94,0.35172414779663086,75,41,34,3.359463691711426,0.5028694404591105,0.36363636363636365,0.025097191333770752
vision.middle,mean,random_projection,2,120,has_breast_color::buff,has_breast_color,145,52,93,0.35862070322036743,75,26,49,3.751122236251831,0.6075353218210361,0.32653061224489793,0.025097191333770752
vision.middle,mean,random_projection,2,294,has_crown_color::blue,has_crown_color,155,11,144,0.07096774131059647,75,4,71,4.644078731536865,0.7570422535211268,0.14285714285714285,0.025097191333770752
vision.middle,mean,random_projection,2,295,has_crown_color::brown,has_crown_color,155,60,95,0.3870967626571655,75,33,42,3.3778257369995117,0.6082251082251082,0.48148148148148145,0.025097191333770752
vision.middle,mean,random_projection,2,299,has_crown_color::grey,has_crown_color,155,36,119,0.23225806653499603,75,18,57,3.76596736907959,0.47076023391812866,0.3783783783783784,0.025097191333770752
vision.middle,mean,random_projection,2,305,has_crown_color::black,has_crown_color,155,45,110,0.29032257199287415,75,24,51,2.8720905780792236,0.5277777777777778,0.3333333333333333,0.025097191333770752
vision.middle,mean,random_projection,2,306,has_crown_color::white,has_crown_color,155,20,135,0.12903225421905518,75,10,65,3.2364635467529297,0.7353846153846154,0.3333333333333333,0.025097191333770752
vision.middle,mean,random_projection,2,308,has_crown_color::buff,has_crown_color,155,31,124,0.20000000298023224,75,16,59,3.3237977027893066,0.4851694915254237,0.29411764705882354,0.025097191333770752
vision.middle,mean,random_projection,2,309,has_wing_pattern::solid,has_wing_pattern,151,32,119,0.21192052960395813,72,18,54,2.9111008644104004,0.507201646090535,0.30303030303030304,0.025097191333770752
vision.middle,mean,random_projection,2,310,has_wing_pattern::spotted,has_wing_pattern,151,31,120,0.20529800653457642,72,7,65,3.868725538253784,0.4967032967032967,0.17391304347826086,0.025097191333770752
vision.middle,mean,random_projection,2,311,has_wing_pattern::striped,has_wing_pattern,151,55,96,0.3642384111881256,72,33,39,2.7358598709106445,0.48096348096348096,0.32,0.025097191333770752
vision.middle,mean,random_projection,2,312,has_wing_pattern::multi-colored,has_wing_pattern,151,33,118,0.21854305267333984,72,14,58,2.829592227935791,0.4852216748768473,0.1935483870967742,0.025097191333770752
vision.late,mean,primary,0,2,has_bill_shape::dagger,has_bill_shape,160,14,146,0.08749999850988388,76,4,72,6.391427993774414,0.8472222222222222,0.26666666666666666,0.009331836365163326
vision.late,mean,primary,0,5,has_bill_shape::hooked_seabird,has_bill_shape,160,15,145,0.09375,76,3,73,4.985820293426514,0.9817351598173516,0.42857142857142855,0.009331836365163326
vision.late,mean,primary,0,7,has_bill_shape::all-purpose,has_bill_shape,160,66,94,0.4124999940395355,76,34,42,4.908963203430176,0.6911764705882353,0.3829787234042553,0.009331836365163326
vision.late,mean,primary,0,8,has_bill_shape::cone,has_bill_shape,160,44,116,0.2750000059604645,76,21,55,5.719340801239014,0.7982683982683982,0.5,0.009331836365163326
vision.late,mean,primary,0,96,has_head_pattern::malar,has_head_pattern,156,16,140,0.10256410390138626,76,10,66,8.648133277893066,0.5651515151515152,0.0,0.009331836365163326
vision.late,mean,primary,0,100,has_head_pattern::eyebrow,has_head_pattern,156,30,126,0.19230769574642181,76,14,62,4.710028171539307,0.7131336405529954,0.56,0.009331836365163326
vision.late,mean,primary,0,101,has_head_pattern::eyering,has_head_pattern,156,25,131,0.16025641560554504,76,16,60,4.252696990966797,0.7291666666666666,0.35714285714285715,0.009331836365163326
vision.late,mean,primary,0,102,has_head_pattern::plain,has_head_pattern,156,37,119,0.2371794879436493,76,13,63,5.024538040161133,0.778998778998779,0.48,0.009331836365163326
vision.late,mean,primary,0,103,has_head_pattern::eyeline,has_head_pattern,156,18,138,0.11538461595773697,76,7,69,5.860537528991699,0.505175983436853,0.0,0.009331836365163326
vision.late,mean,primary,0,104,has_head_pattern::striped,has_head_pattern,156,15,141,0.09615384787321091,76,14,62,6.226040363311768,0.6002304147465438,0.3076923076923077,0.009331836365163326
vision.late,mean,primary,0,105,has_head_pattern::capped,has_head_pattern,156,16,140,0.10256410390138626,76,9,67,6.805283546447754,0.4925373134328358,0.1,0.009331836365163326
vision.late,mean,primary,0,107,has_breast_color::brown,has_breast_color,145,29,116,0.20000000298023224,75,14,61,6.2118730545043945,0.5995316159250585,0.09090909090909091,0.009331836365163326
vision.late,mean,primary,0,111,has_breast_color::grey,has_breast_color,145,40,105,0.27586206793785095,75,19,56,5.009840488433838,0.5159774436090225,0.16,0.009331836365163326
vision.late,mean,primary,0,117,has_breast_color::black,has_breast_color,145,50,95,0.3448275923728943,75,30,45,4.384048938751221,0.6103703703703703,0.4166666666666667,0.009331836365163326
vision.late,mean,primary,0,118,has_breast_color::white,has_breast_color,145,51,94,0.35172414779663086,75,41,34,4.693660736083984,0.6535150645624104,0.4482758620689655,0.009331836365163326
vision.late,mean,primary,0,120,has_breast_color::buff,has_breast_color,145,52,93,0.35862070322036743,75,26,49,4.410778999328613,0.5769230769230769,0.2564102564102564,0.009331836365163326
vision.late,mean,primary,0,294,has_crown_color::blue,has_crown_color,155,11,144,0.07096774131059647,75,4,71,6.850388526916504,1.0,0.8,0.009331836365163326
vision.late,mean,primary,0,295,has_crown_color::brown,has_crown_color,155,60,95,0.3870967626571655,75,33,42,4.846271991729736,0.6457431457431457,0.4230769230769231,0.009331836365163326
vision.late,mean,primary,0,299,has_crown_color::grey,has_crown_color,155,36,119,0.23225806653499603,75,18,57,4.241513252258301,0.5614035087719298,0.27586206896551724,0.009331836365163326
vision.late,mean,primary,0,305,has_crown_color::black,has_crown_color,155,45,110,0.29032257199287415,75,24,51,4.169206619262695,0.6968954248366013,0.47368421052631576,0.009331836365163326
vision.late,mean,primary,0,306,has_crown_color::white,has_crown_color,155,20,135,0.12903225421905518,75,10,65,4.001513481140137,0.8261538461538461,0.42105263157894735,0.009331836365163326
vision.late,mean,primary,0,308,has_crown_color::buff,has_crown_color,155,31,124,0.20000000298023224,75,16,59,5.052978515625,0.399364406779661,0.14814814814814814,0.009331836365163326
vision.late,mean,primary,0,309,has_wing_pattern::solid,has_wing_pattern,151,32,119,0.21192052960395813,72,18,54,4.986115455627441,0.7057613168724279,0.48,0.009331836365163326
vision.late,mean,primary,0,310,has_wing_pattern::spotted,has_wing_pattern,151,31,120,0.20529800653457642,72,7,65,4.594235897064209,0.7802197802197802,0.5555555555555556,0.009331836365163326
vision.late,mean,primary,0,311,has_wing_pattern::striped,has_wing_pattern,151,55,96,0.3642384111881256,72,33,39,4.623414039611816,0.5532245532245532,0.27906976744186046,0.009331836365163326
vision.late,mean,primary,0,312,has_wing_pattern::multi-colored,has_wing_pattern,151,33,118,0.21854305267333984,72,14,58,4.53949499130249,0.5615763546798029,0.36363636363636365,0.009331836365163326
vision.late,mean,primary,1,2,has_bill_shape::dagger,has_bill_shape,160,14,146,0.08749999850988388,76,4,72,6.857532501220703,0.8263888888888888,0.25,0.009556061588227749
vision.late,mean,primary,1,5,has_bill_shape::hooked_seabird,has_bill_shape,160,15,145,0.09375,76,3,73,4.954389572143555,0.9817351598173516,0.42857142857142855,0.009556061588227749
vision.late,mean,primary,1,7,has_bill_shape::all-purpose,has_bill_shape,160,66,94,0.4124999940395355,76,34,42,4.980025291442871,0.6911764705882353,0.391304347826087,0.009556061588227749
vision.late,mean,primary,1,8,has_bill_shape::cone,has_bill_shape,160,44,116,0.2750000059604645,76,21,55,5.441605567932129,0.793939393939394,0.5,0.009556061588227749
vision.late,mean,primary,1,96,has_head_pattern::malar,has_head_pattern,156,16,140,0.10256410390138626,76,10,66,8.987067222595215,0.5878787878787879,0.13333333333333333,0.009556061588227749
vision.late,mean,primary,1,100,has_head_pattern::eyebrow,has_head_pattern,156,30,126,0.19230769574642181,76,14,62,4.621747970581055,0.7016129032258065,0.5833333333333334,0.009556061588227749
vision.late,mean,primary,1,101,has_head_pattern::eyering,has_head_pattern,156,25,131,0.16025641560554504,76,16,60,4.134011745452881,0.721875,0.35714285714285715,0.009556061588227749
vision.late,mean,primary,1,102,has_head_pattern::plain,has_head_pattern,156,37,119,0.2371794879436493,76,13,63,5.261225700378418,0.7802197802197802,0.48,0.009556061588227749
vision.late,mean,primary,1,103,has_head_pattern::eyeline,has_head_pattern,156,18,138,0.11538461595773697,76,7,69,5.623847484588623,0.4989648033126294,0.0,0.009556061588227749
vision.late,mean,primary,1,104,has_head_pattern::striped,has_head_pattern,156,15,141,0.09615384787321091,76,14,62,6.349091053009033,0.5622119815668203,0.3076923076923077,0.009556061588227749
vision.late,mean,primary,1,105,has_head_pattern::capped,has_head_pattern,156,16,140,0.10256410390138626,76,9,67,6.376547813415527,0.4842454394693201,0.1,0.009556061588227749
vision.late,mean,primary,1,107,has_breast_color::brown,has_breast_color,145,29,116,0.20000000298023224,75,14,61,6.081633567810059,0.6053864168618267,0.18181818181818182,0.009556061588227749
vision.late,mean,primary,1,111,has_breast_color::grey,has_breast_color,145,40,105,0.27586206793785095,75,19,56,5.108621120452881,0.5244360902255639,0.16,0.009556061588227749
vision.late,mean,primary,1,117,has_breast_color::black,has_breast_color,145,50,95,0.3448275923728943,75,30,45,4.865957736968994,0.6037037037037037,0.40816326530612246,0.009556061588227749
vision.late,mean,primary,1,118,has_breast_color::white,has_breast_color,145,51,94,0.35172414779663086,75,41,34,4.893679141998291,0.6434720229555236,0.4745762711864407,0.009556061588227749
vision.late,mean,primary,1,120,has_breast_color::buff,has_breast_color,145,52,93,0.35862070322036743,75,26,49,4.77446174621582,0.5894819466248038,0.2564102564102564,0.009556061588227749
vision.late,mean,primary,1,294,has_crown_color::blue,has_crown_color,155,11,144,0.07096774131059647,75,4,71,6.000436305999756,1.0,0.7272727272727273,0.009556061588227749
vision.late,mean,primary,1,295,has_crown_color::brown,has_crown_color,155,60,95,0.3870967626571655,75,33,42,4.794999599456787,0.6457431457431457,0.39215686274509803,0.009556061588227749
vision.late,mean,primary,1,299,has_crown_color::grey,has_crown_color,155,36,119,0.23225806653499603,75,18,57,4.141074180603027,0.5672514619883041,0.27586206896551724,0.009556061588227749
vision.late,mean,primary,1,305,has_crown_color::black,has_crown_color,155,45,110,0.29032257199287415,75,24,51,4.107421875,0.6887254901960784,0.47368421052631576,0.009556061588227749
vision.late,mean,primary,1,306,has_crown_color::white,has_crown_color,155,20,135,0.12903225421905518,75,10,65,4.1346330642700195,0.8107692307692308,0.42105263157894735,0.009556061588227749
vision.late,mean,primary,1,308,has_crown_color::buff,has_crown_color,155,31,124,0.20000000298023224,75,16,59,5.303295135498047,0.4141949152542373,0.14814814814814814,0.009556061588227749
vision.late,mean,primary,1,309,has_wing_pattern::solid,has_wing_pattern,151,32,119,0.21192052960395813,72,18,54,5.011001110076904,0.7129629629629629,0.48,0.009556061588227749
vision.late,mean,primary,1,310,has_wing_pattern::spotted,has_wing_pattern,151,31,120,0.20529800653457642,72,7,65,4.584839820861816,0.7692307692307693,0.5263157894736842,0.009556061588227749
vision.late,mean,primary,1,311,has_wing_pattern::striped,has_wing_pattern,151,55,96,0.3642384111881256,72,33,39,4.648569107055664,0.5524475524475524,0.27906976744186046,0.009556061588227749
vision.late,mean,primary,1,312,has_wing_pattern::multi-colored,has_wing_pattern,151,33,118,0.21854305267333984,72,14,58,4.7575836181640625,0.5689655172413793,0.35294117647058826,0.009556061588227749
vision.late,mean,primary,2,2,has_bill_shape::dagger,has_bill_shape,160,14,146,0.08749999850988388,76,4,72,6.379861354827881,0.8611111111111112,0.25,0.009440556168556213
vision.late,mean,primary,2,5,has_bill_shape::hooked_seabird,has_bill_shape,160,15,145,0.09375,76,3,73,4.965950965881348,0.9817351598173516,0.42857142857142855,0.009440556168556213
vision.late,mean,primary,2,7,has_bill_shape::all-purpose,has_bill_shape,160,66,94,0.4124999940395355,76,34,42,4.915665149688721,0.6925770308123249,0.3829787234042553,0.009440556168556213
vision.late,mean,primary,2,8,has_bill_shape::cone,has_bill_shape,160,44,116,0.2750000059604645,76,21,55,5.4973464012146,0.7913419913419913,0.5,0.009440556168556213
vision.late,mean,primary,2,96,has_head_pattern::malar,has_head_pattern,156,16,140,0.10256410390138626,76,10,66,8.8131685256958,0.5878787878787879,0.0,0.009440556168556213
vision.late,mean,primary,2,100,has_head_pattern::eyebrow,has_head_pattern,156,30,126,0.19230769574642181,76,14,62,4.902374744415283,0.7016129032258065,0.56,0.009440556168556213
vision.late,mean,primary,2,101,has_head_pattern::eyering,has_head_pattern,156,25,131,0.16025641560554504,76,16,60,4.259933948516846,0.7208333333333333,0.35714285714285715,0.009440556168556213
vision.late,mean,primary,2,102,has_head_pattern::plain,has_head_pattern,156,37,119,0.2371794879436493,76,13,63,5.053586959838867,0.7802197802197802,0.4166666666666667,0.009440556168556213
vision.late,mean,primary,2,103,has_head_pattern::eyeline,has_head_pattern,156,18,138,0.11538461595773697,76,7,69,6.283052921295166,0.5010351966873706,0.0,0.009440556168556213
vision.late,mean,primary,2,104,has_head_pattern::striped,has_head_pattern,156,15,141,0.09615384787321091,76,14,62,6.074341297149658,0.5933179723502304,0.2962962962962963,0.009440556168556213
vision.late,mean,primary,2,105,has_head_pattern::capped,has_head_pattern,156,16,140,0.10256410390138626,76,9,67,6.666319847106934,0.5058043117744611,0.11764705882352941,0.009440556168556213
vision.late,mean,primary,2,107,has_breast_color::brown,has_breast_color,145,29,116,0.20000000298023224,75,14,61,5.992509365081787,0.594847775175644,0.09090909090909091,0.009440556168556213
vision.late,mean,primary,2,111,has_breast_color::grey,has_breast_color,145,40,105,0.27586206793785095,75,19,56,4.993476390838623,0.5093984962406015,0.16,0.009440556168556213
vision.late,mean,primary,2,117,has_breast_color::black,has_breast_color,145,50,95,0.3448275923728943,75,30,45,4.384659290313721,0.6088888888888889,0.40816326530612246,0.009440556168556213
vision.late,mean,primary,2,118,has_breast_color::white,has_breast_color,145,51,94,0.35172414779663086,75,41,34,4.765027046203613,0.648493543758967,0.42105263157894735,0.009440556168556213
vision.late,mean,primary,2,120,has_breast_color::buff,has_breast_color,145,52,93,0.35862070322036743,75,26,49,4.668658256530762,0.5902668759811617,0.2564102564102564,0.009440556168556213
vision.late,mean,primary,2,294,has_crown_color::blue,has_crown_color,155,11,144,0.07096774131059647,75,4,71,6.89272403717041,1.0,0.8,0.009440556168556213
vision.late,mean,primary,2,295,has_crown_color::brown,has_crown_color,155,60,95,0.3870967626571655,75,33,42,4.632040977478027,0.6493506493506493,0.36,0.009440556168556213
vision.late,mean,primary,2,299,has_crown_color::grey,has_crown_color,155,36,119,0.23225806653499603,75,18,57,4.710702896118164,0.564327485380117,0.21428571428571427,0.009440556168556213
vision.late,mean,primary,2,305,has_crown_color::black,has_crown_color,155,45,110,0.29032257199287415,75,24,51,4.142836093902588,0.6977124183006536,0.5128205128205128,0.009440556168556213
vision.late,mean,primary,2,306,has_crown_color::white,has_crown_color,155,20,135,0.12903225421905518,75,10,65,4.314148426055908,0.8123076923076923,0.42105263157894735,0.009440556168556213
vision.late,mean,primary,2,308,has_crown_color::buff,has_crown_color,155,31,124,0.20000000298023224,75,16,59,4.989579200744629,0.4110169491525424,0.15384615384615385,0.009440556168556213
vision.late,mean,primary,2,309,has_wing_pattern::solid,has_wing_pattern,151,32,119,0.21192052960395813,72,18,54,4.791173458099365,0.6954732510288066,0.48,0.009440556168556213
vision.late,mean,primary,2,310,has_wing_pattern::spotted,has_wing_pattern,151,31,120,0.20529800653457642,72,7,65,4.626287460327148,0.7758241758241758,0.5555555555555556,0.009440556168556213
vision.late,mean,primary,2,311,has_wing_pattern::striped,has_wing_pattern,151,55,96,0.3642384111881256,72,33,39,4.691987037658691,0.5586635586635587,0.27906976744186046,0.009440556168556213
vision.late,mean,primary,2,312,has_wing_pattern::multi-colored,has_wing_pattern,151,33,118,0.21854305267333984,72,14,58,4.516877174377441,0.5726600985221675,0.35294117647058826,0.009440556168556213
vision.late,mean,prevalence,-1,2,has_bill_shape::dagger,has_bill_shape,160,14,146,0.08749999850988388,76,4,72,0.0,0.5,0.0,nan
vision.late,mean,prevalence,-1,5,has_bill_shape::hooked_seabird,has_bill_shape,160,15,145,0.09375,76,3,73,0.0,0.5,0.0,nan
vision.late,mean,prevalence,-1,7,has_bill_shape::all-purpose,has_bill_shape,160,66,94,0.4124999940395355,76,34,42,0.0,0.5,0.0,nan
vision.late,mean,prevalence,-1,8,has_bill_shape::cone,has_bill_shape,160,44,116,0.2750000059604645,76,21,55,0.0,0.5,0.0,nan
vision.late,mean,prevalence,-1,96,has_head_pattern::malar,has_head_pattern,156,16,140,0.10256410390138626,76,10,66,0.0,0.5,0.0,nan
vision.late,mean,prevalence,-1,100,has_head_pattern::eyebrow,has_head_pattern,156,30,126,0.19230769574642181,76,14,62,0.0,0.5,0.0,nan
vision.late,mean,prevalence,-1,101,has_head_pattern::eyering,has_head_pattern,156,25,131,0.16025641560554504,76,16,60,0.0,0.5,0.0,nan
vision.late,mean,prevalence,-1,102,has_head_pattern::plain,has_head_pattern,156,37,119,0.2371794879436493,76,13,63,0.0,0.5,0.0,nan
vision.late,mean,prevalence,-1,103,has_head_pattern::eyeline,has_head_pattern,156,18,138,0.11538461595773697,76,7,69,0.0,0.5,0.0,nan
vision.late,mean,prevalence,-1,104,has_head_pattern::striped,has_head_pattern,156,15,141,0.09615384787321091,76,14,62,0.0,0.5,0.0,nan
vision.late,mean,prevalence,-1,105,has_head_pattern::capped,has_head_pattern,156,16,140,0.10256410390138626,76,9,67,0.0,0.5,0.0,nan
vision.late,mean,prevalence,-1,107,has_breast_color::brown,has_breast_color,145,29,116,0.20000000298023224,75,14,61,0.0,0.5,0.0,nan
vision.late,mean,prevalence,-1,111,has_breast_color::grey,has_breast_color,145,40,105,0.27586206793785095,75,19,56,0.0,0.5,0.0,nan
vision.late,mean,prevalence,-1,117,has_breast_color::black,has_breast_color,145,50,95,0.3448275923728943,75,30,45,0.0,0.5,0.0,nan
vision.late,mean,prevalence,-1,118,has_breast_color::white,has_breast_color,145,51,94,0.35172414779663086,75,41,34,0.0,0.5,0.0,nan
vision.late,mean,prevalence,-1,120,has_breast_color::buff,has_breast_color,145,52,93,0.35862070322036743,75,26,49,0.0,0.5,0.0,nan
vision.late,mean,prevalence,-1,294,has_crown_color::blue,has_crown_color,155,11,144,0.07096774131059647,75,4,71,0.0,0.5,0.0,nan
vision.late,mean,prevalence,-1,295,has_crown_color::brown,has_crown_color,155,60,95,0.3870967626571655,75,33,42,0.0,0.5,0.0,nan
vision.late,mean,prevalence,-1,299,has_crown_color::grey,has_crown_color,155,36,119,0.23225806653499603,75,18,57,0.0,0.5,0.0,nan
vision.late,mean,prevalence,-1,305,has_crown_color::black,has_crown_color,155,45,110,0.29032257199287415,75,24,51,0.0,0.5,0.0,nan
vision.late,mean,prevalence,-1,306,has_crown_color::white,has_crown_color,155,20,135,0.12903225421905518,75,10,65,0.0,0.5,0.0,nan
vision.late,mean,prevalence,-1,308,has_crown_color::buff,has_crown_color,155,31,124,0.20000000298023224,75,16,59,0.0,0.5,0.0,nan
vision.late,mean,prevalence,-1,309,has_wing_pattern::solid,has_wing_pattern,151,32,119,0.21192052960395813,72,18,54,0.0,0.5,0.0,nan
vision.late,mean,prevalence,-1,310,has_wing_pattern::spotted,has_wing_pattern,151,31,120,0.20529800653457642,72,7,65,0.0,0.5,0.0,nan
vision.late,mean,prevalence,-1,311,has_wing_pattern::striped,has_wing_pattern,151,55,96,0.3642384111881256,72,33,39,0.0,0.5,0.0,nan
vision.late,mean,prevalence,-1,312,has_wing_pattern::multi-colored,has_wing_pattern,151,33,118,0.21854305267333984,72,14,58,0.0,0.5,0.0,nan
vision.late,mean,shuffled_labels,0,2,has_bill_shape::dagger,has_bill_shape,160,14,146,0.08749999850988388,76,4,72,9.564998626708984,0.3819444444444444,0.0,0.012829906307160854
vision.late,mean,shuffled_labels,0,5,has_bill_shape::hooked_seabird,has_bill_shape,160,15,145,0.09375,76,3,73,7.529565811157227,0.639269406392694,0.0,0.012829906307160854
vision.late,mean,shuffled_labels,0,7,has_bill_shape::all-purpose,has_bill_shape,160,66,94,0.4124999940395355,76,34,42,4.433914661407471,0.5056022408963585,0.27450980392156865,0.012829906307160854
vision.late,mean,shuffled_labels,0,8,has_bill_shape::cone,has_bill_shape,160,44,116,0.2750000059604645,76,21,55,4.766224384307861,0.5454545454545454,0.13333333333333333,0.012829906307160854
vision.late,mean,shuffled_labels,0,96,has_head_pattern::malar,has_head_pattern,156,16,140,0.10256410390138626,76,10,66,5.05175256729126,0.5727272727272728,0.1111111111111111,0.012829906307160854
vision.late,mean,shuffled_labels,0,100,has_head_pattern::eyebrow,has_head_pattern,156,30,126,0.19230769574642181,76,14,62,4.2656755447387695,0.48847926267281105,0.16,0.012829906307160854
vision.late,mean,shuffled_labels,0,101,has_head_pattern::eyering,has_head_pattern,156,25,131,0.16025641560554504,76,16,60,4.6155805587768555,0.4270833333333333,0.13793103448275862,0.012829906307160854
vision.late,mean,shuffled_labels,0,102,has_head_pattern::plain,has_head_pattern,156,37,119,0.2371794879436493,76,13,63,4.586138725280762,0.44932844932844934,0.07692307692307693,0.012829906307160854
vision.late,mean,shuffled_labels,0,103,has_head_pattern::eyeline,has_head_pattern,156,18,138,0.11538461595773697,76,7,69,5.387942790985107,0.4824016563146998,0.2,0.012829906307160854
vision.late,mean,shuffled_labels,0,104,has_head_pattern::striped,has_head_pattern,156,15,141,0.09615384787321091,76,14,62,5.526900768280029,0.6025345622119815,0.3,0.012829906307160854
vision.late,mean,shuffled_labels,0,105,has_head_pattern::capped,has_head_pattern,156,16,140,0.10256410390138626,76,9,67,5.081864356994629,0.5837479270315091,0.2727272727272727,0.012829906307160854
vision.late,mean,shuffled_labels,0,107,has_breast_color::brown,has_breast_color,145,29,116,0.20000000298023224,75,14,61,4.687876224517822,0.45550351288056207,0.06896551724137931,0.012829906307160854
vision.late,mean,shuffled_labels,0,111,has_breast_color::grey,has_breast_color,145,40,105,0.27586206793785095,75,19,56,4.633877277374268,0.5911654135338346,0.2,0.012829906307160854
vision.late,mean,shuffled_labels,0,117,has_breast_color::black,has_breast_color,145,50,95,0.3448275923728943,75,30,45,4.600781440734863,0.5140740740740741,0.15,0.012829906307160854
vision.late,mean,shuffled_labels,0,118,has_breast_color::white,has_breast_color,145,51,94,0.35172414779663086,75,41,34,4.456058502197266,0.4483500717360115,0.2641509433962264,0.012829906307160854
vision.late,mean,shuffled_labels,0,120,has_breast_color::buff,has_breast_color,145,52,93,0.35862070322036743,75,26,49,4.299526214599609,0.3924646781789639,0.20512820512820512,0.012829906307160854
vision.late,mean,shuffled_labels,0,294,has_crown_color::blue,has_crown_color,155,11,144,0.07096774131059647,75,4,71,7.477437973022461,0.602112676056338,0.2222222222222222,0.012829906307160854
vision.late,mean,shuffled_labels,0,295,has_crown_color::brown,has_crown_color,155,60,95,0.3870967626571655,75,33,42,4.249279975891113,0.5223665223665224,0.2926829268292683,0.012829906307160854
vision.late,mean,shuffled_labels,0,299,has_crown_color::grey,has_crown_color,155,36,119,0.23225806653499603,75,18,57,4.426374912261963,0.35769980506822613,0.20512820512820512,0.012829906307160854
vision.late,mean,shuffled_labels,0,305,has_crown_color::black,has_crown_color,155,45,110,0.29032257199287415,75,24,51,4.737539291381836,0.5204248366013072,0.3333333333333333,0.012829906307160854
vision.late,mean,shuffled_labels,0,306,has_crown_color::white,has_crown_color,155,20,135,0.12903225421905518,75,10,65,6.174345970153809,0.5323076923076923,0.0,0.012829906307160854
vision.late,mean,shuffled_labels,0,308,has_crown_color::buff,has_crown_color,155,31,124,0.20000000298023224,75,16,59,4.234016418457031,0.4650423728813559,0.08,0.012829906307160854
vision.late,mean,shuffled_labels,0,309,has_wing_pattern::solid,has_wing_pattern,151,32,119,0.21192052960395813,72,18,54,4.431550025939941,0.5113168724279835,0.22857142857142856,0.012829906307160854
vision.late,mean,shuffled_labels,0,310,has_wing_pattern::spotted,has_wing_pattern,151,31,120,0.20529800653457642,72,7,65,4.652039527893066,0.3758241758241758,0.0,0.012829906307160854
vision.late,mean,shuffled_labels,0,311,has_wing_pattern::striped,has_wing_pattern,151,55,96,0.3642384111881256,72,33,39,4.472139835357666,0.40404040404040403,0.2,0.012829906307160854
vision.late,mean,shuffled_labels,0,312,has_wing_pattern::multi-colored,has_wing_pattern,151,33,118,0.21854305267333984,72,14,58,4.277377128601074,0.5862068965517241,0.26666666666666666,0.012829906307160854
vision.late,mean,shuffled_labels,1,2,has_bill_shape::dagger,has_bill_shape,160,14,146,0.08749999850988388,76,4,72,12.243457794189453,0.6111111111111112,0.0,0.012160904705524445
vision.late,mean,shuffled_labels,1,5,has_bill_shape::hooked_seabird,has_bill_shape,160,15,145,0.09375,76,3,73,8.49644660949707,0.3789954337899543,0.0,0.012160904705524445
vision.late,mean,shuffled_labels,1,7,has_bill_shape::all-purpose,has_bill_shape,160,66,94,0.4124999940395355,76,34,42,4.918877601623535,0.5252100840336135,0.25,0.012160904705524445
vision.late,mean,shuffled_labels,1,8,has_bill_shape::cone,has_bill_shape,160,44,116,0.2750000059604645,76,21,55,4.670909881591797,0.6995670995670996,0.43243243243243246,0.012160904705524445
vision.late,mean,shuffled_labels,1,96,has_head_pattern::malar,has_head_pattern,156,16,140,0.10256410390138626,76,10,66,5.66552209854126,0.5212121212121212,0.19047619047619047,0.012160904705524445
vision.late,mean,shuffled_labels,1,100,has_head_pattern::eyebrow,has_head_pattern,156,30,126,0.19230769574642181,76,14,62,4.55233907699585,0.6163594470046083,0.17391304347826086,0.012160904705524445
vision.late,mean,shuffled_labels,1,101,has_head_pattern::eyering,has_head_pattern,156,25,131,0.16025641560554504,76,16,60,6.249240398406982,0.5010416666666667,0.08,0.012160904705524445
vision.late,mean,shuffled_labels,1,102,has_head_pattern::plain,has_head_pattern,156,37,119,0.2371794879436493,76,13,63,4.66822624206543,0.3992673992673993,0.07692307692307693,0.012160904705524445
vision.late,mean,shuffled_labels,1,103,has_head_pattern::eyeline,has_head_pattern,156,18,138,0.11538461595773697,76,7,69,5.179783344268799,0.484472049689441,0.11764705882352941,0.012160904705524445
vision.late,mean,shuffled_labels,1,104,has_head_pattern::striped,has_head_pattern,156,15,141,0.09615384787321091,76,14,62,7.666549205780029,0.5852534562211982,0.19047619047619047,0.012160904705524445
vision.late,mean,shuffled_labels,1,105,has_head_pattern::capped,has_head_pattern,156,16,140,0.10256410390138626,76,9,67,7.565582275390625,0.5190713101160862,0.0,0.012160904705524445
vision.late,mean,shuffled_labels,1,107,has_breast_color::brown,has_breast_color,145,29,116,0.20000000298023224,75,14,61,4.989142417907715,0.4953161592505855,0.21428571428571427,0.012160904705524445
vision.late,mean,shuffled_labels,1,111,has_breast_color::grey,has_breast_color,145,40,105,0.27586206793785095,75,19,56,4.6405863761901855,0.3458646616541353,0.17647058823529413,0.012160904705524445
vision.late,mean,shuffled_labels,1,117,has_breast_color::black,has_breast_color,145,50,95,0.3448275923728943,75,30,45,4.317850112915039,0.4474074074074074,0.23809523809523808,0.012160904705524445
vision.late,mean,shuffled_labels,1,118,has_breast_color::white,has_breast_color,145,51,94,0.35172414779663086,75,41,34,4.49473237991333,0.4806312769010043,0.3157894736842105,0.012160904705524445
vision.late,mean,shuffled_labels,1,120,has_breast_color::buff,has_breast_color,145,52,93,0.35862070322036743,75,26,49,4.657353401184082,0.4003139717425432,0.15384615384615385,0.012160904705524445
vision.late,mean,shuffled_labels,1,294,has_crown_color::blue,has_crown_color,155,11,144,0.07096774131059647,75,4,71,5.228910446166992,0.2992957746478873,0.0,0.012160904705524445
vision.late,mean,shuffled_labels,1,295,has_crown_color::brown,has_crown_color,155,60,95,0.3870967626571655,75,33,42,4.146782875061035,0.6046176046176046,0.27906976744186046,0.012160904705524445
vision.late,mean,shuffled_labels,1,299,has_crown_color::grey,has_crown_color,155,36,119,0.23225806653499603,75,18,57,4.9907732009887695,0.45321637426900585,0.0,0.012160904705524445
vision.late,mean,shuffled_labels,1,305,has_crown_color::black,has_crown_color,155,45,110,0.29032257199287415,75,24,51,4.641554832458496,0.4665032679738562,0.16216216216216217,0.012160904705524445
vision.late,mean,shuffled_labels,1,306,has_crown_color::white,has_crown_color,155,20,135,0.12903225421905518,75,10,65,4.547050952911377,0.5138461538461538,0.15384615384615385,0.012160904705524445
vision.late,mean,shuffled_labels,1,308,has_crown_color::buff,has_crown_color,155,31,124,0.20000000298023224,75,16,59,5.263530731201172,0.423728813559322,0.2,0.012160904705524445
vision.late,mean,shuffled_labels,1,309,has_wing_pattern::solid,has_wing_pattern,151,32,119,0.21192052960395813,72,18,54,4.607755661010742,0.5576131687242798,0.3870967741935484,0.012160904705524445
vision.late,mean,shuffled_labels,1,310,has_wing_pattern::spotted,has_wing_pattern,151,31,120,0.20529800653457642,72,7,65,4.980033874511719,0.5516483516483517,0.13333333333333333,0.012160904705524445
vision.late,mean,shuffled_labels,1,311,has_wing_pattern::striped,has_wing_pattern,151,55,96,0.3642384111881256,72,33,39,4.134845733642578,0.48795648795648794,0.10256410256410256,0.012160904705524445
vision.late,mean,shuffled_labels,1,312,has_wing_pattern::multi-colored,has_wing_pattern,151,33,118,0.21854305267333984,72,14,58,4.287588119506836,0.5012315270935961,0.2,0.012160904705524445
vision.late,mean,shuffled_labels,2,2,has_bill_shape::dagger,has_bill_shape,160,14,146,0.08749999850988388,76,4,72,7.981490135192871,0.5625,0.0,0.012191048823297024
vision.late,mean,shuffled_labels,2,5,has_bill_shape::hooked_seabird,has_bill_shape,160,15,145,0.09375,76,3,73,10.078777313232422,0.3561643835616438,0.0,0.012191048823297024
vision.late,mean,shuffled_labels,2,7,has_bill_shape::all-purpose,has_bill_shape,160,66,94,0.4124999940395355,76,34,42,4.207639694213867,0.46008403361344535,0.32653061224489793,0.012191048823297024
vision.late,mean,shuffled_labels,2,8,has_bill_shape::cone,has_bill_shape,160,44,116,0.2750000059604645,76,21,55,4.914583683013916,0.47965367965367967,0.2,0.012191048823297024
vision.late,mean,shuffled_labels,2,96,has_head_pattern::malar,has_head_pattern,156,16,140,0.10256410390138626,76,10,66,5.298778057098389,0.3803030303030303,0.0,0.012191048823297024
vision.late,mean,shuffled_labels,2,100,has_head_pattern::eyebrow,has_head_pattern,156,30,126,0.19230769574642181,76,14,62,4.771276473999023,0.6129032258064516,0.37037037037037035,0.012191048823297024
vision.late,mean,shuffled_labels,2,101,has_head_pattern::eyering,has_head_pattern,156,25,131,0.16025641560554504,76,16,60,5.725207805633545,0.5041666666666667,0.14285714285714285,0.012191048823297024
vision.late,mean,shuffled_labels,2,102,has_head_pattern::plain,has_head_pattern,156,37,119,0.2371794879436493,76,13,63,5.283888339996338,0.4725274725274725,0.18181818181818182,0.012191048823297024
vision.late,mean,shuffled_labels,2,103,has_head_pattern::eyeline,has_head_pattern,156,18,138,0.11538461595773697,76,7,69,4.8705573081970215,0.5942028985507246,0.2222222222222222,0.012191048823297024
vision.late,mean,shuffled_labels,2,104,has_head_pattern::striped,has_head_pattern,156,15,141,0.09615384787321091,76,14,62,9.22890567779541,0.4873271889400922,0.0,0.012191048823297024
vision.late,mean,shuffled_labels,2,105,has_head_pattern::capped,has_head_pattern,156,16,140,0.10256410390138626,76,9,67,4.884033203125,0.5538971807628524,0.09523809523809523,0.012191048823297024
vision.late,mean,shuffled_labels,2,107,has_breast_color::brown,has_breast_color,145,29,116,0.20000000298023224,75,14,61,4.782430648803711,0.4894613583138173,0.23076923076923078,0.012191048823297024
vision.late,mean,shuffled_labels,2,111,has_breast_color::grey,has_breast_color,145,40,105,0.27586206793785095,75,19,56,4.488532543182373,0.5225563909774437,0.2857142857142857,0.012191048823297024
vision.late,mean,shuffled_labels,2,117,has_breast_color::black,has_breast_color,145,50,95,0.3448275923728943,75,30,45,4.70676326751709,0.44814814814814813,0.25,0.012191048823297024
vision.late,mean,shuffled_labels,2,118,has_breast_color::white,has_breast_color,145,51,94,0.35172414779663086,75,41,34,4.534518241882324,0.4655667144906743,0.3389830508474576,0.012191048823297024
vision.late,mean,shuffled_labels,2,120,has_breast_color::buff,has_breast_color,145,52,93,0.35862070322036743,75,26,49,5.0641655921936035,0.4497645211930926,0.14634146341463414,0.012191048823297024
vision.late,mean,shuffled_labels,2,294,has_crown_color::blue,has_crown_color,155,11,144,0.07096774131059647,75,4,71,12.383071899414062,0.31690140845070425,0.0,0.012191048823297024
vision.late,mean,shuffled_labels,2,295,has_crown_color::brown,has_crown_color,155,60,95,0.3870967626571655,75,33,42,4.071000099182129,0.549062049062049,0.15,0.012191048823297024
vision.late,mean,shuffled_labels,2,299,has_crown_color::grey,has_crown_color,155,36,119,0.23225806653499603,75,18,57,4.731152534484863,0.5614035087719298,0.23529411764705882,0.012191048823297024
vision.late,mean,shuffled_labels,2,305,has_crown_color::black,has_crown_color,155,45,110,0.29032257199287415,75,24,51,4.298974990844727,0.545751633986928,0.3,0.012191048823297024
vision.late,mean,shuffled_labels,2,306,has_crown_color::white,has_crown_color,155,20,135,0.12903225421905518,75,10,65,5.526540756225586,0.31384615384615383,0.1,0.012191048823297024
vision.late,mean,shuffled_labels,2,308,has_crown_color::buff,has_crown_color,155,31,124,0.20000000298023224,75,16,59,4.478869915008545,0.4438559322033898,0.14285714285714285,0.012191048823297024
vision.late,mean,shuffled_labels,2,309,has_wing_pattern::solid,has_wing_pattern,151,32,119,0.21192052960395813,72,18,54,5.053072452545166,0.5483539094650206,0.3225806451612903,0.012191048823297024
vision.late,mean,shuffled_labels,2,310,has_wing_pattern::spotted,has_wing_pattern,151,31,120,0.20529800653457642,72,7,65,5.189112663269043,0.5032967032967033,0.0,0.012191048823297024
vision.late,mean,shuffled_labels,2,311,has_wing_pattern::striped,has_wing_pattern,151,55,96,0.3642384111881256,72,33,39,4.444264888763428,0.4405594405594406,0.09302325581395349,0.012191048823297024
vision.late,mean,shuffled_labels,2,312,has_wing_pattern::multi-colored,has_wing_pattern,151,33,118,0.21854305267333984,72,14,58,5.841588497161865,0.4064039408866995,0.18181818181818182,0.012191048823297024
vision.late,mean,random_projection,0,2,has_bill_shape::dagger,has_bill_shape,160,14,146,0.08749999850988388,76,4,72,3.7326297760009766,0.7118055555555556,0.15384615384615385,0.029680410400032997
vision.late,mean,random_projection,0,5,has_bill_shape::hooked_seabird,has_bill_shape,160,15,145,0.09375,76,3,73,5.129880905151367,0.730593607305936,0.4,0.029680410400032997
vision.late,mean,random_projection,0,7,has_bill_shape::all-purpose,has_bill_shape,160,66,94,0.4124999940395355,76,34,42,2.7763285636901855,0.6750700280112045,0.4727272727272727,0.029680410400032997
vision.late,mean,random_projection,0,8,has_bill_shape::cone,has_bill_shape,160,44,116,0.2750000059604645,76,21,55,3.1922807693481445,0.70995670995671,0.5945945945945946,0.029680410400032997
vision.late,mean,random_projection,0,96,has_head_pattern::malar,has_head_pattern,156,16,140,0.10256410390138626,76,10,66,3.0166585445404053,0.46515151515151515,0.18181818181818182,0.029680410400032997
vision.late,mean,random_projection,0,100,has_head_pattern::eyebrow,has_head_pattern,156,30,126,0.19230769574642181,76,14,62,2.503079891204834,0.6877880184331797,0.5185185185185185,0.029680410400032997
vision.late,mean,random_projection,0,101,has_head_pattern::eyering,has_head_pattern,156,25,131,0.16025641560554504,76,16,60,2.5272254943847656,0.7541666666666667,0.4444444444444444,0.029680410400032997
vision.late,mean,random_projection,0,102,has_head_pattern::plain,has_head_pattern,156,37,119,0.2371794879436493,76,13,63,3.0125503540039062,0.6715506715506715,0.4,0.029680410400032997
vision.late,mean,random_projection,0,103,has_head_pattern::eyeline,has_head_pattern,156,18,138,0.11538461595773697,76,7,69,3.0022335052490234,0.5362318840579711,0.13333333333333333,0.029680410400032997
vision.late,mean,random_projection,0,104,has_head_pattern::striped,has_head_pattern,156,15,141,0.09615384787321091,76,14,62,2.7748782634735107,0.5944700460829493,0.2962962962962963,0.029680410400032997
vision.late,mean,random_projection,0,105,has_head_pattern::capped,has_head_pattern,156,16,140,0.10256410390138626,76,9,67,2.196776866912842,0.4925373134328358,0.1111111111111111,0.029680410400032997
vision.late,mean,random_projection,0,107,has_breast_color::brown,has_breast_color,145,29,116,0.20000000298023224,75,14,61,3.2943124771118164,0.5702576112412178,0.26666666666666666,0.029680410400032997
vision.late,mean,random_projection,0,111,has_breast_color::grey,has_breast_color,145,40,105,0.27586206793785095,75,19,56,3.0599069595336914,0.48872180451127817,0.26666666666666666,0.029680410400032997
vision.late,mean,random_projection,0,117,has_breast_color::black,has_breast_color,145,50,95,0.3448275923728943,75,30,45,2.6967198848724365,0.6562962962962963,0.391304347826087,0.029680410400032997
vision.late,mean,random_projection,0,118,has_breast_color::white,has_breast_color,145,51,94,0.35172414779663086,75,41,34,2.7199153900146484,0.5573888091822095,0.5538461538461539,0.029680410400032997
vision.late,mean,random_projection,0,120,has_breast_color::buff,has_breast_color,145,52,93,0.35862070322036743,75,26,49,3.349466323852539,0.5321821036106751,0.37209302325581395,0.029680410400032997
vision.late,mean,random_projection,0,294,has_crown_color::blue,has_crown_color,155,11,144,0.07096774131059647,75,4,71,3.7408905029296875,0.9753521126760564,0.5333333333333333,0.029680410400032997
vision.late,mean,random_projection,0,295,has_crown_color::brown,has_crown_color,155,60,95,0.3870967626571655,75,33,42,2.6045315265655518,0.6031746031746031,0.33962264150943394,0.029680410400032997
vision.late,mean,random_projection,0,299,has_crown_color::grey,has_crown_color,155,36,119,0.23225806653499603,75,18,57,2.3658905029296875,0.6413255360623782,0.15384615384615385,0.029680410400032997
vision.late,mean,random_projection,0,305,has_crown_color::black,has_crown_color,155,45,110,0.29032257199287415,75,24,51,3.2315120697021484,0.6478758169934641,0.3783783783783784,0.029680410400032997
vision.late,mean,random_projection,0,306,has_crown_color::white,has_crown_color,155,20,135,0.12903225421905518,75,10,65,1.981398582458496,0.8723076923076923,0.56,0.029680410400032997
vision.late,mean,random_projection,0,308,has_crown_color::buff,has_crown_color,155,31,124,0.20000000298023224,75,16,59,3.302485466003418,0.4661016949152542,0.15789473684210525,0.029680410400032997
vision.late,mean,random_projection,0,309,has_wing_pattern::solid,has_wing_pattern,151,32,119,0.21192052960395813,72,18,54,2.880706310272217,0.720164609053498,0.5333333333333333,0.029680410400032997
vision.late,mean,random_projection,0,310,has_wing_pattern::spotted,has_wing_pattern,151,31,120,0.20529800653457642,72,7,65,2.442869186401367,0.7626373626373626,0.47619047619047616,0.029680410400032997
vision.late,mean,random_projection,0,311,has_wing_pattern::striped,has_wing_pattern,151,55,96,0.3642384111881256,72,33,39,2.5422234535217285,0.6153846153846154,0.45614035087719296,0.029680410400032997
vision.late,mean,random_projection,0,312,has_wing_pattern::multi-colored,has_wing_pattern,151,33,118,0.21854305267333984,72,14,58,2.449049949645996,0.6342364532019704,0.35,0.029680410400032997
vision.late,mean,random_projection,1,2,has_bill_shape::dagger,has_bill_shape,160,14,146,0.08749999850988388,76,4,72,3.5320816040039062,0.7395833333333334,0.0,0.030065516009926796
vision.late,mean,random_projection,1,5,has_bill_shape::hooked_seabird,has_bill_shape,160,15,145,0.09375,76,3,73,3.0931506156921387,0.9771689497716894,0.46153846153846156,0.030065516009926796
vision.late,mean,random_projection,1,7,has_bill_shape::all-purpose,has_bill_shape,160,66,94,0.4124999940395355,76,34,42,2.5233206748962402,0.6722689075630253,0.44,0.030065516009926796
vision.late,mean,random_projection,1,8,has_bill_shape::cone,has_bill_shape,160,44,116,0.2750000059604645,76,21,55,3.358234405517578,0.7558441558441559,0.6341463414634146,0.030065516009926796
vision.late,mean,random_projection,1,96,has_head_pattern::malar,has_head_pattern,156,16,140,0.10256410390138626,76,10,66,2.9513025283813477,0.40606060606060607,0.0,0.030065516009926796
vision.late,mean,random_projection,1,100,has_head_pattern::eyebrow,has_head_pattern,156,30,126,0.19230769574642181,76,14,62,3.3633415699005127,0.597926267281106,0.4375,0.030065516009926796
vision.late,mean,random_projection,1,101,has_head_pattern::eyering,has_head_pattern,156,25,131,0.16025641560554504,76,16,60,2.574796199798584,0.7416666666666667,0.42424242424242425,0.030065516009926796
vision.late,mean,random_projection,1,102,has_head_pattern::plain,has_head_pattern,156,37,119,0.2371794879436493,76,13,63,2.8760204315185547,0.8168498168498168,0.4827586206896552,0.030065516009926796
vision.late,mean,random_projection,1,103,has_head_pattern::eyeline,has_head_pattern,156,18,138,0.11538461595773697,76,7,69,2.572794198989868,0.4472049689440994,0.0,0.030065516009926796
vision.late,mean,random_projection,1,104,has_head_pattern::striped,has_head_pattern,156,15,141,0.09615384787321091,76,14,62,2.8796656131744385,0.6912442396313364,0.2727272727272727,0.030065516009926796
vision.late,mean,random_projection,1,105,has_head_pattern::capped,has_head_pattern,156,16,140,0.10256410390138626,76,9,67,3.1566739082336426,0.4013266998341625,0.1,0.030065516009926796
vision.late,mean,random_projection,1,107,has_breast_color::brown,has_breast_color,145,29,116,0.20000000298023224,75,14,61,3.3223719596862793,0.4637002341920375,0.16666666666666666,0.030065516009926796
vision.late,mean,random_projection,1,111,has_breast_color::grey,has_breast_color,145,40,105,0.27586206793785095,75,19,56,3.547863721847534,0.48214285714285715,0.15384615384615385,0.030065516009926796
vision.late,mean,random_projection,1,117,has_breast_color::black,has_breast_color,145,50,95,0.3448275923728943,75,30,45,2.954314947128296,0.6007407407407407,0.3404255319148936,0.030065516009926796
vision.late,mean,random_projection,1,118,has_breast_color::white,has_breast_color,145,51,94,0.35172414779663086,75,41,34,2.723200798034668,0.5581061692969871,0.44776119402985076,0.030065516009926796
vision.late,mean,random_projection,1,120,has_breast_color::buff,has_breast_color,145,52,93,0.35862070322036743,75,26,49,2.8458590507507324,0.5361067503924647,0.23809523809523808,0.030065516009926796
vision.late,mean,random_projection,1,294,has_crown_color::blue,has_crown_color,155,11,144,0.07096774131059647,75,4,71,2.6922974586486816,1.0,0.6153846153846154,0.030065516009926796
vision.late,mean,random_projection,1,295,has_crown_color::brown,has_crown_color,155,60,95,0.3870967626571655,75,33,42,2.7789361476898193,0.5981240981240982,0.4444444444444444,0.030065516009926796
vision.late,mean,random_projection,1,299,has_crown_color::grey,has_crown_color,155,36,119,0.23225806653499603,75,18,57,2.7119431495666504,0.5428849902534113,0.26666666666666666,0.030065516009926796
vision.late,mean,random_projection,1,305,has_crown_color::black,has_crown_color,155,45,110,0.29032257199287415,75,24,51,2.7091360092163086,0.6413398692810458,0.45714285714285713,0.030065516009926796
vision.late,mean,random_projection,1,306,has_crown_color::white,has_crown_color,155,20,135,0.12903225421905518,75,10,65,2.6759097576141357,0.8415384615384616,0.64,0.030065516009926796
vision.late,mean,random_projection,1,308,has_crown_color::buff,has_crown_color,155,31,124,0.20000000298023224,75,16,59,2.9321138858795166,0.5042372881355932,0.14814814814814814,0.030065516009926796
vision.late,mean,random_projection,1,309,has_wing_pattern::solid,has_wing_pattern,151,32,119,0.21192052960395813,72,18,54,3.680311679840088,0.727366255144033,0.3076923076923077,0.030065516009926796
vision.late,mean,random_projection,1,310,has_wing_pattern::spotted,has_wing_pattern,151,31,120,0.20529800653457642,72,7,65,2.7876927852630615,0.7252747252747253,0.2857142857142857,0.030065516009926796
vision.late,mean,random_projection,1,311,has_wing_pattern::striped,has_wing_pattern,151,55,96,0.3642384111881256,72,33,39,2.6231489181518555,0.5508935508935509,0.32653061224489793,0.030065516009926796
vision.late,mean,random_projection,1,312,has_wing_pattern::multi-colored,has_wing_pattern,151,33,118,0.21854305267333984,72,14,58,2.2124643325805664,0.6194581280788177,0.35,0.030065516009926796
vision.late,mean,random_projection,2,2,has_bill_shape::dagger,has_bill_shape,160,14,146,0.08749999850988388,76,4,72,3.268178939819336,0.6388888888888888,0.125,0.032076600939035416
vision.late,mean,random_projection,2,5,has_bill_shape::hooked_seabird,has_bill_shape,160,15,145,0.09375,76,3,73,3.0258216857910156,0.9863013698630136,0.5454545454545454,0.032076600939035416
vision.late,mean,random_projection,2,7,has_bill_shape::all-purpose,has_bill_shape,160,66,94,0.4124999940395355,76,34,42,3.0496456623077393,0.6631652661064426,0.5263157894736842,0.032076600939035416
vision.late,mean,random_projection,2,8,has_bill_shape::cone,has_bill_shape,160,44,116,0.2750000059604645,76,21,55,2.921107053756714,0.7783549783549784,0.5641025641025641,0.032076600939035416
vision.late,mean,random_projection,2,96,has_head_pattern::malar,has_head_pattern,156,16,140,0.10256410390138626,76,10,66,2.880218029022217,0.543939393939394,0.08,0.032076600939035416
vision.late,mean,random_projection,2,100,has_head_pattern::eyebrow,has_head_pattern,156,30,126,0.19230769574642181,76,14,62,2.508810043334961,0.6578341013824884,0.42857142857142855,0.032076600939035416
vision.late,mean,random_projection,2,101,has_head_pattern::eyering,has_head_pattern,156,25,131,0.16025641560554504,76,16,60,2.915764808654785,0.8197916666666667,0.5714285714285714,0.032076600939035416
vision.late,mean,random_projection,2,102,has_head_pattern::plain,has_head_pattern,156,37,119,0.2371794879436493,76,13,63,2.9453959465026855,0.7704517704517705,0.45161290322580644,0.032076600939035416
vision.late,mean,random_projection,2,103,has_head_pattern::eyeline,has_head_pattern,156,18,138,0.11538461595773697,76,7,69,2.8607468605041504,0.505175983436853,0.10526315789473684,0.032076600939035416
vision.late,mean,random_projection,2,104,has_head_pattern::striped,has_head_pattern,156,15,141,0.09615384787321091,76,14,62,2.8991782665252686,0.4619815668202765,0.25,0.032076600939035416
vision.late,mean,random_projection,2,105,has_head_pattern::capped,has_head_pattern,156,16,140,0.10256410390138626,76,9,67,2.7657032012939453,0.5140961857379768,0.0,0.032076600939035416
vision.late,mean,random_projection,2,107,has_breast_color::brown,has_breast_color,145,29,116,0.20000000298023224,75,14,61,3.706571102142334,0.5468384074941453,0.09090909090909091,0.032076600939035416
vision.late,mean,random_projection,2,111,has_breast_color::grey,has_breast_color,145,40,105,0.27586206793785095,75,19,56,2.817502975463867,0.48026315789473684,0.25,0.032076600939035416
vision.late,mean,random_projection,2,117,has_breast_color::black,has_breast_color,145,50,95,0.3448275923728943,75,30,45,2.2638237476348877,0.5214814814814814,0.38461538461538464,0.032076600939035416
vision.late,mean,random_projection,2,118,has_breast_color::white,has_breast_color,145,51,94,0.35172414779663086,75,41,34,2.6322250366210938,0.5652797704447633,0.4838709677419355,0.032076600939035416
vision.late,mean,random_projection,2,120,has_breast_color::buff,has_breast_color,145,52,93,0.35862070322036743,75,26,49,2.707581043243408,0.5368916797488226,0.24390243902439024,0.032076600939035416
vision.late,mean,random_projection,2,294,has_crown_color::blue,has_crown_color,155,11,144,0.07096774131059647,75,4,71,3.7255215644836426,1.0,0.6153846153846154,0.032076600939035416
vision.late,mean,random_projection,2,295,has_crown_color::brown,has_crown_color,155,60,95,0.3870967626571655,75,33,42,2.7173538208007812,0.5678210678210678,0.33962264150943394,0.032076600939035416
vision.late,mean,random_projection,2,299,has_crown_color::grey,has_crown_color,155,36,119,0.23225806653499603,75,18,57,2.309622287750244,0.5769980506822612,0.3333333333333333,0.032076600939035416
vision.late,mean,random_projection,2,305,has_crown_color::black,has_crown_color,155,45,110,0.29032257199287415,75,24,51,2.529301881790161,0.5890522875816994,0.4444444444444444,0.032076600939035416
vision.late,mean,random_projection,2,306,has_crown_color::white,has_crown_color,155,20,135,0.12903225421905518,75,10,65,1.817168116569519,0.7646153846153846,0.36363636363636365,0.032076600939035416
vision.late,mean,random_projection,2,308,has_crown_color::buff,has_crown_color,155,31,124,0.20000000298023224,75,16,59,2.8764023780822754,0.5529661016949152,0.2962962962962963,0.032076600939035416
vision.late,mean,random_projection,2,309,has_wing_pattern::solid,has_wing_pattern,151,32,119,0.21192052960395813,72,18,54,3.1087214946746826,0.6903292181069959,0.4666666666666667,0.032076600939035416
vision.late,mean,random_projection,2,310,has_wing_pattern::spotted,has_wing_pattern,151,31,120,0.20529800653457642,72,7,65,2.6968250274658203,0.6725274725274726,0.38095238095238093,0.032076600939035416
vision.late,mean,random_projection,2,311,has_wing_pattern::striped,has_wing_pattern,151,55,96,0.3642384111881256,72,33,39,2.5325686931610107,0.574980574980575,0.45614035087719296,0.032076600939035416
vision.late,mean,random_projection,2,312,has_wing_pattern::multi-colored,has_wing_pattern,151,33,118,0.21854305267333984,72,14,58,2.3429064750671387,0.6810344827586207,0.4,0.032076600939035416
vision.final,mean,primary,0,2,has_bill_shape::dagger,has_bill_shape,160,14,146,0.08749999850988388,76,4,72,6.725387096405029,0.7916666666666666,0.125,0.010006050579249859
vision.final,mean,primary,0,5,has_bill_shape::hooked_seabird,has_bill_shape,160,15,145,0.09375,76,3,73,6.1265411376953125,0.9817351598173516,0.46153846153846156,0.010006050579249859
vision.final,mean,primary,0,7,has_bill_shape::all-purpose,has_bill_shape,160,66,94,0.4124999940395355,76,34,42,4.458977699279785,0.7324929971988795,0.5,0.010006050579249859
vision.final,mean,primary,0,8,has_bill_shape::cone,has_bill_shape,160,44,116,0.2750000059604645,76,21,55,5.397754192352295,0.819047619047619,0.631578947368421,0.010006050579249859
vision.final,mean,primary,0,96,has_head_pattern::malar,has_head_pattern,156,16,140,0.10256410390138626,76,10,66,7.466710090637207,0.5969696969696969,0.10526315789473684,0.010006050579249859
vision.final,mean,primary,0,100,has_head_pattern::eyebrow,has_head_pattern,156,30,126,0.19230769574642181,76,14,62,4.191122531890869,0.630184331797235,0.5185185185185185,0.010006050579249859
vision.final,mean,primary,0,101,has_head_pattern::eyering,has_head_pattern,156,25,131,0.16025641560554504,76,16,60,4.277430534362793,0.784375,0.3448275862068966,0.010006050579249859
vision.final,mean,primary,0,102,has_head_pattern::plain,has_head_pattern,156,37,119,0.2371794879436493,76,13,63,4.599979400634766,0.796092796092796,0.48,0.010006050579249859
vision.final,mean,primary,0,103,has_head_pattern::eyeline,has_head_pattern,156,18,138,0.11538461595773697,76,7,69,6.600489616394043,0.4161490683229814,0.0,0.010006050579249859
vision.final,mean,primary,0,104,has_head_pattern::striped,has_head_pattern,156,15,141,0.09615384787321091,76,14,62,7.179143905639648,0.5875576036866359,0.2857142857142857,0.010006050579249859
vision.final,mean,primary,0,105,has_head_pattern::capped,has_head_pattern,156,16,140,0.10256410390138626,76,9,67,9.454302787780762,0.4842454394693201,0.0,0.010006050579249859
vision.final,mean,primary,0,107,has_breast_color::brown,has_breast_color,145,29,116,0.20000000298023224,75,14,61,5.483100891113281,0.6487119437939111,0.23076923076923078,0.010006050579249859
vision.final,mean,primary,0,111,has_breast_color::grey,has_breast_color,145,40,105,0.27586206793785095,75,19,56,4.845163822174072,0.6024436090225563,0.15384615384615385,0.010006050579249859
vision.final,mean,primary,0,117,has_breast_color::black,has_breast_color,145,50,95,0.3448275923728943,75,30,45,4.216759204864502,0.6162962962962963,0.34782608695652173,0.010006050579249859
vision.final,mean,primary,0,118,has_breast_color::white,has_breast_color,145,51,94,0.35172414779663086,75,41,34,4.454885959625244,0.6370157819225251,0.4,0.010006050579249859
vision.final,mean,primary,0,120,has_breast_color::buff,has_breast_color,145,52,93,0.35862070322036743,75,26,49,4.87890625,0.5722135007849294,0.2926829268292683,0.010006050579249859
vision.final,mean,primary,0,294,has_crown_color::blue,has_crown_color,155,11,144,0.07096774131059647,75,4,71,6.903356075286865,1.0,0.8888888888888888,0.010006050579249859
vision.final,mean,primary,0,295,has_crown_color::brown,has_crown_color,155,60,95,0.3870967626571655,75,33,42,4.704603672027588,0.5894660894660895,0.42857142857142855,0.010006050579249859
vision.final,mean,primary,0,299,has_crown_color::grey,has_crown_color,155,36,119,0.23225806653499603,75,18,57,4.137751579284668,0.6267056530214425,0.3076923076923077,0.010006050579249859
vision.final,mean,primary,0,305,has_crown_color::black,has_crown_color,155,45,110,0.29032257199287415,75,24,51,4.375718116760254,0.7083333333333334,0.5,0.010006050579249859
vision.final,mean,primary,0,306,has_crown_color::white,has_crown_color,155,20,135,0.12903225421905518,75,10,65,4.024065017700195,0.7753846153846153,0.42105263157894735,0.010006050579249859
vision.final,mean,primary,0,308,has_crown_color::buff,has_crown_color,155,31,124,0.20000000298023224,75,16,59,4.541406631469727,0.4682203389830508,0.07692307692307693,0.010006050579249859
vision.final,mean,primary,0,309,has_wing_pattern::solid,has_wing_pattern,151,32,119,0.21192052960395813,72,18,54,5.117084503173828,0.6594650205761317,0.4,0.010006050579249859
vision.final,mean,primary,0,310,has_wing_pattern::spotted,has_wing_pattern,151,31,120,0.20529800653457642,72,7,65,4.472146511077881,0.7626373626373626,0.45454545454545453,0.010006050579249859
vision.final,mean,primary,0,311,has_wing_pattern::striped,has_wing_pattern,151,55,96,0.3642384111881256,72,33,39,4.815728187561035,0.5827505827505828,0.3111111111111111,0.010006050579249859
vision.final,mean,primary,0,312,has_wing_pattern::multi-colored,has_wing_pattern,151,33,118,0.21854305267333984,72,14,58,4.264025688171387,0.6059113300492611,0.29411764705882354,0.010006050579249859
vision.final,mean,primary,1,2,has_bill_shape::dagger,has_bill_shape,160,14,146,0.08749999850988388,76,4,72,6.7816619873046875,0.7916666666666666,0.125,0.010132561437785625
vision.final,mean,primary,1,5,has_bill_shape::hooked_seabird,has_bill_shape,160,15,145,0.09375,76,3,73,5.9437456130981445,0.9817351598173516,0.46153846153846156,0.010132561437785625
vision.final,mean,primary,1,7,has_bill_shape::all-purpose,has_bill_shape,160,66,94,0.4124999940395355,76,34,42,4.461531639099121,0.7296918767507002,0.5098039215686274,0.010132561437785625
vision.final,mean,primary,1,8,has_bill_shape::cone,has_bill_shape,160,44,116,0.2750000059604645,76,21,55,5.524855613708496,0.8069264069264069,0.5142857142857142,0.010132561437785625
vision.final,mean,primary,1,96,has_head_pattern::malar,has_head_pattern,156,16,140,0.10256410390138626,76,10,66,8.378305435180664,0.6181818181818182,0.1111111111111111,0.010132561437785625
vision.final,mean,primary,1,100,has_head_pattern::eyebrow,has_head_pattern,156,30,126,0.19230769574642181,76,14,62,4.121581554412842,0.6221198156682027,0.5185185185185185,0.010132561437785625
vision.final,mean,primary,1,101,has_head_pattern::eyering,has_head_pattern,156,25,131,0.16025641560554504,76,16,60,4.255226135253906,0.7739583333333333,0.4,0.010132561437785625
vision.final,mean,primary,1,102,has_head_pattern::plain,has_head_pattern,156,37,119,0.2371794879436493,76,13,63,4.714461803436279,0.7936507936507936,0.5384615384615384,0.010132561437785625
vision.final,mean,primary,1,103,has_head_pattern::eyeline,has_head_pattern,156,18,138,0.11538461595773697,76,7,69,5.871370792388916,0.42028985507246375,0.0,0.010132561437785625
vision.final,mean,primary,1,104,has_head_pattern::striped,has_head_pattern,156,15,141,0.09615384787321091,76,14,62,6.752166748046875,0.5910138248847926,0.3,0.010132561437785625
vision.final,mean,primary,1,105,has_head_pattern::capped,has_head_pattern,156,16,140,0.10256410390138626,76,9,67,8.15843677520752,0.4842454394693201,0.0,0.010132561437785625
vision.final,mean,primary,1,107,has_breast_color::brown,has_breast_color,145,29,116,0.20000000298023224,75,14,61,5.613701820373535,0.6463700234192038,0.2962962962962963,0.010132561437785625
vision.final,mean,primary,1,111,has_breast_color::grey,has_breast_color,145,40,105,0.27586206793785095,75,19,56,5.048348426818848,0.6052631578947368,0.23076923076923078,0.010132561437785625
vision.final,mean,primary,1,117,has_breast_color::black,has_breast_color,145,50,95,0.3448275923728943,75,30,45,4.539681434631348,0.6155555555555555,0.34782608695652173,0.010132561437785625
vision.final,mean,primary,1,118,has_breast_color::white,has_breast_color,145,51,94,0.35172414779663086,75,41,34,4.62131929397583,0.6248206599713056,0.45614035087719296,0.010132561437785625
vision.final,mean,primary,1,120,has_breast_color::buff,has_breast_color,145,52,93,0.35862070322036743,75,26,49,5.198613166809082,0.5769230769230769,0.2857142857142857,0.010132561437785625
vision.final,mean,primary,1,294,has_crown_color::blue,has_crown_color,155,11,144,0.07096774131059647,75,4,71,6.391229629516602,1.0,0.8888888888888888,0.010132561437785625
vision.final,mean,primary,1,295,has_crown_color::brown,has_crown_color,155,60,95,0.3870967626571655,75,33,42,5.05012321472168,0.6038961038961039,0.39285714285714285,0.010132561437785625
vision.final,mean,primary,1,299,has_crown_color::grey,has_crown_color,155,36,119,0.23225806653499603,75,18,57,4.140555381774902,0.6247563352826511,0.32,0.010132561437785625
vision.final,mean,primary,1,305,has_crown_color::black,has_crown_color,155,45,110,0.29032257199287415,75,24,51,4.071719169616699,0.7026143790849673,0.5365853658536586,0.010132561437785625
vision.final,mean,primary,1,306,has_crown_color::white,has_crown_color,155,20,135,0.12903225421905518,75,10,65,4.019927978515625,0.7661538461538462,0.42105263157894735,0.010132561437785625
vision.final,mean,primary,1,308,has_crown_color::buff,has_crown_color,155,31,124,0.20000000298023224,75,16,59,4.803302764892578,0.4544491525423729,0.21428571428571427,0.010132561437785625
vision.final,mean,primary,1,309,has_wing_pattern::solid,has_wing_pattern,151,32,119,0.21192052960395813,72,18,54,4.998203277587891,0.6718106995884774,0.48,0.010132561437785625
vision.final,mean,primary,1,310,has_wing_pattern::spotted,has_wing_pattern,151,31,120,0.20529800653457642,72,7,65,4.5456037521362305,0.7406593406593407,0.47619047619047616,0.010132561437785625
vision.final,mean,primary,1,311,has_wing_pattern::striped,has_wing_pattern,151,55,96,0.3642384111881256,72,33,39,4.789818286895752,0.581973581973582,0.27906976744186046,0.010132561437785625
vision.final,mean,primary,1,312,has_wing_pattern::multi-colored,has_wing_pattern,151,33,118,0.21854305267333984,72,14,58,4.528497219085693,0.6083743842364532,0.30303030303030304,0.010132561437785625
vision.final,mean,primary,2,2,has_bill_shape::dagger,has_bill_shape,160,14,146,0.08749999850988388,76,4,72,6.3809614181518555,0.7708333333333334,0.125,0.010405052453279495
vision.final,mean,primary,2,5,has_bill_shape::hooked_seabird,has_bill_shape,160,15,145,0.09375,76,3,73,6.153713226318359,0.9817351598173516,0.5,0.010405052453279495
vision.final,mean,primary,2,7,has_bill_shape::all-purpose,has_bill_shape,160,66,94,0.4124999940395355,76,34,42,4.5196356773376465,0.7289915966386554,0.47058823529411764,0.010405052453279495
vision.final,mean,primary,2,8,has_bill_shape::cone,has_bill_shape,160,44,116,0.2750000059604645,76,21,55,5.8927321434021,0.8164502164502164,0.5945945945945946,0.010405052453279495
vision.final,mean,primary,2,96,has_head_pattern::malar,has_head_pattern,156,16,140,0.10256410390138626,76,10,66,7.370206356048584,0.6075757575757575,0.0,0.010405052453279495
vision.final,mean,primary,2,100,has_head_pattern::eyebrow,has_head_pattern,156,30,126,0.19230769574642181,76,14,62,4.388370513916016,0.6347926267281107,0.5185185185185185,0.010405052453279495
vision.final,mean,primary,2,101,has_head_pattern::eyering,has_head_pattern,156,25,131,0.16025641560554504,76,16,60,4.024291515350342,0.7802083333333333,0.41379310344827586,0.010405052453279495
vision.final,mean,primary,2,102,has_head_pattern::plain,has_head_pattern,156,37,119,0.2371794879436493,76,13,63,4.708521366119385,0.7948717948717948,0.5384615384615384,0.010405052453279495
vision.final,mean,primary,2,103,has_head_pattern::eyeline,has_head_pattern,156,18,138,0.11538461595773697,76,7,69,5.86338996887207,0.42028985507246375,0.0,0.010405052453279495
vision.final,mean,primary,2,104,has_head_pattern::striped,has_head_pattern,156,15,141,0.09615384787321091,76,14,62,7.632022380828857,0.5910138248847926,0.3157894736842105,0.010405052453279495
vision.final,mean,primary,2,105,has_head_pattern::capped,has_head_pattern,156,16,140,0.10256410390138626,76,9,67,8.770842552185059,0.4975124378109453,0.0,0.010405052453279495
vision.final,mean,primary,2,107,has_breast_color::brown,has_breast_color,145,29,116,0.20000000298023224,75,14,61,5.332102298736572,0.6463700234192038,0.23076923076923078,0.010405052453279495
vision.final,mean,primary,2,111,has_breast_color::grey,has_breast_color,145,40,105,0.27586206793785095,75,19,56,4.750621318817139,0.6137218045112782,0.16,0.010405052453279495
vision.final,mean,primary,2,117,has_breast_color::black,has_breast_color,145,50,95,0.3448275923728943,75,30,45,4.232545852661133,0.617037037037037,0.34782608695652173,0.010405052453279495
vision.final,mean,primary,2,118,has_breast_color::white,has_breast_color,145,51,94,0.35172414779663086,75,41,34,4.542919158935547,0.629842180774749,0.45614035087719296,0.010405052453279495
vision.final,mean,primary,2,120,has_breast_color::buff,has_breast_color,145,52,93,0.35862070322036743,75,26,49,5.442990303039551,0.5769230769230769,0.37209302325581395,0.010405052453279495
vision.final,mean,primary,2,294,has_crown_color::blue,has_crown_color,155,11,144,0.07096774131059647,75,4,71,7.062983512878418,1.0,0.8888888888888888,0.010405052453279495
vision.final,mean,primary,2,295,has_crown_color::brown,has_crown_color,155,60,95,0.3870967626571655,75,33,42,4.720890522003174,0.5959595959595959,0.41379310344827586,0.010405052453279495
vision.final,mean,primary,2,299,has_crown_color::grey,has_crown_color,155,36,119,0.23225806653499603,75,18,57,4.3082966804504395,0.6403508771929824,0.3076923076923077,0.010405052453279495
vision.final,mean,primary,2,305,has_crown_color::black,has_crown_color,155,45,110,0.29032257199287415,75,24,51,4.148412227630615,0.7124183006535948,0.5365853658536586,0.010405052453279495
vision.final,mean,primary,2,306,has_crown_color::white,has_crown_color,155,20,135,0.12903225421905518,75,10,65,4.334710121154785,0.7830769230769231,0.4,0.010405052453279495
vision.final,mean,primary,2,308,has_crown_color::buff,has_crown_color,155,31,124,0.20000000298023224,75,16,59,4.545323848724365,0.4565677966101695,0.20689655172413793,0.010405052453279495
vision.final,mean,primary,2,309,has_wing_pattern::solid,has_wing_pattern,151,32,119,0.21192052960395813,72,18,54,5.060627460479736,0.6522633744855967,0.4166666666666667,0.010405052453279495
vision.final,mean,primary,2,310,has_wing_pattern::spotted,has_wing_pattern,151,31,120,0.20529800653457642,72,7,65,4.462806224822998,0.7472527472527473,0.43478260869565216,0.010405052453279495
vision.final,mean,primary,2,311,has_wing_pattern::striped,has_wing_pattern,151,55,96,0.3642384111881256,72,33,39,4.810853958129883,0.5765345765345765,0.2727272727272727,0.010405052453279495
vision.final,mean,primary,2,312,has_wing_pattern::multi-colored,has_wing_pattern,151,33,118,0.21854305267333984,72,14,58,4.652502059936523,0.6157635467980296,0.30303030303030304,0.010405052453279495
vision.final,mean,prevalence,-1,2,has_bill_shape::dagger,has_bill_shape,160,14,146,0.08749999850988388,76,4,72,0.0,0.5,0.0,nan
vision.final,mean,prevalence,-1,5,has_bill_shape::hooked_seabird,has_bill_shape,160,15,145,0.09375,76,3,73,0.0,0.5,0.0,nan
vision.final,mean,prevalence,-1,7,has_bill_shape::all-purpose,has_bill_shape,160,66,94,0.4124999940395355,76,34,42,0.0,0.5,0.0,nan
vision.final,mean,prevalence,-1,8,has_bill_shape::cone,has_bill_shape,160,44,116,0.2750000059604645,76,21,55,0.0,0.5,0.0,nan
vision.final,mean,prevalence,-1,96,has_head_pattern::malar,has_head_pattern,156,16,140,0.10256410390138626,76,10,66,0.0,0.5,0.0,nan
vision.final,mean,prevalence,-1,100,has_head_pattern::eyebrow,has_head_pattern,156,30,126,0.19230769574642181,76,14,62,0.0,0.5,0.0,nan
vision.final,mean,prevalence,-1,101,has_head_pattern::eyering,has_head_pattern,156,25,131,0.16025641560554504,76,16,60,0.0,0.5,0.0,nan
vision.final,mean,prevalence,-1,102,has_head_pattern::plain,has_head_pattern,156,37,119,0.2371794879436493,76,13,63,0.0,0.5,0.0,nan
vision.final,mean,prevalence,-1,103,has_head_pattern::eyeline,has_head_pattern,156,18,138,0.11538461595773697,76,7,69,0.0,0.5,0.0,nan
vision.final,mean,prevalence,-1,104,has_head_pattern::striped,has_head_pattern,156,15,141,0.09615384787321091,76,14,62,0.0,0.5,0.0,nan
vision.final,mean,prevalence,-1,105,has_head_pattern::capped,has_head_pattern,156,16,140,0.10256410390138626,76,9,67,0.0,0.5,0.0,nan
vision.final,mean,prevalence,-1,107,has_breast_color::brown,has_breast_color,145,29,116,0.20000000298023224,75,14,61,0.0,0.5,0.0,nan
vision.final,mean,prevalence,-1,111,has_breast_color::grey,has_breast_color,145,40,105,0.27586206793785095,75,19,56,0.0,0.5,0.0,nan
vision.final,mean,prevalence,-1,117,has_breast_color::black,has_breast_color,145,50,95,0.3448275923728943,75,30,45,0.0,0.5,0.0,nan
vision.final,mean,prevalence,-1,118,has_breast_color::white,has_breast_color,145,51,94,0.35172414779663086,75,41,34,0.0,0.5,0.0,nan
vision.final,mean,prevalence,-1,120,has_breast_color::buff,has_breast_color,145,52,93,0.35862070322036743,75,26,49,0.0,0.5,0.0,nan
vision.final,mean,prevalence,-1,294,has_crown_color::blue,has_crown_color,155,11,144,0.07096774131059647,75,4,71,0.0,0.5,0.0,nan
vision.final,mean,prevalence,-1,295,has_crown_color::brown,has_crown_color,155,60,95,0.3870967626571655,75,33,42,0.0,0.5,0.0,nan
vision.final,mean,prevalence,-1,299,has_crown_color::grey,has_crown_color,155,36,119,0.23225806653499603,75,18,57,0.0,0.5,0.0,nan
vision.final,mean,prevalence,-1,305,has_crown_color::black,has_crown_color,155,45,110,0.29032257199287415,75,24,51,0.0,0.5,0.0,nan
vision.final,mean,prevalence,-1,306,has_crown_color::white,has_crown_color,155,20,135,0.12903225421905518,75,10,65,0.0,0.5,0.0,nan
vision.final,mean,prevalence,-1,308,has_crown_color::buff,has_crown_color,155,31,124,0.20000000298023224,75,16,59,0.0,0.5,0.0,nan
vision.final,mean,prevalence,-1,309,has_wing_pattern::solid,has_wing_pattern,151,32,119,0.21192052960395813,72,18,54,0.0,0.5,0.0,nan
vision.final,mean,prevalence,-1,310,has_wing_pattern::spotted,has_wing_pattern,151,31,120,0.20529800653457642,72,7,65,0.0,0.5,0.0,nan
vision.final,mean,prevalence,-1,311,has_wing_pattern::striped,has_wing_pattern,151,55,96,0.3642384111881256,72,33,39,0.0,0.5,0.0,nan
vision.final,mean,prevalence,-1,312,has_wing_pattern::multi-colored,has_wing_pattern,151,33,118,0.21854305267333984,72,14,58,0.0,0.5,0.0,nan
vision.final,mean,shuffled_labels,0,2,has_bill_shape::dagger,has_bill_shape,160,14,146,0.08749999850988388,76,4,72,12.325224876403809,0.4340277777777778,0.0,0.01376661192625761
vision.final,mean,shuffled_labels,0,5,has_bill_shape::hooked_seabird,has_bill_shape,160,15,145,0.09375,76,3,73,6.514572620391846,0.4885844748858447,0.0,0.01376661192625761
vision.final,mean,shuffled_labels,0,7,has_bill_shape::all-purpose,has_bill_shape,160,66,94,0.4124999940395355,76,34,42,4.37701940536499,0.49789915966386555,0.42105263157894735,0.01376661192625761
vision.final,mean,shuffled_labels,0,8,has_bill_shape::cone,has_bill_shape,160,44,116,0.2750000059604645,76,21,55,3.762040615081787,0.5471861471861472,0.1875,0.01376661192625761
vision.final,mean,shuffled_labels,0,96,has_head_pattern::malar,has_head_pattern,156,16,140,0.10256410390138626,76,10,66,6.137421131134033,0.6121212121212121,0.23529411764705882,0.01376661192625761
vision.final,mean,shuffled_labels,0,100,has_head_pattern::eyebrow,has_head_pattern,156,30,126,0.19230769574642181,76,14,62,4.53059720993042,0.391705069124424,0.19047619047619047,0.01376661192625761
vision.final,mean,shuffled_labels,0,101,has_head_pattern::eyering,has_head_pattern,156,25,131,0.16025641560554504,76,16,60,4.578538417816162,0.503125,0.08,0.01376661192625761
vision.final,mean,shuffled_labels,0,102,has_head_pattern::plain,has_head_pattern,156,37,119,0.2371794879436493,76,13,63,4.452422618865967,0.3968253968253968,0.16666666666666666,0.01376661192625761
vision.final,mean,shuffled_labels,0,103,has_head_pattern::eyeline,has_head_pattern,156,18,138,0.11538461595773697,76,7,69,5.307257652282715,0.40372670807453415,0.0,0.01376661192625761
vision.final,mean,shuffled_labels,0,104,has_head_pattern::striped,has_head_pattern,156,15,141,0.09615384787321091,76,14,62,8.011910438537598,0.5529953917050692,0.0,0.01376661192625761
vision.final,mean,shuffled_labels,0,105,has_head_pattern::capped,has_head_pattern,156,16,140,0.10256410390138626,76,9,67,5.96779727935791,0.5804311774461028,0.34782608695652173,0.01376661192625761
vision.final,mean,shuffled_labels,0,107,has_breast_color::brown,has_breast_color,145,29,116,0.20000000298023224,75,14,61,4.814696788787842,0.4918032786885246,0.07142857142857142,0.01376661192625761
vision.final,mean,shuffled_labels,0,111,has_breast_color::grey,has_breast_color,145,40,105,0.27586206793785095,75,19,56,5.003114700317383,0.6531954887218046,0.36363636363636365,0.01376661192625761
vision.final,mean,shuffled_labels,0,117,has_breast_color::black,has_breast_color,145,50,95,0.3448275923728943,75,30,45,4.447068214416504,0.5355555555555556,0.32653061224489793,0.01376661192625761
vision.final,mean,shuffled_labels,0,118,has_breast_color::white,has_breast_color,145,51,94,0.35172414779663086,75,41,34,4.4508209228515625,0.5616929698708751,0.2962962962962963,0.01376661192625761
vision.final,mean,shuffled_labels,0,120,has_breast_color::buff,has_breast_color,145,52,93,0.35862070322036743,75,26,49,4.266658306121826,0.3869701726844584,0.10526315789473684,0.01376661192625761
vision.final,mean,shuffled_labels,0,294,has_crown_color::blue,has_crown_color,155,11,144,0.07096774131059647,75,4,71,7.918381690979004,0.5352112676056338,0.0,0.01376661192625761
vision.final,mean,shuffled_labels,0,295,has_crown_color::brown,has_crown_color,155,60,95,0.3870967626571655,75,33,42,4.123216152191162,0.4855699855699856,0.20512820512820512,0.01376661192625761
vision.final,mean,shuffled_labels,0,299,has_crown_color::grey,has_crown_color,155,36,119,0.23225806653499603,75,18,57,4.490603446960449,0.3654970760233918,0.11428571428571428,0.01376661192625761
vision.final,mean,shuffled_labels,0,305,has_crown_color::black,has_crown_color,155,45,110,0.29032257199287415,75,24,51,4.588814735412598,0.576797385620915,0.41025641025641024,0.01376661192625761
vision.final,mean,shuffled_labels,0,306,has_crown_color::white,has_crown_color,155,20,135,0.12903225421905518,75,10,65,6.5594987869262695,0.48,0.0,0.01376661192625761
vision.final,mean,shuffled_labels,0,308,has_crown_color::buff,has_crown_color,155,31,124,0.20000000298023224,75,16,59,4.327524185180664,0.5963983050847458,0.15384615384615385,0.01376661192625761
vision.final,mean,shuffled_labels,0,309,has_wing_pattern::solid,has_wing_pattern,151,32,119,0.21192052960395813,72,18,54,4.134214878082275,0.5246913580246914,0.3157894736842105,0.01376661192625761
vision.final,mean,shuffled_labels,0,310,has_wing_pattern::spotted,has_wing_pattern,151,31,120,0.20529800653457642,72,7,65,5.068202495574951,0.21978021978021978,0.0,0.01376661192625761
vision.final,mean,shuffled_labels,0,311,has_wing_pattern::striped,has_wing_pattern,151,55,96,0.3642384111881256,72,33,39,4.537190914154053,0.425019425019425,0.28,0.01376661192625761
vision.final,mean,shuffled_labels,0,312,has_wing_pattern::multi-colored,has_wing_pattern,151,33,118,0.21854305267333984,72,14,58,4.258906841278076,0.6108374384236454,0.3448275862068966,0.01376661192625761
vision.final,mean,shuffled_labels,1,2,has_bill_shape::dagger,has_bill_shape,160,14,146,0.08749999850988388,76,4,72,7.043976783752441,0.5868055555555556,0.16666666666666666,0.013278118334710598
vision.final,mean,shuffled_labels,1,5,has_bill_shape::hooked_seabird,has_bill_shape,160,15,145,0.09375,76,3,73,8.763144493103027,0.4246575342465753,0.0,0.013278118334710598
vision.final,mean,shuffled_labels,1,7,has_bill_shape::all-purpose,has_bill_shape,160,66,94,0.4124999940395355,76,34,42,4.461604595184326,0.5560224089635855,0.35294117647058826,0.013278118334710598
vision.final,mean,shuffled_labels,1,8,has_bill_shape::cone,has_bill_shape,160,44,116,0.2750000059604645,76,21,55,4.698476314544678,0.5670995670995671,0.22857142857142856,0.013278118334710598
vision.final,mean,shuffled_labels,1,96,has_head_pattern::malar,has_head_pattern,156,16,140,0.10256410390138626,76,10,66,6.816407680511475,0.5454545454545454,0.2222222222222222,0.013278118334710598
vision.final,mean,shuffled_labels,1,100,has_head_pattern::eyebrow,has_head_pattern,156,30,126,0.19230769574642181,76,14,62,4.4632391929626465,0.652073732718894,0.3076923076923077,0.013278118334710598
vision.final,mean,shuffled_labels,1,101,has_head_pattern::eyering,has_head_pattern,156,25,131,0.16025641560554504,76,16,60,5.4393744468688965,0.5635416666666667,0.18181818181818182,0.013278118334710598
vision.final,mean,shuffled_labels,1,102,has_head_pattern::plain,has_head_pattern,156,37,119,0.2371794879436493,76,13,63,4.608169078826904,0.49694749694749696,0.13333333333333333,0.013278118334710598
vision.final,mean,shuffled_labels,1,103,has_head_pattern::eyeline,has_head_pattern,156,18,138,0.11538461595773697,76,7,69,6.985154151916504,0.546583850931677,0.15384615384615385,0.013278118334710598
vision.final,mean,shuffled_labels,1,104,has_head_pattern::striped,has_head_pattern,156,15,141,0.09615384787321091,76,14,62,5.681919574737549,0.6048387096774194,0.17391304347826086,0.013278118334710598
vision.final,mean,shuffled_labels,1,105,has_head_pattern::capped,has_head_pattern,156,16,140,0.10256410390138626,76,9,67,6.396325588226318,0.615257048092869,0.0,0.013278118334710598
vision.final,mean,shuffled_labels,1,107,has_breast_color::brown,has_breast_color,145,29,116,0.20000000298023224,75,14,61,5.303661346435547,0.5374707259953162,0.14814814814814814,0.013278118334710598
vision.final,mean,shuffled_labels,1,111,has_breast_color::grey,has_breast_color,145,40,105,0.27586206793785095,75,19,56,4.782064914703369,0.4323308270676692,0.11428571428571428,0.013278118334710598
vision.final,mean,shuffled_labels,1,117,has_breast_color::black,has_breast_color,145,50,95,0.3448275923728943,75,30,45,4.355823516845703,0.4111111111111111,0.23255813953488372,0.013278118334710598
vision.final,mean,shuffled_labels,1,118,has_breast_color::white,has_breast_color,145,51,94,0.35172414779663086,75,41,34,4.491077423095703,0.43543758967001434,0.3448275862068966,0.013278118334710598
vision.final,mean,shuffled_labels,1,120,has_breast_color::buff,has_breast_color,145,52,93,0.35862070322036743,75,26,49,4.329538345336914,0.41993720565149134,0.25,0.013278118334710598
vision.final,mean,shuffled_labels,1,294,has_crown_color::blue,has_crown_color,155,11,144,0.07096774131059647,75,4,71,4.711158752441406,0.1056338028169014,0.0,0.013278118334710598
vision.final,mean,shuffled_labels,1,295,has_crown_color::brown,has_crown_color,155,60,95,0.3870967626571655,75,33,42,4.5189056396484375,0.6587301587301587,0.3829787234042553,0.013278118334710598
vision.final,mean,shuffled_labels,1,299,has_crown_color::grey,has_crown_color,155,36,119,0.23225806653499603,75,18,57,4.739444255828857,0.40058479532163743,0.0,0.013278118334710598
vision.final,mean,shuffled_labels,1,305,has_crown_color::black,has_crown_color,155,45,110,0.29032257199287415,75,24,51,4.168409824371338,0.5392156862745098,0.3,0.013278118334710598
vision.final,mean,shuffled_labels,1,306,has_crown_color::white,has_crown_color,155,20,135,0.12903225421905518,75,10,65,5.21353816986084,0.5184615384615384,0.10526315789473684,0.013278118334710598
vision.final,mean,shuffled_labels,1,308,has_crown_color::buff,has_crown_color,155,31,124,0.20000000298023224,75,16,59,4.8198041915893555,0.5095338983050848,0.1935483870967742,0.013278118334710598
vision.final,mean,shuffled_labels,1,309,has_wing_pattern::solid,has_wing_pattern,151,32,119,0.21192052960395813,72,18,54,4.649036407470703,0.5751028806584362,0.3333333333333333,0.013278118334710598
vision.final,mean,shuffled_labels,1,310,has_wing_pattern::spotted,has_wing_pattern,151,31,120,0.20529800653457642,72,7,65,4.458926677703857,0.4989010989010989,0.14285714285714285,0.013278118334710598
vision.final,mean,shuffled_labels,1,311,has_wing_pattern::striped,has_wing_pattern,151,55,96,0.3642384111881256,72,33,39,3.957071304321289,0.4825174825174825,0.30434782608695654,0.013278118334710598
vision.final,mean,shuffled_labels,1,312,has_wing_pattern::multi-colored,has_wing_pattern,151,33,118,0.21854305267333984,72,14,58,4.31844425201416,0.4445812807881773,0.13333333333333333,0.013278118334710598
vision.final,mean,shuffled_labels,2,2,has_bill_shape::dagger,has_bill_shape,160,14,146,0.08749999850988388,76,4,72,8.527477264404297,0.4618055555555556,0.0,0.013752032071352005
vision.final,mean,shuffled_labels,2,5,has_bill_shape::hooked_seabird,has_bill_shape,160,15,145,0.09375,76,3,73,9.618038177490234,0.3105022831050228,0.0,0.013752032071352005
vision.final,mean,shuffled_labels,2,7,has_bill_shape::all-purpose,has_bill_shape,160,66,94,0.4124999940395355,76,34,42,4.387995719909668,0.4586834733893557,0.32653061224489793,0.013752032071352005
vision.final,mean,shuffled_labels,2,8,has_bill_shape::cone,has_bill_shape,160,44,116,0.2750000059604645,76,21,55,4.410999298095703,0.5108225108225108,0.18181818181818182,0.013752032071352005
vision.final,mean,shuffled_labels,2,96,has_head_pattern::malar,has_head_pattern,156,16,140,0.10256410390138626,76,10,66,5.697237491607666,0.3575757575757576,0.0,0.013752032071352005
vision.final,mean,shuffled_labels,2,100,has_head_pattern::eyebrow,has_head_pattern,156,30,126,0.19230769574642181,76,14,62,4.456342697143555,0.6163594470046083,0.2608695652173913,0.013752032071352005
vision.final,mean,shuffled_labels,2,101,has_head_pattern::eyering,has_head_pattern,156,25,131,0.16025641560554504,76,16,60,5.477872848510742,0.5020833333333333,0.16666666666666666,0.013752032071352005
vision.final,mean,shuffled_labels,2,102,has_head_pattern::plain,has_head_pattern,156,37,119,0.2371794879436493,76,13,63,5.158240795135498,0.3772893772893773,0.14285714285714285,0.013752032071352005
vision.final,mean,shuffled_labels,2,103,has_head_pattern::eyeline,has_head_pattern,156,18,138,0.11538461595773697,76,7,69,5.523242473602295,0.505175983436853,0.16666666666666666,0.013752032071352005
vision.final,mean,shuffled_labels,2,104,has_head_pattern::striped,has_head_pattern,156,15,141,0.09615384787321091,76,14,62,6.986056804656982,0.5195852534562212,0.0,0.013752032071352005
vision.final,mean,shuffled_labels,2,105,has_head_pattern::capped,has_head_pattern,156,16,140,0.10256410390138626,76,9,67,4.735604763031006,0.572139303482587,0.10526315789473684,0.013752032071352005
vision.final,mean,shuffled_labels,2,107,has_breast_color::brown,has_breast_color,145,29,116,0.20000000298023224,75,14,61,5.135126113891602,0.4672131147540984,0.16,0.013752032071352005
vision.final,mean,shuffled_labels,2,111,has_breast_color::grey,has_breast_color,145,40,105,0.27586206793785095,75,19,56,4.349802017211914,0.45112781954887216,0.08695652173913043,0.013752032071352005
vision.final,mean,shuffled_labels,2,117,has_breast_color::black,has_breast_color,145,50,95,0.3448275923728943,75,30,45,4.04788064956665,0.4962962962962963,0.14634146341463414,0.013752032071352005
vision.final,mean,shuffled_labels,2,118,has_breast_color::white,has_breast_color,145,51,94,0.35172414779663086,75,41,34,4.699522972106934,0.4253945480631277,0.2807017543859649,0.013752032071352005
vision.final,mean,shuffled_labels,2,120,has_breast_color::buff,has_breast_color,145,52,93,0.35862070322036743,75,26,49,4.742767810821533,0.43092621664050235,0.3111111111111111,0.013752032071352005
vision.final,mean,shuffled_labels,2,294,has_crown_color::blue,has_crown_color,155,11,144,0.07096774131059647,75,4,71,10.777761459350586,0.30633802816901406,0.0,0.013752032071352005
vision.final,mean,shuffled_labels,2,295,has_crown_color::brown,has_crown_color,155,60,95,0.3870967626571655,75,33,42,4.220718860626221,0.5288600288600288,0.14634146341463414,0.013752032071352005
vision.final,mean,shuffled_labels,2,299,has_crown_color::grey,has_crown_color,155,36,119,0.23225806653499603,75,18,57,4.380637168884277,0.5253411306042886,0.13333333333333333,0.013752032071352005
vision.final,mean,shuffled_labels,2,305,has_crown_color::black,has_crown_color,155,45,110,0.29032257199287415,75,24,51,4.012612819671631,0.6446078431372549,0.358974358974359,0.013752032071352005
vision.final,mean,shuffled_labels,2,306,has_crown_color::white,has_crown_color,155,20,135,0.12903225421905518,75,10,65,6.120591163635254,0.5169230769230769,0.0,0.013752032071352005
vision.final,mean,shuffled_labels,2,308,has_crown_color::buff,has_crown_color,155,31,124,0.20000000298023224,75,16,59,4.754849433898926,0.538135593220339,0.07407407407407407,0.013752032071352005
vision.final,mean,shuffled_labels,2,309,has_wing_pattern::solid,has_wing_pattern,151,32,119,0.21192052960395813,72,18,54,4.937223434448242,0.48662551440329216,0.23529411764705882,0.013752032071352005
vision.final,mean,shuffled_labels,2,310,has_wing_pattern::spotted,has_wing_pattern,151,31,120,0.20529800653457642,72,7,65,4.824361324310303,0.4307692307692308,0.1,0.013752032071352005
vision.final,mean,shuffled_labels,2,311,has_wing_pattern::striped,has_wing_pattern,151,55,96,0.3642384111881256,72,33,39,4.349438190460205,0.45843045843045843,0.2127659574468085,0.013752032071352005
vision.final,mean,shuffled_labels,2,312,has_wing_pattern::multi-colored,has_wing_pattern,151,33,118,0.21854305267333984,72,14,58,5.567849159240723,0.45320197044334976,0.17391304347826086,0.013752032071352005
vision.final,mean,random_projection,0,2,has_bill_shape::dagger,has_bill_shape,160,14,146,0.08749999850988388,76,4,72,3.2648913860321045,0.6909722222222222,0.0,0.03236813843250275
vision.final,mean,random_projection,0,5,has_bill_shape::hooked_seabird,has_bill_shape,160,15,145,0.09375,76,3,73,4.032717227935791,0.9771689497716894,0.42857142857142855,0.03236813843250275
vision.final,mean,random_projection,0,7,has_bill_shape::all-purpose,has_bill_shape,160,66,94,0.4124999940395355,76,34,42,2.2012994289398193,0.6169467787114846,0.5172413793103449,0.03236813843250275
vision.final,mean,random_projection,0,8,has_bill_shape::cone,has_bill_shape,160,44,116,0.2750000059604645,76,21,55,2.59702205657959,0.7601731601731602,0.5581395348837209,0.03236813843250275
vision.final,mean,random_projection,0,96,has_head_pattern::malar,has_head_pattern,156,16,140,0.10256410390138626,76,10,66,2.562068462371826,0.4484848484848485,0.1111111111111111,0.03236813843250275
vision.final,mean,random_projection,0,100,has_head_pattern::eyebrow,has_head_pattern,156,30,126,0.19230769574642181,76,14,62,2.8839640617370605,0.6221198156682027,0.4,0.03236813843250275
vision.final,mean,random_projection,0,101,has_head_pattern::eyering,has_head_pattern,156,25,131,0.16025641560554504,76,16,60,2.1681556701660156,0.7104166666666667,0.32432432432432434,0.03236813843250275
vision.final,mean,random_projection,0,102,has_head_pattern::plain,has_head_pattern,156,37,119,0.2371794879436493,76,13,63,2.7328009605407715,0.7533577533577533,0.42857142857142855,0.03236813843250275
vision.final,mean,random_projection,0,103,has_head_pattern::eyeline,has_head_pattern,156,18,138,0.11538461595773697,76,7,69,2.0382466316223145,0.4658385093167702,0.10526315789473684,0.03236813843250275
vision.final,mean,random_projection,0,104,has_head_pattern::striped,has_head_pattern,156,15,141,0.09615384787321091,76,14,62,2.932633399963379,0.4631336405529954,0.3333333333333333,0.03236813843250275
vision.final,mean,random_projection,0,105,has_head_pattern::capped,has_head_pattern,156,16,140,0.10256410390138626,76,9,67,3.212161064147949,0.5240464344941956,0.11764705882352941,0.03236813843250275
vision.final,mean,random_projection,0,107,has_breast_color::brown,has_breast_color,145,29,116,0.20000000298023224,75,14,61,3.482506275177002,0.5550351288056206,0.14285714285714285,0.03236813843250275
vision.final,mean,random_projection,0,111,has_breast_color::grey,has_breast_color,145,40,105,0.27586206793785095,75,19,56,3.312925100326538,0.5281954887218046,0.3125,0.03236813843250275
vision.final,mean,random_projection,0,117,has_breast_color::black,has_breast_color,145,50,95,0.3448275923728943,75,30,45,2.6509175300598145,0.6014814814814815,0.3829787234042553,0.03236813843250275
vision.final,mean,random_projection,0,118,has_breast_color::white,has_breast_color,145,51,94,0.35172414779663086,75,41,34,2.3989338874816895,0.49569583931133426,0.45714285714285713,0.03236813843250275
vision.final,mean,random_projection,0,120,has_breast_color::buff,has_breast_color,145,52,93,0.35862070322036743,75,26,49,3.07254695892334,0.5808477237048666,0.2727272727272727,0.03236813843250275
vision.final,mean,random_projection,0,294,has_crown_color::blue,has_crown_color,155,11,144,0.07096774131059647,75,4,71,3.2367074489593506,1.0,0.4,0.03236813843250275
vision.final,mean,random_projection,0,295,has_crown_color::brown,has_crown_color,155,60,95,0.3870967626571655,75,33,42,2.547455310821533,0.5981240981240982,0.4482758620689655,0.03236813843250275
vision.final,mean,random_projection,0,299,has_crown_color::grey,has_crown_color,155,36,119,0.23225806653499603,75,18,57,2.138636350631714,0.580896686159844,0.25806451612903225,0.03236813843250275
vision.final,mean,random_projection,0,305,has_crown_color::black,has_crown_color,155,45,110,0.29032257199287415,75,24,51,2.7371697425842285,0.704248366013072,0.46511627906976744,0.03236813843250275
vision.final,mean,random_projection,0,306,has_crown_color::white,has_crown_color,155,20,135,0.12903225421905518,75,10,65,1.7806212902069092,0.8307692307692308,0.36363636363636365,0.03236813843250275
vision.final,mean,random_projection,0,308,has_crown_color::buff,has_crown_color,155,31,124,0.20000000298023224,75,16,59,3.2369353771209717,0.3125,0.13793103448275862,0.03236813843250275
vision.final,mean,random_projection,0,309,has_wing_pattern::solid,has_wing_pattern,151,32,119,0.21192052960395813,72,18,54,2.6930155754089355,0.6944444444444444,0.5294117647058824,0.03236813843250275
vision.final,mean,random_projection,0,310,has_wing_pattern::spotted,has_wing_pattern,151,31,120,0.20529800653457642,72,7,65,2.3365578651428223,0.7120879120879121,0.38095238095238093,0.03236813843250275
vision.final,mean,random_projection,0,311,has_wing_pattern::striped,has_wing_pattern,151,55,96,0.3642384111881256,72,33,39,3.094512462615967,0.6208236208236209,0.32,0.03236813843250275
vision.final,mean,random_projection,0,312,has_wing_pattern::multi-colored,has_wing_pattern,151,33,118,0.21854305267333984,72,14,58,2.2331926822662354,0.520935960591133,0.34285714285714286,0.03236813843250275
vision.final,mean,random_projection,1,2,has_bill_shape::dagger,has_bill_shape,160,14,146,0.08749999850988388,76,4,72,3.162184238433838,0.8194444444444444,0.14285714285714285,0.030768509954214096
vision.final,mean,random_projection,1,5,has_bill_shape::hooked_seabird,has_bill_shape,160,15,145,0.09375,76,3,73,3.0635781288146973,0.9680365296803652,0.46153846153846156,0.030768509954214096
vision.final,mean,random_projection,1,7,has_bill_shape::all-purpose,has_bill_shape,160,66,94,0.4124999940395355,76,34,42,2.227874517440796,0.6736694677871149,0.40816326530612246,0.030768509954214096
vision.final,mean,random_projection,1,8,has_bill_shape::cone,has_bill_shape,160,44,116,0.2750000059604645,76,21,55,2.772343635559082,0.7636363636363637,0.5454545454545454,0.030768509954214096
vision.final,mean,random_projection,1,96,has_head_pattern::malar,has_head_pattern,156,16,140,0.10256410390138626,76,10,66,2.7899882793426514,0.5257575757575758,0.11764705882352941,0.030768509954214096
vision.final,mean,random_projection,1,100,has_head_pattern::eyebrow,has_head_pattern,156,30,126,0.19230769574642181,76,14,62,3.2561230659484863,0.6486175115207373,0.4,0.030768509954214096
vision.final,mean,random_projection,1,101,has_head_pattern::eyering,has_head_pattern,156,25,131,0.16025641560554504,76,16,60,2.907356023788452,0.7260416666666667,0.4864864864864865,0.030768509954214096
vision.final,mean,random_projection,1,102,has_head_pattern::plain,has_head_pattern,156,37,119,0.2371794879436493,76,13,63,3.2431936264038086,0.811965811965812,0.46153846153846156,0.030768509954214096
vision.final,mean,random_projection,1,103,has_head_pattern::eyeline,has_head_pattern,156,18,138,0.11538461595773697,76,7,69,2.827115058898926,0.4658385093167702,0.2222222222222222,0.030768509954214096
vision.final,mean,random_projection,1,104,has_head_pattern::striped,has_head_pattern,156,15,141,0.09615384787321091,76,14,62,2.757498264312744,0.6117511520737328,0.18181818181818182,0.030768509954214096
vision.final,mean,random_projection,1,105,has_head_pattern::capped,has_head_pattern,156,16,140,0.10256410390138626,76,9,67,3.041959762573242,0.48092868988391374,0.0,0.030768509954214096
vision.final,mean,random_projection,1,107,has_breast_color::brown,has_breast_color,145,29,116,0.20000000298023224,75,14,61,2.8170325756073,0.7014051522248244,0.3076923076923077,0.030768509954214096
vision.final,mean,random_projection,1,111,has_breast_color::grey,has_breast_color,145,40,105,0.27586206793785095,75,19,56,3.272995948791504,0.5930451127819549,0.26666666666666666,0.030768509954214096
vision.final,mean,random_projection,1,117,has_breast_color::black,has_breast_color,145,50,95,0.3448275923728943,75,30,45,2.698460578918457,0.6037037037037037,0.391304347826087,0.030768509954214096
vision.final,mean,random_projection,1,118,has_breast_color::white,has_breast_color,145,51,94,0.35172414779663086,75,41,34,2.7685704231262207,0.5853658536585366,0.47619047619047616,0.030768509954214096
vision.final,mean,random_projection,1,120,has_breast_color::buff,has_breast_color,145,52,93,0.35862070322036743,75,26,49,3.0437967777252197,0.533751962323391,0.2222222222222222,0.030768509954214096
vision.final,mean,random_projection,1,294,has_crown_color::blue,has_crown_color,155,11,144,0.07096774131059647,75,4,71,5.518575668334961,0.9964788732394366,0.8,0.030768509954214096
vision.final,mean,random_projection,1,295,has_crown_color::brown,has_crown_color,155,60,95,0.3870967626571655,75,33,42,2.6004252433776855,0.6284271284271284,0.45614035087719296,0.030768509954214096
vision.final,mean,random_projection,1,299,has_crown_color::grey,has_crown_color,155,36,119,0.23225806653499603,75,18,57,2.6303014755249023,0.6159844054580896,0.1935483870967742,0.030768509954214096
vision.final,mean,random_projection,1,305,has_crown_color::black,has_crown_color,155,45,110,0.29032257199287415,75,24,51,2.6646811962127686,0.6209150326797386,0.43902439024390244,0.030768509954214096
vision.final,mean,random_projection,1,306,has_crown_color::white,has_crown_color,155,20,135,0.12903225421905518,75,10,65,2.915543794631958,0.6323076923076923,0.4,0.030768509954214096
vision.final,mean,random_projection,1,308,has_crown_color::buff,has_crown_color,155,31,124,0.20000000298023224,75,16,59,3.237328052520752,0.4163135593220339,0.0,0.030768509954214096
vision.final,mean,random_projection,1,309,has_wing_pattern::solid,has_wing_pattern,151,32,119,0.21192052960395813,72,18,54,3.622452735900879,0.5864197530864198,0.3225806451612903,0.030768509954214096
vision.final,mean,random_projection,1,310,has_wing_pattern::spotted,has_wing_pattern,151,31,120,0.20529800653457642,72,7,65,2.6889402866363525,0.7208791208791209,0.27586206896551724,0.030768509954214096
vision.final,mean,random_projection,1,311,has_wing_pattern::striped,has_wing_pattern,151,55,96,0.3642384111881256,72,33,39,2.7612953186035156,0.5734265734265734,0.30434782608695654,0.030768509954214096
vision.final,mean,random_projection,1,312,has_wing_pattern::multi-colored,has_wing_pattern,151,33,118,0.21854305267333984,72,14,58,2.137493848800659,0.5591133004926109,0.1935483870967742,0.030768509954214096
vision.final,mean,random_projection,2,2,has_bill_shape::dagger,has_bill_shape,160,14,146,0.08749999850988388,76,4,72,2.9815545082092285,0.7604166666666666,0.23529411764705882,0.03275870904326439
vision.final,mean,random_projection,2,5,has_bill_shape::hooked_seabird,has_bill_shape,160,15,145,0.09375,76,3,73,2.5002174377441406,0.9863013698630136,0.46153846153846156,0.03275870904326439
vision.final,mean,random_projection,2,7,has_bill_shape::all-purpose,has_bill_shape,160,66,94,0.4124999940395355,76,34,42,2.770045280456543,0.6855742296918768,0.44,0.03275870904326439
vision.final,mean,random_projection,2,8,has_bill_shape::cone,has_bill_shape,160,44,116,0.2750000059604645,76,21,55,3.397641181945801,0.6987012987012987,0.5714285714285714,0.03275870904326439
vision.final,mean,random_projection,2,96,has_head_pattern::malar,has_head_pattern,156,16,140,0.10256410390138626,76,10,66,2.5786185264587402,0.5878787878787879,0.0,0.03275870904326439
vision.final,mean,random_projection,2,100,has_head_pattern::eyebrow,has_head_pattern,156,30,126,0.19230769574642181,76,14,62,2.397860050201416,0.6428571428571429,0.4375,0.03275870904326439
vision.final,mean,random_projection,2,101,has_head_pattern::eyering,has_head_pattern,156,25,131,0.16025641560554504,76,16,60,2.7415618896484375,0.6333333333333333,0.34285714285714286,0.03275870904326439
vision.final,mean,random_projection,2,102,has_head_pattern::plain,has_head_pattern,156,37,119,0.2371794879436493,76,13,63,3.14862322807312,0.7045177045177046,0.42857142857142855,0.03275870904326439
vision.final,mean,random_projection,2,103,has_head_pattern::eyeline,has_head_pattern,156,18,138,0.11538461595773697,76,7,69,3.487541675567627,0.34575569358178054,0.0,0.03275870904326439
vision.final,mean,random_projection,2,104,has_head_pattern::striped,has_head_pattern,156,15,141,0.09615384787321091,76,14,62,3.2452237606048584,0.6474654377880185,0.2857142857142857,0.03275870904326439
vision.final,mean,random_projection,2,105,has_head_pattern::capped,has_head_pattern,156,16,140,0.10256410390138626,76,9,67,2.8042373657226562,0.49585406301824214,0.0,0.03275870904326439
vision.final,mean,random_projection,2,107,has_breast_color::brown,has_breast_color,145,29,116,0.20000000298023224,75,14,61,2.9297854900360107,0.550351288056206,0.21428571428571427,0.03275870904326439
vision.final,mean,random_projection,2,111,has_breast_color::grey,has_breast_color,145,40,105,0.27586206793785095,75,19,56,3.4592690467834473,0.525375939849624,0.23529411764705882,0.03275870904326439
vision.final,mean,random_projection,2,117,has_breast_color::black,has_breast_color,145,50,95,0.3448275923728943,75,30,45,2.290656089782715,0.6044444444444445,0.53125,0.03275870904326439
vision.final,mean,random_projection,2,118,has_breast_color::white,has_breast_color,145,51,94,0.35172414779663086,75,41,34,2.6728157997131348,0.533715925394548,0.36363636363636365,0.03275870904326439
vision.final,mean,random_projection,2,120,has_breast_color::buff,has_breast_color,145,52,93,0.35862070322036743,75,26,49,2.9474759101867676,0.5141287284144427,0.32558139534883723,0.03275870904326439
vision.final,mean,random_projection,2,294,has_crown_color::blue,has_crown_color,155,11,144,0.07096774131059647,75,4,71,2.6390960216522217,0.9894366197183099,0.7272727272727273,0.03275870904326439
vision.final,mean,random_projection,2,295,has_crown_color::brown,has_crown_color,155,60,95,0.3870967626571655,75,33,42,2.858553171157837,0.5634920634920635,0.39285714285714285,0.03275870904326439
vision.final,mean,random_projection,2,299,has_crown_color::grey,has_crown_color,155,36,119,0.23225806653499603,75,18,57,2.5325865745544434,0.5799220272904484,0.3076923076923077,0.03275870904326439
vision.final,mean,random_projection,2,305,has_crown_color::black,has_crown_color,155,45,110,0.29032257199287415,75,24,51,2.6006109714508057,0.6535947712418301,0.4782608695652174,0.03275870904326439
vision.final,mean,random_projection,2,306,has_crown_color::white,has_crown_color,155,20,135,0.12903225421905518,75,10,65,2.587883710861206,0.7138461538461538,0.42105263157894735,0.03275870904326439
vision.final,mean,random_projection,2,308,has_crown_color::buff,has_crown_color,155,31,124,0.20000000298023224,75,16,59,2.9419422149658203,0.4947033898305085,0.06896551724137931,0.03275870904326439
vision.final,mean,random_projection,2,309,has_wing_pattern::solid,has_wing_pattern,151,32,119,0.21192052960395813,72,18,54,3.1105175018310547,0.6995884773662552,0.48484848484848486,0.03275870904326439
vision.final,mean,random_projection,2,310,has_wing_pattern::spotted,has_wing_pattern,151,31,120,0.20529800653457642,72,7,65,2.819359540939331,0.8153846153846154,0.4,0.03275870904326439
vision.final,mean,random_projection,2,311,has_wing_pattern::striped,has_wing_pattern,151,55,96,0.3642384111881256,72,33,39,2.6297709941864014,0.5446775446775447,0.5185185185185185,0.03275870904326439
vision.final,mean,random_projection,2,312,has_wing_pattern::multi-colored,has_wing_pattern,151,33,118,0.21854305267333984,72,14,58,2.144740581512451,0.5566502463054187,0.1875,0.03275870904326439
projector.output,mean,primary,0,2,has_bill_shape::dagger,has_bill_shape,160,14,146,0.08749999850988388,76,4,72,10.570018768310547,0.8854166666666666,0.25,0.01079320814460516
projector.output,mean,primary,0,5,has_bill_shape::hooked_seabird,has_bill_shape,160,15,145,0.09375,76,3,73,6.486009120941162,0.9863013698630136,0.5454545454545454,0.01079320814460516
projector.output,mean,primary,0,7,has_bill_shape::all-purpose,has_bill_shape,160,66,94,0.4124999940395355,76,34,42,4.6006550788879395,0.6967787114845938,0.49056603773584906,0.01079320814460516
projector.output,mean,primary,0,8,has_bill_shape::cone,has_bill_shape,160,44,116,0.2750000059604645,76,21,55,4.858095645904541,0.8147186147186147,0.625,0.01079320814460516
projector.output,mean,primary,0,96,has_head_pattern::malar,has_head_pattern,156,16,140,0.10256410390138626,76,10,66,5.236518859863281,0.5787878787878787,0.09523809523809523,0.01079320814460516
projector.output,mean,primary,0,100,has_head_pattern::eyebrow,has_head_pattern,156,30,126,0.19230769574642181,76,14,62,4.317365646362305,0.6797235023041475,0.46153846153846156,0.01079320814460516
projector.output,mean,primary,0,101,has_head_pattern::eyering,has_head_pattern,156,25,131,0.16025641560554504,76,16,60,5.238365650177002,0.6895833333333333,0.29411764705882354,0.01079320814460516
projector.output,mean,primary,0,102,has_head_pattern::plain,has_head_pattern,156,37,119,0.2371794879436493,76,13,63,4.819849014282227,0.7484737484737485,0.5185185185185185,0.01079320814460516
projector.output,mean,primary,0,103,has_head_pattern::eyeline,has_head_pattern,156,18,138,0.11538461595773697,76,7,69,4.487119197845459,0.34368530020703936,0.0,0.01079320814460516
projector.output,mean,primary,0,104,has_head_pattern::striped,has_head_pattern,156,15,141,0.09615384787321091,76,14,62,4.728885173797607,0.6002304147465438,0.2222222222222222,0.01079320814460516
projector.output,mean,primary,0,105,has_head_pattern::capped,has_head_pattern,156,16,140,0.10256410390138626,76,9,67,4.8284125328063965,0.41625207296849087,0.10526315789473684,0.01079320814460516
projector.output,mean,primary,0,107,has_breast_color::brown,has_breast_color,145,29,116,0.20000000298023224,75,14,61,5.904964923858643,0.5644028103044496,0.16,0.01079320814460516
projector.output,mean,primary,0,111,has_breast_color::grey,has_breast_color,145,40,105,0.27586206793785095,75,19,56,5.2031402587890625,0.5244360902255639,0.07692307692307693,0.01079320814460516
projector.output,mean,primary,0,117,has_breast_color::black,has_breast_color,145,50,95,0.3448275923728943,75,30,45,4.146954536437988,0.5162962962962963,0.18181818181818182,0.01079320814460516
projector.output,mean,primary,0,118,has_breast_color::white,has_breast_color,145,51,94,0.35172414779663086,75,41,34,4.253232479095459,0.6262553802008608,0.5396825396825397,0.01079320814460516
projector.output,mean,primary,0,120,has_breast_color::buff,has_breast_color,145,52,93,0.35862070322036743,75,26,49,4.957040786743164,0.5557299843014128,0.425531914893617,0.01079320814460516
projector.output,mean,primary,0,294,has_crown_color::blue,has_crown_color,155,11,144,0.07096774131059647,75,4,71,6.690150737762451,1.0,0.8,0.01079320814460516
projector.output,mean,primary,0,295,has_crown_color::brown,has_crown_color,155,60,95,0.3870967626571655,75,33,42,4.6419677734375,0.6291486291486291,0.45614035087719296,0.01079320814460516
projector.output,mean,primary,0,299,has_crown_color::grey,has_crown_color,155,36,119,0.23225806653499603,75,18,57,3.9431357383728027,0.5721247563352827,0.43243243243243246,0.01079320814460516
projector.output,mean,primary,0,305,has_crown_color::black,has_crown_color,155,45,110,0.29032257199287415,75,24,51,4.37143087387085,0.6993464052287581,0.55,0.01079320814460516
projector.output,mean,primary,0,306,has_crown_color::white,has_crown_color,155,20,135,0.12903225421905518,75,10,65,3.800978899002075,0.703076923076923,0.45454545454545453,0.01079320814460516
projector.output,mean,primary,0,308,has_crown_color::buff,has_crown_color,155,31,124,0.20000000298023224,75,16,59,4.6280107498168945,0.336864406779661,0.1935483870967742,0.01079320814460516
projector.output,mean,primary,0,309,has_wing_pattern::solid,has_wing_pattern,151,32,119,0.21192052960395813,72,18,54,5.004181385040283,0.727366255144033,0.5,0.01079320814460516
projector.output,mean,primary,0,310,has_wing_pattern::spotted,has_wing_pattern,151,31,120,0.20529800653457642,72,7,65,4.837616920471191,0.7538461538461538,0.36363636363636365,0.01079320814460516
projector.output,mean,primary,0,311,has_wing_pattern::striped,has_wing_pattern,151,55,96,0.3642384111881256,72,33,39,4.330070495605469,0.6278166278166278,0.38461538461538464,0.01079320814460516
projector.output,mean,primary,0,312,has_wing_pattern::multi-colored,has_wing_pattern,151,33,118,0.21854305267333984,72,14,58,4.490221977233887,0.6416256157635468,0.4,0.01079320814460516
projector.output,mean,primary,1,2,has_bill_shape::dagger,has_bill_shape,160,14,146,0.08749999850988388,76,4,72,9.661006927490234,0.90625,0.4444444444444444,0.011163124814629555
projector.output,mean,primary,1,5,has_bill_shape::hooked_seabird,has_bill_shape,160,15,145,0.09375,76,3,73,6.479648113250732,0.9863013698630136,0.5454545454545454,0.011163124814629555
projector.output,mean,primary,1,7,has_bill_shape::all-purpose,has_bill_shape,160,66,94,0.4124999940395355,76,34,42,4.4910173416137695,0.7065826330532213,0.5283018867924528,0.011163124814629555
projector.output,mean,primary,1,8,has_bill_shape::cone,has_bill_shape,160,44,116,0.2750000059604645,76,21,55,4.702932357788086,0.8086580086580086,0.625,0.011163124814629555
projector.output,mean,primary,1,96,has_head_pattern::malar,has_head_pattern,156,16,140,0.10256410390138626,76,10,66,5.197896957397461,0.5742424242424242,0.09523809523809523,0.011163124814629555
projector.output,mean,primary,1,100,has_head_pattern::eyebrow,has_head_pattern,156,30,126,0.19230769574642181,76,14,62,4.332812786102295,0.6866359447004609,0.46153846153846156,0.011163124814629555
projector.output,mean,primary,1,101,has_head_pattern::eyering,has_head_pattern,156,25,131,0.16025641560554504,76,16,60,5.269686698913574,0.6864583333333333,0.29411764705882354,0.011163124814629555
projector.output,mean,primary,1,102,has_head_pattern::plain,has_head_pattern,156,37,119,0.2371794879436493,76,13,63,4.963550090789795,0.746031746031746,0.5185185185185185,0.011163124814629555
projector.output,mean,primary,1,103,has_head_pattern::eyeline,has_head_pattern,156,18,138,0.11538461595773697,76,7,69,4.327069282531738,0.36024844720496896,0.0,0.011163124814629555
projector.output,mean,primary,1,104,has_head_pattern::striped,has_head_pattern,156,15,141,0.09615384787321091,76,14,62,4.5836181640625,0.5967741935483871,0.2222222222222222,0.011163124814629555
projector.output,mean,primary,1,105,has_head_pattern::capped,has_head_pattern,156,16,140,0.10256410390138626,76,9,67,4.654306411743164,0.41625207296849087,0.10526315789473684,0.011163124814629555
projector.output,mean,primary,1,107,has_breast_color::brown,has_breast_color,145,29,116,0.20000000298023224,75,14,61,5.965926170349121,0.5480093676814989,0.16,0.011163124814629555
projector.output,mean,primary,1,111,has_breast_color::grey,has_breast_color,145,40,105,0.27586206793785095,75,19,56,5.236432075500488,0.5244360902255639,0.0,0.011163124814629555
projector.output,mean,primary,1,117,has_breast_color::black,has_breast_color,145,50,95,0.3448275923728943,75,30,45,4.134020805358887,0.5148148148148148,0.18181818181818182,0.011163124814629555
projector.output,mean,primary,1,118,has_breast_color::white,has_breast_color,145,51,94,0.35172414779663086,75,41,34,4.1871113777160645,0.6233859397417504,0.5396825396825397,0.011163124814629555
projector.output,mean,primary,1,120,has_breast_color::buff,has_breast_color,145,52,93,0.35862070322036743,75,26,49,5.065622329711914,0.5486656200941915,0.35555555555555557,0.011163124814629555
projector.output,mean,primary,1,294,has_crown_color::blue,has_crown_color,155,11,144,0.07096774131059647,75,4,71,6.493295669555664,1.0,0.8,0.011163124814629555
projector.output,mean,primary,1,295,has_crown_color::brown,has_crown_color,155,60,95,0.3870967626571655,75,33,42,4.724125862121582,0.6356421356421357,0.45614035087719296,0.011163124814629555
projector.output,mean,primary,1,299,has_crown_color::grey,has_crown_color,155,36,119,0.23225806653499603,75,18,57,3.917448043823242,0.5740740740740741,0.43243243243243246,0.011163124814629555
projector.output,mean,primary,1,305,has_crown_color::black,has_crown_color,155,45,110,0.29032257199287415,75,24,51,4.398096084594727,0.704248366013072,0.55,0.011163124814629555
projector.output,mean,primary,1,306,has_crown_color::white,has_crown_color,155,20,135,0.12903225421905518,75,10,65,3.711742639541626,0.7,0.4166666666666667,0.011163124814629555
projector.output,mean,primary,1,308,has_crown_color::buff,has_crown_color,155,31,124,0.20000000298023224,75,16,59,4.490071773529053,0.3421610169491525,0.13333333333333333,0.011163124814629555
projector.output,mean,primary,1,309,has_wing_pattern::solid,has_wing_pattern,151,32,119,0.21192052960395813,72,18,54,5.193910121917725,0.73559670781893,0.5185185185185185,0.011163124814629555
projector.output,mean,primary,1,310,has_wing_pattern::spotted,has_wing_pattern,151,31,120,0.20529800653457642,72,7,65,4.813697814941406,0.7538461538461538,0.34782608695652173,0.011163124814629555
projector.output,mean,primary,1,311,has_wing_pattern::striped,has_wing_pattern,151,55,96,0.3642384111881256,72,33,39,4.349278926849365,0.634032634032634,0.3673469387755102,0.011163124814629555
projector.output,mean,primary,1,312,has_wing_pattern::multi-colored,has_wing_pattern,151,33,118,0.21854305267333984,72,14,58,4.287138938903809,0.6379310344827587,0.3902439024390244,0.011163124814629555
projector.output,mean,primary,2,2,has_bill_shape::dagger,has_bill_shape,160,14,146,0.08749999850988388,76,4,72,10.384546279907227,0.8958333333333334,0.2222222222222222,0.010815617628395557
projector.output,mean,primary,2,5,has_bill_shape::hooked_seabird,has_bill_shape,160,15,145,0.09375,76,3,73,6.380148410797119,0.9863013698630136,0.5454545454545454,0.010815617628395557
projector.output,mean,primary,2,7,has_bill_shape::all-purpose,has_bill_shape,160,66,94,0.4124999940395355,76,34,42,4.44320011138916,0.7044817927170869,0.5,0.010815617628395557
projector.output,mean,primary,2,8,has_bill_shape::cone,has_bill_shape,160,44,116,0.2750000059604645,76,21,55,4.9561686515808105,0.8103896103896104,0.625,0.010815617628395557
projector.output,mean,primary,2,96,has_head_pattern::malar,has_head_pattern,156,16,140,0.10256410390138626,76,10,66,5.138997554779053,0.5803030303030303,0.09523809523809523,0.010815617628395557
projector.output,mean,primary,2,100,has_head_pattern::eyebrow,has_head_pattern,156,30,126,0.19230769574642181,76,14,62,4.538097381591797,0.6866359447004609,0.46153846153846156,0.010815617628395557
projector.output,mean,primary,2,101,has_head_pattern::eyering,has_head_pattern,156,25,131,0.16025641560554504,76,16,60,5.395966529846191,0.6895833333333333,0.34285714285714286,0.010815617628395557
projector.output,mean,primary,2,102,has_head_pattern::plain,has_head_pattern,156,37,119,0.2371794879436493,76,13,63,4.9070210456848145,0.7521367521367521,0.5185185185185185,0.010815617628395557
projector.output,mean,primary,2,103,has_head_pattern::eyeline,has_head_pattern,156,18,138,0.11538461595773697,76,7,69,4.430610656738281,0.36024844720496896,0.0,0.010815617628395557
projector.output,mean,primary,2,104,has_head_pattern::striped,has_head_pattern,156,15,141,0.09615384787321091,76,14,62,4.473755836486816,0.5898617511520737,0.20689655172413793,0.010815617628395557
projector.output,mean,primary,2,105,has_head_pattern::capped,has_head_pattern,156,16,140,0.10256410390138626,76,9,67,4.653402328491211,0.4228855721393035,0.0,0.010815617628395557
projector.output,mean,primary,2,107,has_breast_color::brown,has_breast_color,145,29,116,0.20000000298023224,75,14,61,5.655688762664795,0.5433255269320844,0.23076923076923078,0.010815617628395557
projector.output,mean,primary,2,111,has_breast_color::grey,has_breast_color,145,40,105,0.27586206793785095,75,19,56,5.309429168701172,0.5263157894736842,0.0,0.010815617628395557
projector.output,mean,primary,2,117,has_breast_color::black,has_breast_color,145,50,95,0.3448275923728943,75,30,45,4.387807846069336,0.5311111111111111,0.18181818181818182,0.010815617628395557
projector.output,mean,primary,2,118,has_breast_color::white,has_breast_color,145,51,94,0.35172414779663086,75,41,34,4.164289474487305,0.6183644189383071,0.53125,0.010815617628395557
projector.output,mean,primary,2,120,has_breast_color::buff,has_breast_color,145,52,93,0.35862070322036743,75,26,49,4.978250980377197,0.554160125588697,0.36363636363636365,0.010815617628395557
projector.output,mean,primary,2,294,has_crown_color::blue,has_crown_color,155,11,144,0.07096774131059647,75,4,71,6.560951232910156,1.0,0.8,0.010815617628395557
projector.output,mean,primary,2,295,has_crown_color::brown,has_crown_color,155,60,95,0.3870967626571655,75,33,42,4.639240264892578,0.6356421356421357,0.45614035087719296,0.010815617628395557
projector.output,mean,primary,2,299,has_crown_color::grey,has_crown_color,155,36,119,0.23225806653499603,75,18,57,4.163848400115967,0.5653021442495126,0.4444444444444444,0.010815617628395557
projector.output,mean,primary,2,305,has_crown_color::black,has_crown_color,155,45,110,0.29032257199287415,75,24,51,4.4795122146606445,0.7034313725490197,0.55,0.010815617628395557
projector.output,mean,primary,2,306,has_crown_color::white,has_crown_color,155,20,135,0.12903225421905518,75,10,65,3.8809094429016113,0.7107692307692308,0.45454545454545453,0.010815617628395557
projector.output,mean,primary,2,308,has_crown_color::buff,has_crown_color,155,31,124,0.20000000298023224,75,16,59,4.624046802520752,0.336864406779661,0.12903225806451613,0.010815617628395557
projector.output,mean,primary,2,309,has_wing_pattern::solid,has_wing_pattern,151,32,119,0.21192052960395813,72,18,54,5.082993507385254,0.7304526748971193,0.5185185185185185,0.010815617628395557
projector.output,mean,primary,2,310,has_wing_pattern::spotted,has_wing_pattern,151,31,120,0.20529800653457642,72,7,65,4.806715488433838,0.7450549450549451,0.3333333333333333,0.010815617628395557
projector.output,mean,primary,2,311,has_wing_pattern::striped,has_wing_pattern,151,55,96,0.3642384111881256,72,33,39,4.301677227020264,0.6332556332556333,0.41509433962264153,0.010815617628395557
projector.output,mean,primary,2,312,has_wing_pattern::multi-colored,has_wing_pattern,151,33,118,0.21854305267333984,72,14,58,4.319585800170898,0.6391625615763546,0.3902439024390244,0.010815617628395557
projector.output,mean,prevalence,-1,2,has_bill_shape::dagger,has_bill_shape,160,14,146,0.08749999850988388,76,4,72,0.0,0.5,0.0,nan
projector.output,mean,prevalence,-1,5,has_bill_shape::hooked_seabird,has_bill_shape,160,15,145,0.09375,76,3,73,0.0,0.5,0.0,nan
projector.output,mean,prevalence,-1,7,has_bill_shape::all-purpose,has_bill_shape,160,66,94,0.4124999940395355,76,34,42,0.0,0.5,0.0,nan
projector.output,mean,prevalence,-1,8,has_bill_shape::cone,has_bill_shape,160,44,116,0.2750000059604645,76,21,55,0.0,0.5,0.0,nan
projector.output,mean,prevalence,-1,96,has_head_pattern::malar,has_head_pattern,156,16,140,0.10256410390138626,76,10,66,0.0,0.5,0.0,nan
projector.output,mean,prevalence,-1,100,has_head_pattern::eyebrow,has_head_pattern,156,30,126,0.19230769574642181,76,14,62,0.0,0.5,0.0,nan
projector.output,mean,prevalence,-1,101,has_head_pattern::eyering,has_head_pattern,156,25,131,0.16025641560554504,76,16,60,0.0,0.5,0.0,nan
projector.output,mean,prevalence,-1,102,has_head_pattern::plain,has_head_pattern,156,37,119,0.2371794879436493,76,13,63,0.0,0.5,0.0,nan
projector.output,mean,prevalence,-1,103,has_head_pattern::eyeline,has_head_pattern,156,18,138,0.11538461595773697,76,7,69,0.0,0.5,0.0,nan
projector.output,mean,prevalence,-1,104,has_head_pattern::striped,has_head_pattern,156,15,141,0.09615384787321091,76,14,62,0.0,0.5,0.0,nan
projector.output,mean,prevalence,-1,105,has_head_pattern::capped,has_head_pattern,156,16,140,0.10256410390138626,76,9,67,0.0,0.5,0.0,nan
projector.output,mean,prevalence,-1,107,has_breast_color::brown,has_breast_color,145,29,116,0.20000000298023224,75,14,61,0.0,0.5,0.0,nan
projector.output,mean,prevalence,-1,111,has_breast_color::grey,has_breast_color,145,40,105,0.27586206793785095,75,19,56,0.0,0.5,0.0,nan
projector.output,mean,prevalence,-1,117,has_breast_color::black,has_breast_color,145,50,95,0.3448275923728943,75,30,45,0.0,0.5,0.0,nan
projector.output,mean,prevalence,-1,118,has_breast_color::white,has_breast_color,145,51,94,0.35172414779663086,75,41,34,0.0,0.5,0.0,nan
projector.output,mean,prevalence,-1,120,has_breast_color::buff,has_breast_color,145,52,93,0.35862070322036743,75,26,49,0.0,0.5,0.0,nan
projector.output,mean,prevalence,-1,294,has_crown_color::blue,has_crown_color,155,11,144,0.07096774131059647,75,4,71,0.0,0.5,0.0,nan
projector.output,mean,prevalence,-1,295,has_crown_color::brown,has_crown_color,155,60,95,0.3870967626571655,75,33,42,0.0,0.5,0.0,nan
projector.output,mean,prevalence,-1,299,has_crown_color::grey,has_crown_color,155,36,119,0.23225806653499603,75,18,57,0.0,0.5,0.0,nan
projector.output,mean,prevalence,-1,305,has_crown_color::black,has_crown_color,155,45,110,0.29032257199287415,75,24,51,0.0,0.5,0.0,nan
projector.output,mean,prevalence,-1,306,has_crown_color::white,has_crown_color,155,20,135,0.12903225421905518,75,10,65,0.0,0.5,0.0,nan
projector.output,mean,prevalence,-1,308,has_crown_color::buff,has_crown_color,155,31,124,0.20000000298023224,75,16,59,0.0,0.5,0.0,nan
projector.output,mean,prevalence,-1,309,has_wing_pattern::solid,has_wing_pattern,151,32,119,0.21192052960395813,72,18,54,0.0,0.5,0.0,nan
projector.output,mean,prevalence,-1,310,has_wing_pattern::spotted,has_wing_pattern,151,31,120,0.20529800653457642,72,7,65,0.0,0.5,0.0,nan
projector.output,mean,prevalence,-1,311,has_wing_pattern::striped,has_wing_pattern,151,55,96,0.3642384111881256,72,33,39,0.0,0.5,0.0,nan
projector.output,mean,prevalence,-1,312,has_wing_pattern::multi-colored,has_wing_pattern,151,33,118,0.21854305267333984,72,14,58,0.0,0.5,0.0,nan
projector.output,mean,shuffled_labels,0,2,has_bill_shape::dagger,has_bill_shape,160,14,146,0.08749999850988388,76,4,72,7.944954872131348,0.2465277777777778,0.0,0.014447467401623726
projector.output,mean,shuffled_labels,0,5,has_bill_shape::hooked_seabird,has_bill_shape,160,15,145,0.09375,76,3,73,5.840488433837891,0.4292237442922374,0.0,0.014447467401623726
projector.output,mean,shuffled_labels,0,7,has_bill_shape::all-purpose,has_bill_shape,160,66,94,0.4124999940395355,76,34,42,4.266916275024414,0.4586834733893557,0.23529411764705882,0.014447467401623726
projector.output,mean,shuffled_labels,0,8,has_bill_shape::cone,has_bill_shape,160,44,116,0.2750000059604645,76,21,55,4.285973072052002,0.5012987012987012,0.25,0.014447467401623726
projector.output,mean,shuffled_labels,0,96,has_head_pattern::malar,has_head_pattern,156,16,140,0.10256410390138626,76,10,66,7.119009017944336,0.45454545454545453,0.0,0.014447467401623726
projector.output,mean,shuffled_labels,0,100,has_head_pattern::eyebrow,has_head_pattern,156,30,126,0.19230769574642181,76,14,62,3.90002703666687,0.511520737327189,0.25806451612903225,0.014447467401623726
projector.output,mean,shuffled_labels,0,101,has_head_pattern::eyering,has_head_pattern,156,25,131,0.16025641560554504,76,16,60,4.212132453918457,0.4791666666666667,0.2777777777777778,0.014447467401623726
projector.output,mean,shuffled_labels,0,102,has_head_pattern::plain,has_head_pattern,156,37,119,0.2371794879436493,76,13,63,4.101830005645752,0.5164835164835165,0.12121212121212122,0.014447467401623726
projector.output,mean,shuffled_labels,0,103,has_head_pattern::eyeline,has_head_pattern,156,18,138,0.11538461595773697,76,7,69,5.969439506530762,0.4824016563146998,0.0,0.014447467401623726
projector.output,mean,shuffled_labels,0,104,has_head_pattern::striped,has_head_pattern,156,15,141,0.09615384787321091,76,14,62,6.007659435272217,0.5610599078341014,0.24,0.014447467401623726
projector.output,mean,shuffled_labels,0,105,has_head_pattern::capped,has_head_pattern,156,16,140,0.10256410390138626,76,9,67,6.213688373565674,0.4842454394693201,0.11764705882352941,0.014447467401623726
projector.output,mean,shuffled_labels,0,107,has_breast_color::brown,has_breast_color,145,29,116,0.20000000298023224,75,14,61,4.435844421386719,0.4519906323185012,0.12121212121212122,0.014447467401623726
projector.output,mean,shuffled_labels,0,111,has_breast_color::grey,has_breast_color,145,40,105,0.27586206793785095,75,19,56,4.5880045890808105,0.5385338345864662,0.2857142857142857,0.014447467401623726
projector.output,mean,shuffled_labels,0,117,has_breast_color::black,has_breast_color,145,50,95,0.3448275923728943,75,30,45,4.6302337646484375,0.554074074074074,0.32558139534883723,0.014447467401623726
projector.output,mean,shuffled_labels,0,118,has_breast_color::white,has_breast_color,145,51,94,0.35172414779663086,75,41,34,4.178546905517578,0.5416068866571019,0.3870967741935484,0.014447467401623726
projector.output,mean,shuffled_labels,0,120,has_breast_color::buff,has_breast_color,145,52,93,0.35862070322036743,75,26,49,4.464842319488525,0.4474097331240188,0.14634146341463414,0.014447467401623726
projector.output,mean,shuffled_labels,0,294,has_crown_color::blue,has_crown_color,155,11,144,0.07096774131059647,75,4,71,5.921426773071289,0.6056338028169014,0.0,0.014447467401623726
projector.output,mean,shuffled_labels,0,295,has_crown_color::brown,has_crown_color,155,60,95,0.3870967626571655,75,33,42,4.381513595581055,0.43217893217893216,0.23809523809523808,0.014447467401623726
projector.output,mean,shuffled_labels,0,299,has_crown_color::grey,has_crown_color,155,36,119,0.23225806653499603,75,18,57,4.404364585876465,0.42884990253411304,0.17391304347826086,0.014447467401623726
projector.output,mean,shuffled_labels,0,305,has_crown_color::black,has_crown_color,155,45,110,0.29032257199287415,75,24,51,4.404608249664307,0.49836601307189543,0.35,0.014447467401623726
projector.output,mean,shuffled_labels,0,306,has_crown_color::white,has_crown_color,155,20,135,0.12903225421905518,75,10,65,4.626598358154297,0.44,0.0,0.014447467401623726
projector.output,mean,shuffled_labels,0,308,has_crown_color::buff,has_crown_color,155,31,124,0.20000000298023224,75,16,59,3.670429229736328,0.5116525423728814,0.26666666666666666,0.014447467401623726
projector.output,mean,shuffled_labels,0,309,has_wing_pattern::solid,has_wing_pattern,151,32,119,0.21192052960395813,72,18,54,4.24766731262207,0.5895061728395061,0.3157894736842105,0.014447467401623726
projector.output,mean,shuffled_labels,0,310,has_wing_pattern::spotted,has_wing_pattern,151,31,120,0.20529800653457642,72,7,65,3.995122194290161,0.3252747252747253,0.0,0.014447467401623726
projector.output,mean,shuffled_labels,0,311,has_wing_pattern::striped,has_wing_pattern,151,55,96,0.3642384111881256,72,33,39,4.183310031890869,0.4700854700854701,0.38596491228070173,0.014447467401623726
projector.output,mean,shuffled_labels,0,312,has_wing_pattern::multi-colored,has_wing_pattern,151,33,118,0.21854305267333984,72,14,58,3.5291032791137695,0.4642857142857143,0.0,0.014447467401623726
projector.output,mean,shuffled_labels,1,2,has_bill_shape::dagger,has_bill_shape,160,14,146,0.08749999850988388,76,4,72,8.480178833007812,0.5659722222222222,0.2222222222222222,0.014097998850047588
projector.output,mean,shuffled_labels,1,5,has_bill_shape::hooked_seabird,has_bill_shape,160,15,145,0.09375,76,3,73,5.782497882843018,0.547945205479452,0.14285714285714285,0.014097998850047588
projector.output,mean,shuffled_labels,1,7,has_bill_shape::all-purpose,has_bill_shape,160,66,94,0.4124999940395355,76,34,42,4.035329341888428,0.5210084033613446,0.39344262295081966,0.014097998850047588
projector.output,mean,shuffled_labels,1,8,has_bill_shape::cone,has_bill_shape,160,44,116,0.2750000059604645,76,21,55,4.378448486328125,0.6614718614718614,0.4,0.014097998850047588
projector.output,mean,shuffled_labels,1,96,has_head_pattern::malar,has_head_pattern,156,16,140,0.10256410390138626,76,10,66,5.3405914306640625,0.5484848484848485,0.2,0.014097998850047588
projector.output,mean,shuffled_labels,1,100,has_head_pattern::eyebrow,has_head_pattern,156,30,126,0.19230769574642181,76,14,62,4.29463529586792,0.7211981566820277,0.3076923076923077,0.014097998850047588
projector.output,mean,shuffled_labels,1,101,has_head_pattern::eyering,has_head_pattern,156,25,131,0.16025641560554504,76,16,60,5.525064468383789,0.48020833333333335,0.13793103448275862,0.014097998850047588
projector.output,mean,shuffled_labels,1,102,has_head_pattern::plain,has_head_pattern,156,37,119,0.2371794879436493,76,13,63,4.653183937072754,0.3968253968253968,0.06666666666666667,0.014097998850047588
projector.output,mean,shuffled_labels,1,103,has_head_pattern::eyeline,has_head_pattern,156,18,138,0.11538461595773697,76,7,69,6.00170373916626,0.46790890269151136,0.0,0.014097998850047588
projector.output,mean,shuffled_labels,1,104,has_head_pattern::striped,has_head_pattern,156,15,141,0.09615384787321091,76,14,62,4.368488311767578,0.5852534562211982,0.09090909090909091,0.014097998850047588
projector.output,mean,shuffled_labels,1,105,has_head_pattern::capped,has_head_pattern,156,16,140,0.10256410390138626,76,9,67,5.949331760406494,0.4975124378109453,0.125,0.014097998850047588
projector.output,mean,shuffled_labels,1,107,has_breast_color::brown,has_breast_color,145,29,116,0.20000000298023224,75,14,61,4.682004451751709,0.5901639344262295,0.25,0.014097998850047588
projector.output,mean,shuffled_labels,1,111,has_breast_color::grey,has_breast_color,145,40,105,0.27586206793785095,75,19,56,4.119218349456787,0.3355263157894737,0.15789473684210525,0.014097998850047588
projector.output,mean,shuffled_labels,1,117,has_breast_color::black,has_breast_color,145,50,95,0.3448275923728943,75,30,45,4.577415943145752,0.37925925925925924,0.22727272727272727,0.014097998850047588
projector.output,mean,shuffled_labels,1,118,has_breast_color::white,has_breast_color,145,51,94,0.35172414779663086,75,41,34,4.668551921844482,0.45265423242467717,0.22641509433962265,0.014097998850047588
projector.output,mean,shuffled_labels,1,120,has_breast_color::buff,has_breast_color,145,52,93,0.35862070322036743,75,26,49,4.107240676879883,0.42543171114599687,0.17777777777777778,0.014097998850047588
projector.output,mean,shuffled_labels,1,294,has_crown_color::blue,has_crown_color,155,11,144,0.07096774131059647,75,4,71,3.842629909515381,0.2640845070422535,0.0,0.014097998850047588
projector.output,mean,shuffled_labels,1,295,has_crown_color::brown,has_crown_color,155,60,95,0.3870967626571655,75,33,42,4.1956024169921875,0.6731601731601732,0.5555555555555556,0.014097998850047588
projector.output,mean,shuffled_labels,1,299,has_crown_color::grey,has_crown_color,155,36,119,0.23225806653499603,75,18,57,5.281667709350586,0.4142300194931774,0.06060606060606061,0.014097998850047588
projector.output,mean,shuffled_labels,1,305,has_crown_color::black,has_crown_color,155,45,110,0.29032257199287415,75,24,51,4.397040367126465,0.5367647058823529,0.2631578947368421,0.014097998850047588
projector.output,mean,shuffled_labels,1,306,has_crown_color::white,has_crown_color,155,20,135,0.12903225421905518,75,10,65,4.305858612060547,0.3953846153846154,0.06666666666666667,0.014097998850047588
projector.output,mean,shuffled_labels,1,308,has_crown_color::buff,has_crown_color,155,31,124,0.20000000298023224,75,16,59,4.298091888427734,0.5127118644067796,0.14814814814814814,0.014097998850047588
projector.output,mean,shuffled_labels,1,309,has_wing_pattern::solid,has_wing_pattern,151,32,119,0.21192052960395813,72,18,54,4.5056867599487305,0.5216049382716049,0.26666666666666666,0.014097998850047588
projector.output,mean,shuffled_labels,1,310,has_wing_pattern::spotted,has_wing_pattern,151,31,120,0.20529800653457642,72,7,65,4.180880546569824,0.5802197802197803,0.08,0.014097998850047588
projector.output,mean,shuffled_labels,1,311,has_wing_pattern::striped,has_wing_pattern,151,55,96,0.3642384111881256,72,33,39,3.938828706741333,0.49572649572649574,0.2127659574468085,0.014097998850047588
projector.output,mean,shuffled_labels,1,312,has_wing_pattern::multi-colored,has_wing_pattern,151,33,118,0.21854305267333984,72,14,58,4.45952033996582,0.49014778325123154,0.14285714285714285,0.014097998850047588
projector.output,mean,shuffled_labels,2,2,has_bill_shape::dagger,has_bill_shape,160,14,146,0.08749999850988388,76,4,72,6.139146327972412,0.6319444444444444,0.2222222222222222,0.013945949263870716
projector.output,mean,shuffled_labels,2,5,has_bill_shape::hooked_seabird,has_bill_shape,160,15,145,0.09375,76,3,73,11.24725341796875,0.639269406392694,0.0,0.013945949263870716
projector.output,mean,shuffled_labels,2,7,has_bill_shape::all-purpose,has_bill_shape,160,66,94,0.4124999940395355,76,34,42,4.129194259643555,0.4838935574229692,0.28,0.013945949263870716
projector.output,mean,shuffled_labels,2,8,has_bill_shape::cone,has_bill_shape,160,44,116,0.2750000059604645,76,21,55,4.3085103034973145,0.4857142857142857,0.21621621621621623,0.013945949263870716
projector.output,mean,shuffled_labels,2,96,has_head_pattern::malar,has_head_pattern,156,16,140,0.10256410390138626,76,10,66,5.051133155822754,0.5060606060606061,0.10526315789473684,0.013945949263870716
projector.output,mean,shuffled_labels,2,100,has_head_pattern::eyebrow,has_head_pattern,156,30,126,0.19230769574642181,76,14,62,3.927031993865967,0.5714285714285714,0.2777777777777778,0.013945949263870716
projector.output,mean,shuffled_labels,2,101,has_head_pattern::eyering,has_head_pattern,156,25,131,0.16025641560554504,76,16,60,4.100627899169922,0.578125,0.2962962962962963,0.013945949263870716
projector.output,mean,shuffled_labels,2,102,has_head_pattern::plain,has_head_pattern,156,37,119,0.2371794879436493,76,13,63,4.934852123260498,0.36996336996337,0.18181818181818182,0.013945949263870716
projector.output,mean,shuffled_labels,2,103,has_head_pattern::eyeline,has_head_pattern,156,18,138,0.11538461595773697,76,7,69,4.534792900085449,0.4658385093167702,0.11764705882352941,0.013945949263870716
projector.output,mean,shuffled_labels,2,104,has_head_pattern::striped,has_head_pattern,156,15,141,0.09615384787321091,76,14,62,8.501410484313965,0.673963133640553,0.0,0.013945949263870716
projector.output,mean,shuffled_labels,2,105,has_head_pattern::capped,has_head_pattern,156,16,140,0.10256410390138626,76,9,67,8.34142017364502,0.5223880597014925,0.0,0.013945949263870716
projector.output,mean,shuffled_labels,2,107,has_breast_color::brown,has_breast_color,145,29,116,0.20000000298023224,75,14,61,4.23789644241333,0.5362997658079626,0.26666666666666666,0.013945949263870716
projector.output,mean,shuffled_labels,2,111,has_breast_color::grey,has_breast_color,145,40,105,0.27586206793785095,75,19,56,4.332284927368164,0.4906015037593985,0.21428571428571427,0.013945949263870716
projector.output,mean,shuffled_labels,2,117,has_breast_color::black,has_breast_color,145,50,95,0.3448275923728943,75,30,45,4.683292388916016,0.3844444444444444,0.24,0.013945949263870716
projector.output,mean,shuffled_labels,2,118,has_breast_color::white,has_breast_color,145,51,94,0.35172414779663086,75,41,34,4.315808296203613,0.4253945480631277,0.31746031746031744,0.013945949263870716
projector.output,mean,shuffled_labels,2,120,has_breast_color::buff,has_breast_color,145,52,93,0.35862070322036743,75,26,49,4.444950103759766,0.5117739403453689,0.3673469387755102,0.013945949263870716
projector.output,mean,shuffled_labels,2,294,has_crown_color::blue,has_crown_color,155,11,144,0.07096774131059647,75,4,71,8.519516944885254,0.29577464788732394,0.0,0.013945949263870716
projector.output,mean,shuffled_labels,2,295,has_crown_color::brown,has_crown_color,155,60,95,0.3870967626571655,75,33,42,4.592126846313477,0.5346320346320347,0.24,0.013945949263870716
projector.output,mean,shuffled_labels,2,299,has_crown_color::grey,has_crown_color,155,36,119,0.23225806653499603,75,18,57,4.739047050476074,0.5194931773879142,0.3225806451612903,0.013945949263870716
projector.output,mean,shuffled_labels,2,305,has_crown_color::black,has_crown_color,155,45,110,0.29032257199287415,75,24,51,4.012997627258301,0.4918300653594771,0.26666666666666666,0.013945949263870716
projector.output,mean,shuffled_labels,2,306,has_crown_color::white,has_crown_color,155,20,135,0.12903225421905518,75,10,65,4.597283840179443,0.2784615384615385,0.07692307692307693,0.013945949263870716
projector.output,mean,shuffled_labels,2,308,has_crown_color::buff,has_crown_color,155,31,124,0.20000000298023224,75,16,59,4.520854473114014,0.4650423728813559,0.14814814814814814,0.013945949263870716
projector.output,mean,shuffled_labels,2,309,has_wing_pattern::solid,has_wing_pattern,151,32,119,0.21192052960395813,72,18,54,4.898460388183594,0.6275720164609053,0.4,0.013945949263870716
projector.output,mean,shuffled_labels,2,310,has_wing_pattern::spotted,has_wing_pattern,151,31,120,0.20529800653457642,72,7,65,5.15859842300415,0.5384615384615384,0.13333333333333333,0.013945949263870716
projector.output,mean,shuffled_labels,2,311,has_wing_pattern::striped,has_wing_pattern,151,55,96,0.3642384111881256,72,33,39,3.848283290863037,0.5198135198135199,0.2857142857142857,0.013945949263870716
projector.output,mean,shuffled_labels,2,312,has_wing_pattern::multi-colored,has_wing_pattern,151,33,118,0.21854305267333984,72,14,58,5.340555667877197,0.44950738916256155,0.18181818181818182,0.013945949263870716
projector.output,mean,random_projection,0,2,has_bill_shape::dagger,has_bill_shape,160,14,146,0.08749999850988388,76,4,72,1.9619736671447754,0.625,0.2857142857142857,0.06570009142160416
projector.output,mean,random_projection,0,5,has_bill_shape::hooked_seabird,has_bill_shape,160,15,145,0.09375,76,3,73,1.6736702919006348,0.958904109589041,0.4444444444444444,0.06570009142160416
projector.output,mean,random_projection,0,7,has_bill_shape::all-purpose,has_bill_shape,160,66,94,0.4124999940395355,76,34,42,1.8731352090835571,0.6799719887955182,0.509090909090909,0.06570009142160416
projector.output,mean,random_projection,0,8,has_bill_shape::cone,has_bill_shape,160,44,116,0.2750000059604645,76,21,55,1.6153143644332886,0.7783549783549784,0.5,0.06570009142160416
projector.output,mean,random_projection,0,96,has_head_pattern::malar,has_head_pattern,156,16,140,0.10256410390138626,76,10,66,1.0064882040023804,0.48333333333333334,0.1,0.06570009142160416
projector.output,mean,random_projection,0,100,has_head_pattern::eyebrow,has_head_pattern,156,30,126,0.19230769574642181,76,14,62,1.576807975769043,0.5426267281105991,0.35714285714285715,0.06570009142160416
projector.output,mean,random_projection,0,101,has_head_pattern::eyering,has_head_pattern,156,25,131,0.16025641560554504,76,16,60,1.2913718223571777,0.7822916666666667,0.5925925925925926,0.06570009142160416
projector.output,mean,random_projection,0,102,has_head_pattern::plain,has_head_pattern,156,37,119,0.2371794879436493,76,13,63,1.8638601303100586,0.7350427350427351,0.4827586206896552,0.06570009142160416
projector.output,mean,random_projection,0,103,has_head_pattern::eyeline,has_head_pattern,156,18,138,0.11538461595773697,76,7,69,1.3506441116333008,0.35610766045548653,0.0,0.06570009142160416
projector.output,mean,random_projection,0,104,has_head_pattern::striped,has_head_pattern,156,15,141,0.09615384787321091,76,14,62,1.3923290967941284,0.5898617511520737,0.23076923076923078,0.06570009142160416
projector.output,mean,random_projection,0,105,has_head_pattern::capped,has_head_pattern,156,16,140,0.10256410390138626,76,9,67,1.2635117769241333,0.4129353233830846,0.0,0.06570009142160416
projector.output,mean,random_projection,0,107,has_breast_color::brown,has_breast_color,145,29,116,0.20000000298023224,75,14,61,2.381068229675293,0.6592505854800936,0.14814814814814814,0.06570009142160416
projector.output,mean,random_projection,0,111,has_breast_color::grey,has_breast_color,145,40,105,0.27586206793785095,75,19,56,1.3826379776000977,0.5695488721804511,0.34285714285714286,0.06570009142160416
projector.output,mean,random_projection,0,117,has_breast_color::black,has_breast_color,145,50,95,0.3448275923728943,75,30,45,0.8730555772781372,0.5955555555555555,0.3333333333333333,0.06570009142160416
projector.output,mean,random_projection,0,118,has_breast_color::white,has_breast_color,145,51,94,0.35172414779663086,75,41,34,0.16178381443023682,0.539454806312769,0.4657534246575342,0.06570009142160416
projector.output,mean,random_projection,0,120,has_breast_color::buff,has_breast_color,145,52,93,0.35862070322036743,75,26,49,1.6084948778152466,0.609105180533752,0.43478260869565216,0.06570009142160416
projector.output,mean,random_projection,0,294,has_crown_color::blue,has_crown_color,155,11,144,0.07096774131059647,75,4,71,2.05538272857666,1.0,0.8888888888888888,0.06570009142160416
projector.output,mean,random_projection,0,295,has_crown_color::brown,has_crown_color,155,60,95,0.3870967626571655,75,33,42,1.4748334884643555,0.6067821067821068,0.46875,0.06570009142160416
projector.output,mean,random_projection,0,299,has_crown_color::grey,has_crown_color,155,36,119,0.23225806653499603,75,18,57,0.49220943450927734,0.5964912280701754,0.3125,0.06570009142160416
projector.output,mean,random_projection,0,305,has_crown_color::black,has_crown_color,155,45,110,0.29032257199287415,75,24,51,1.1873793601989746,0.6348039215686274,0.5217391304347826,0.06570009142160416
projector.output,mean,random_projection,0,306,has_crown_color::white,has_crown_color,155,20,135,0.12903225421905518,75,10,65,1.5219664573669434,0.7461538461538462,0.3333333333333333,0.06570009142160416
projector.output,mean,random_projection,0,308,has_crown_color::buff,has_crown_color,155,31,124,0.20000000298023224,75,16,59,1.668484091758728,0.4597457627118644,0.26666666666666666,0.06570009142160416
projector.output,mean,random_projection,0,309,has_wing_pattern::solid,has_wing_pattern,151,32,119,0.21192052960395813,72,18,54,1.9136093854904175,0.7397119341563786,0.38461538461538464,0.06570009142160416
projector.output,mean,random_projection,0,310,has_wing_pattern::spotted,has_wing_pattern,151,31,120,0.20529800653457642,72,7,65,1.2922697067260742,0.7538461538461538,0.36363636363636365,0.06570009142160416
projector.output,mean,random_projection,0,311,has_wing_pattern::striped,has_wing_pattern,151,55,96,0.3642384111881256,72,33,39,1.2373226881027222,0.6441336441336442,0.43636363636363634,0.06570009142160416
projector.output,mean,random_projection,0,312,has_wing_pattern::multi-colored,has_wing_pattern,151,33,118,0.21854305267333984,72,14,58,1.370927095413208,0.6699507389162561,0.46153846153846156,0.06570009142160416
projector.output,mean,random_projection,1,2,has_bill_shape::dagger,has_bill_shape,160,14,146,0.08749999850988388,76,4,72,2.046678066253662,0.7291666666666666,0.2222222222222222,0.06703075021505356
projector.output,mean,random_projection,1,5,has_bill_shape::hooked_seabird,has_bill_shape,160,15,145,0.09375,76,3,73,2.211061477661133,0.9817351598173516,0.5454545454545454,0.06703075021505356
projector.output,mean,random_projection,1,7,has_bill_shape::all-purpose,has_bill_shape,160,66,94,0.4124999940395355,76,34,42,1.6297614574432373,0.6876750700280112,0.5098039215686274,0.06703075021505356
projector.output,mean,random_projection,1,8,has_bill_shape::cone,has_bill_shape,160,44,116,0.2750000059604645,76,21,55,2.129420757293701,0.7670995670995671,0.4864864864864865,0.06703075021505356
projector.output,mean,random_projection,1,96,has_head_pattern::malar,has_head_pattern,156,16,140,0.10256410390138626,76,10,66,1.5115808248519897,0.42727272727272725,0.0,0.06703075021505356
projector.output,mean,random_projection,1,100,has_head_pattern::eyebrow,has_head_pattern,156,30,126,0.19230769574642181,76,14,62,1.2943596839904785,0.6923963133640553,0.38461538461538464,0.06703075021505356
projector.output,mean,random_projection,1,101,has_head_pattern::eyering,has_head_pattern,156,25,131,0.16025641560554504,76,16,60,1.198222041130066,0.6739583333333333,0.5,0.06703075021505356
projector.output,mean,random_projection,1,102,has_head_pattern::plain,has_head_pattern,156,37,119,0.2371794879436493,76,13,63,1.27553129196167,0.7973137973137974,0.5,0.06703075021505356
projector.output,mean,random_projection,1,103,has_head_pattern::eyeline,has_head_pattern,156,18,138,0.11538461595773697,76,7,69,0.7967333793640137,0.567287784679089,0.1,0.06703075021505356
projector.output,mean,random_projection,1,104,has_head_pattern::striped,has_head_pattern,156,15,141,0.09615384787321091,76,14,62,0.8299551010131836,0.6232718894009217,0.24,0.06703075021505356
projector.output,mean,random_projection,1,105,has_head_pattern::capped,has_head_pattern,156,16,140,0.10256410390138626,76,9,67,0.7877770662307739,0.44776119402985076,0.0,0.06703075021505356
projector.output,mean,random_projection,1,107,has_breast_color::brown,has_breast_color,145,29,116,0.20000000298023224,75,14,61,1.7840205430984497,0.5913348946135831,0.20689655172413793,0.06703075021505356
projector.output,mean,random_projection,1,111,has_breast_color::grey,has_breast_color,145,40,105,0.27586206793785095,75,19,56,1.9653611183166504,0.5112781954887218,0.20689655172413793,0.06703075021505356
projector.output,mean,random_projection,1,117,has_breast_color::black,has_breast_color,145,50,95,0.3448275923728943,75,30,45,0.9947594404220581,0.6133333333333333,0.40816326530612246,0.06703075021505356
projector.output,mean,random_projection,1,118,has_breast_color::white,has_breast_color,145,51,94,0.35172414779663086,75,41,34,0.8161090612411499,0.5143472022955524,0.46875,0.06703075021505356
projector.output,mean,random_projection,1,120,has_breast_color::buff,has_breast_color,145,52,93,0.35862070322036743,75,26,49,1.4403016567230225,0.6185243328100472,0.2978723404255319,0.06703075021505356
projector.output,mean,random_projection,1,294,has_crown_color::blue,has_crown_color,155,11,144,0.07096774131059647,75,4,71,2.4992406368255615,1.0,0.8571428571428571,0.06703075021505356
projector.output,mean,random_projection,1,295,has_crown_color::brown,has_crown_color,155,60,95,0.3870967626571655,75,33,42,1.4258455038070679,0.6341991341991342,0.4727272727272727,0.06703075021505356
projector.output,mean,random_projection,1,299,has_crown_color::grey,has_crown_color,155,36,119,0.23225806653499603,75,18,57,1.1340768337249756,0.5214424951267057,0.2777777777777778,0.06703075021505356
projector.output,mean,random_projection,1,305,has_crown_color::black,has_crown_color,155,45,110,0.29032257199287415,75,24,51,1.2783586978912354,0.6854575163398693,0.5333333333333333,0.06703075021505356
projector.output,mean,random_projection,1,306,has_crown_color::white,has_crown_color,155,20,135,0.12903225421905518,75,10,65,1.4928724765777588,0.823076923076923,0.5,0.06703075021505356
projector.output,mean,random_projection,1,308,has_crown_color::buff,has_crown_color,155,31,124,0.20000000298023224,75,16,59,0.9045495986938477,0.3400423728813559,0.0,0.06703075021505356
projector.output,mean,random_projection,1,309,has_wing_pattern::solid,has_wing_pattern,151,32,119,0.21192052960395813,72,18,54,1.9160122871398926,0.7479423868312757,0.43478260869565216,0.06703075021505356
projector.output,mean,random_projection,1,310,has_wing_pattern::spotted,has_wing_pattern,151,31,120,0.20529800653457642,72,7,65,0.7133320569992065,0.8197802197802198,0.4,0.06703075021505356
projector.output,mean,random_projection,1,311,has_wing_pattern::striped,has_wing_pattern,151,55,96,0.3642384111881256,72,33,39,1.018353819847107,0.6588966588966589,0.43636363636363634,0.06703075021505356
projector.output,mean,random_projection,1,312,has_wing_pattern::multi-colored,has_wing_pattern,151,33,118,0.21854305267333984,72,14,58,1.174268126487732,0.5529556650246306,0.3333333333333333,0.06703075021505356
projector.output,mean,random_projection,2,2,has_bill_shape::dagger,has_bill_shape,160,14,146,0.08749999850988388,76,4,72,1.907457947731018,0.8368055555555556,0.25,0.06885482370853424
projector.output,mean,random_projection,2,5,has_bill_shape::hooked_seabird,has_bill_shape,160,15,145,0.09375,76,3,73,2.49412202835083,0.9817351598173516,0.6666666666666666,0.06885482370853424
projector.output,mean,random_projection,2,7,has_bill_shape::all-purpose,has_bill_shape,160,66,94,0.4124999940395355,76,34,42,1.1453793048858643,0.626750700280112,0.5714285714285714,0.06885482370853424
projector.output,mean,random_projection,2,8,has_bill_shape::cone,has_bill_shape,160,44,116,0.2750000059604645,76,21,55,1.6144375801086426,0.7619047619047619,0.5853658536585366,0.06885482370853424
projector.output,mean,random_projection,2,96,has_head_pattern::malar,has_head_pattern,156,16,140,0.10256410390138626,76,10,66,1.5125091075897217,0.5181818181818182,0.0,0.06885482370853424
projector.output,mean,random_projection,2,100,has_head_pattern::eyebrow,has_head_pattern,156,30,126,0.19230769574642181,76,14,62,1.291669487953186,0.6267281105990783,0.35714285714285715,0.06885482370853424
projector.output,mean,random_projection,2,101,has_head_pattern::eyering,has_head_pattern,156,25,131,0.16025641560554504,76,16,60,1.1734338998794556,0.7020833333333333,0.3448275862068966,0.06885482370853424
projector.output,mean,random_projection,2,102,has_head_pattern::plain,has_head_pattern,156,37,119,0.2371794879436493,76,13,63,1.6858539581298828,0.7362637362637363,0.3870967741935484,0.06885482370853424
projector.output,mean,random_projection,2,103,has_head_pattern::eyeline,has_head_pattern,156,18,138,0.11538461595773697,76,7,69,0.9485467672348022,0.38095238095238093,0.0,0.06885482370853424
projector.output,mean,random_projection,2,104,has_head_pattern::striped,has_head_pattern,156,15,141,0.09615384787321091,76,14,62,1.1484489440917969,0.4942396313364055,0.1,0.06885482370853424
projector.output,mean,random_projection,2,105,has_head_pattern::capped,has_head_pattern,156,16,140,0.10256410390138626,76,9,67,1.089277982711792,0.49087893864013266,0.0,0.06885482370853424
projector.output,mean,random_projection,2,107,has_breast_color::brown,has_breast_color,145,29,116,0.20000000298023224,75,14,61,1.8894814252853394,0.5925058548009368,0.32,0.06885482370853424
projector.output,mean,random_projection,2,111,has_breast_color::grey,has_breast_color,145,40,105,0.27586206793785095,75,19,56,0.8693238496780396,0.5272556390977443,0.15384615384615385,0.06885482370853424
projector.output,mean,random_projection,2,117,has_breast_color::black,has_breast_color,145,50,95,0.3448275923728943,75,30,45,0.7402528524398804,0.5148148148148148,0.2608695652173913,0.06885482370853424
projector.output,mean,random_projection,2,118,has_breast_color::white,has_breast_color,145,51,94,0.35172414779663086,75,41,34,0.7015707492828369,0.45050215208034433,0.417910447761194,0.06885482370853424
projector.output,mean,random_projection,2,120,has_breast_color::buff,has_breast_color,145,52,93,0.35862070322036743,75,26,49,1.413629412651062,0.5368916797488226,0.39215686274509803,0.06885482370853424
projector.output,mean,random_projection,2,294,has_crown_color::blue,has_crown_color,155,11,144,0.07096774131059647,75,4,71,3.546236515045166,0.9859154929577465,0.75,0.06885482370853424
projector.output,mean,random_projection,2,295,has_crown_color::brown,has_crown_color,155,60,95,0.3870967626571655,75,33,42,0.8786146640777588,0.6681096681096681,0.5573770491803278,0.06885482370853424
projector.output,mean,random_projection,2,299,has_crown_color::grey,has_crown_color,155,36,119,0.23225806653499603,75,18,57,0.4965481758117676,0.44346978557504874,0.16666666666666666,0.06885482370853424
projector.output,mean,random_projection,2,305,has_crown_color::black,has_crown_color,155,45,110,0.29032257199287415,75,24,51,1.0769968032836914,0.6821895424836601,0.5306122448979592,0.06885482370853424
projector.output,mean,random_projection,2,306,has_crown_color::white,has_crown_color,155,20,135,0.12903225421905518,75,10,65,0.9903240203857422,0.7538461538461538,0.4444444444444444,0.06885482370853424
projector.output,mean,random_projection,2,308,has_crown_color::buff,has_crown_color,155,31,124,0.20000000298023224,75,16,59,1.4011154174804688,0.3156779661016949,0.07407407407407407,0.06885482370853424
projector.output,mean,random_projection,2,309,has_wing_pattern::solid,has_wing_pattern,151,32,119,0.21192052960395813,72,18,54,1.777847409248352,0.6347736625514403,0.5185185185185185,0.06885482370853424
projector.output,mean,random_projection,2,310,has_wing_pattern::spotted,has_wing_pattern,151,31,120,0.20529800653457642,72,7,65,1.6132726669311523,0.7802197802197802,0.4,0.06885482370853424
projector.output,mean,random_projection,2,311,has_wing_pattern::striped,has_wing_pattern,151,55,96,0.3642384111881256,72,33,39,1.339452862739563,0.6021756021756022,0.5357142857142857,0.06885482370853424
projector.output,mean,random_projection,2,312,has_wing_pattern::multi-colored,has_wing_pattern,151,33,118,0.21854305267333984,72,14,58,1.3406686782836914,0.5738916256157636,0.3157894736842105,0.06885482370853424
llm.early,mean,primary,0,2,has_bill_shape::dagger,has_bill_shape,160,14,146,0.08749999850988388,76,4,72,10.98851203918457,0.8611111111111112,0.18181818181818182,0.009216123260557652
llm.early,mean,primary,0,5,has_bill_shape::hooked_seabird,has_bill_shape,160,15,145,0.09375,76,3,73,6.27710485458374,0.9863013698630136,0.5454545454545454,0.009216123260557652
llm.early,mean,primary,0,7,has_bill_shape::all-purpose,has_bill_shape,160,66,94,0.4124999940395355,76,34,42,4.951457977294922,0.688375350140056,0.4489795918367347,0.009216123260557652
llm.early,mean,primary,0,8,has_bill_shape::cone,has_bill_shape,160,44,116,0.2750000059604645,76,21,55,5.048046588897705,0.7757575757575758,0.6046511627906976,0.009216123260557652
llm.early,mean,primary,0,96,has_head_pattern::malar,has_head_pattern,156,16,140,0.10256410390138626,76,10,66,4.844869613647461,0.5969696969696969,0.19047619047619047,0.009216123260557652
llm.early,mean,primary,0,100,has_head_pattern::eyebrow,has_head_pattern,156,30,126,0.19230769574642181,76,14,62,4.590101718902588,0.6543778801843319,0.41379310344827586,0.009216123260557652
llm.early,mean,primary,0,101,has_head_pattern::eyering,has_head_pattern,156,25,131,0.16025641560554504,76,16,60,5.130090236663818,0.684375,0.3225806451612903,0.009216123260557652
llm.early,mean,primary,0,102,has_head_pattern::plain,has_head_pattern,156,37,119,0.2371794879436493,76,13,63,4.998358249664307,0.7692307692307693,0.5384615384615384,0.009216123260557652
llm.early,mean,primary,0,103,has_head_pattern::eyeline,has_head_pattern,156,18,138,0.11538461595773697,76,7,69,5.274091720581055,0.5238095238095238,0.2222222222222222,0.009216123260557652
llm.early,mean,primary,0,104,has_head_pattern::striped,has_head_pattern,156,15,141,0.09615384787321091,76,14,62,4.952348232269287,0.5138248847926268,0.1935483870967742,0.009216123260557652
llm.early,mean,primary,0,105,has_head_pattern::capped,has_head_pattern,156,16,140,0.10256410390138626,76,9,67,4.459815979003906,0.3963515754560531,0.0,0.009216123260557652
llm.early,mean,primary,0,107,has_breast_color::brown,has_breast_color,145,29,116,0.20000000298023224,75,14,61,6.394792079925537,0.5796252927400468,0.15384615384615385,0.009216123260557652
llm.early,mean,primary,0,111,has_breast_color::grey,has_breast_color,145,40,105,0.27586206793785095,75,19,56,5.916393756866455,0.5413533834586466,0.0,0.009216123260557652
llm.early,mean,primary,0,117,has_breast_color::black,has_breast_color,145,50,95,0.3448275923728943,75,30,45,4.631035804748535,0.5607407407407408,0.2978723404255319,0.009216123260557652
llm.early,mean,primary,0,118,has_breast_color::white,has_breast_color,145,51,94,0.35172414779663086,75,41,34,4.559351444244385,0.6111908177905309,0.5538461538461539,0.009216123260557652
llm.early,mean,primary,0,120,has_breast_color::buff,has_breast_color,145,52,93,0.35862070322036743,75,26,49,5.363718509674072,0.565149136577708,0.3333333333333333,0.009216123260557652
llm.early,mean,primary,0,294,has_crown_color::blue,has_crown_color,155,11,144,0.07096774131059647,75,4,71,10.635614395141602,1.0,0.8888888888888888,0.009216123260557652
llm.early,mean,primary,0,295,has_crown_color::brown,has_crown_color,155,60,95,0.3870967626571655,75,33,42,4.893553733825684,0.663059163059163,0.5454545454545454,0.009216123260557652
llm.early,mean,primary,0,299,has_crown_color::grey,has_crown_color,155,36,119,0.23225806653499603,75,18,57,4.645733833312988,0.5896686159844055,0.4,0.009216123260557652
llm.early,mean,primary,0,305,has_crown_color::black,has_crown_color,155,45,110,0.29032257199287415,75,24,51,5.081025123596191,0.7238562091503268,0.47368421052631576,0.009216123260557652
llm.early,mean,primary,0,306,has_crown_color::white,has_crown_color,155,20,135,0.12903225421905518,75,10,65,4.319757461547852,0.7061538461538461,0.36363636363636365,0.009216123260557652
llm.early,mean,primary,0,308,has_crown_color::buff,has_crown_color,155,31,124,0.20000000298023224,75,16,59,5.037838459014893,0.4152542372881356,0.20689655172413793,0.009216123260557652
llm.early,mean,primary,0,309,has_wing_pattern::solid,has_wing_pattern,151,32,119,0.21192052960395813,72,18,54,4.783257007598877,0.7037037037037037,0.5,0.009216123260557652
llm.early,mean,primary,0,310,has_wing_pattern::spotted,has_wing_pattern,151,31,120,0.20529800653457642,72,7,65,4.8823676109313965,0.7868131868131868,0.34782608695652173,0.009216123260557652
llm.early,mean,primary,0,311,has_wing_pattern::striped,has_wing_pattern,151,55,96,0.3642384111881256,72,33,39,4.588732719421387,0.6767676767676768,0.5384615384615384,0.009216123260557652
llm.early,mean,primary,0,312,has_wing_pattern::multi-colored,has_wing_pattern,151,33,118,0.21854305267333984,72,14,58,4.704961776733398,0.6403940886699507,0.4,0.009216123260557652
llm.early,mean,primary,1,2,has_bill_shape::dagger,has_bill_shape,160,14,146,0.08749999850988388,76,4,72,12.490556716918945,0.8819444444444444,0.25,0.008971183560788631
llm.early,mean,primary,1,5,has_bill_shape::hooked_seabird,has_bill_shape,160,15,145,0.09375,76,3,73,6.152033805847168,0.9863013698630136,0.5454545454545454,0.008971183560788631
llm.early,mean,primary,1,7,has_bill_shape::all-purpose,has_bill_shape,160,66,94,0.4124999940395355,76,34,42,4.7648234367370605,0.6813725490196079,0.4528301886792453,0.008971183560788631
llm.early,mean,primary,1,8,has_bill_shape::cone,has_bill_shape,160,44,116,0.2750000059604645,76,21,55,4.852657318115234,0.7766233766233767,0.5652173913043478,0.008971183560788631
llm.early,mean,primary,1,96,has_head_pattern::malar,has_head_pattern,156,16,140,0.10256410390138626,76,10,66,4.692027568817139,0.6090909090909091,0.2,0.008971183560788631
llm.early,mean,primary,1,100,has_head_pattern::eyebrow,has_head_pattern,156,30,126,0.19230769574642181,76,14,62,4.602283954620361,0.663594470046083,0.41379310344827586,0.008971183560788631
llm.early,mean,primary,1,101,has_head_pattern::eyering,has_head_pattern,156,25,131,0.16025641560554504,76,16,60,5.159944534301758,0.6802083333333333,0.25806451612903225,0.008971183560788631
llm.early,mean,primary,1,102,has_head_pattern::plain,has_head_pattern,156,37,119,0.2371794879436493,76,13,63,4.997344017028809,0.7631257631257631,0.5384615384615384,0.008971183560788631
llm.early,mean,primary,1,103,has_head_pattern::eyeline,has_head_pattern,156,18,138,0.11538461595773697,76,7,69,5.5054192543029785,0.5238095238095238,0.125,0.008971183560788631
llm.early,mean,primary,1,104,has_head_pattern::striped,has_head_pattern,156,15,141,0.09615384787321091,76,14,62,5.038684368133545,0.511520737327189,0.2,0.008971183560788631
llm.early,mean,primary,1,105,has_head_pattern::capped,has_head_pattern,156,16,140,0.10256410390138626,76,9,67,4.636403560638428,0.3996683250414594,0.0,0.008971183560788631
llm.early,mean,primary,1,107,has_breast_color::brown,has_breast_color,145,29,116,0.20000000298023224,75,14,61,6.416983604431152,0.5667447306791569,0.15384615384615385,0.008971183560788631
llm.early,mean,primary,1,111,has_breast_color::grey,has_breast_color,145,40,105,0.27586206793785095,75,19,56,5.672474384307861,0.5328947368421053,0.0,0.008971183560788631
llm.early,mean,primary,1,117,has_breast_color::black,has_breast_color,145,50,95,0.3448275923728943,75,30,45,4.602352142333984,0.5555555555555556,0.30434782608695654,0.008971183560788631
llm.early,mean,primary,1,118,has_breast_color::white,has_breast_color,145,51,94,0.35172414779663086,75,41,34,4.647597789764404,0.6083213773314203,0.5757575757575758,0.008971183560788631
llm.early,mean,primary,1,120,has_breast_color::buff,has_breast_color,145,52,93,0.35862070322036743,75,26,49,5.606614112854004,0.5682888540031397,0.2564102564102564,0.008971183560788631
llm.early,mean,primary,1,294,has_crown_color::blue,has_crown_color,155,11,144,0.07096774131059647,75,4,71,10.689474105834961,1.0,0.8888888888888888,0.008971183560788631
llm.early,mean,primary,1,295,has_crown_color::brown,has_crown_color,155,60,95,0.3870967626571655,75,33,42,4.981730937957764,0.6601731601731602,0.5283018867924528,0.008971183560788631
llm.early,mean,primary,1,299,has_crown_color::grey,has_crown_color,155,36,119,0.23225806653499603,75,18,57,4.621909141540527,0.5799220272904484,0.4,0.008971183560788631
llm.early,mean,primary,1,305,has_crown_color::black,has_crown_color,155,45,110,0.29032257199287415,75,24,51,5.101599216461182,0.7214052287581699,0.47368421052631576,0.008971183560788631
llm.early,mean,primary,1,306,has_crown_color::white,has_crown_color,155,20,135,0.12903225421905518,75,10,65,4.45367431640625,0.6907692307692308,0.34782608695652173,0.008971183560788631
llm.early,mean,primary,1,308,has_crown_color::buff,has_crown_color,155,31,124,0.20000000298023224,75,16,59,4.809488773345947,0.4332627118644068,0.20689655172413793,0.008971183560788631
llm.early,mean,primary,1,309,has_wing_pattern::solid,has_wing_pattern,151,32,119,0.21192052960395813,72,18,54,4.9174275398254395,0.7129629629629629,0.5,0.008971183560788631
llm.early,mean,primary,1,310,has_wing_pattern::spotted,has_wing_pattern,151,31,120,0.20529800653457642,72,7,65,4.854992866516113,0.7802197802197802,0.4,0.008971183560788631
llm.early,mean,primary,1,311,has_wing_pattern::striped,has_wing_pattern,151,55,96,0.3642384111881256,72,33,39,4.685970783233643,0.682983682983683,0.48,0.008971183560788631
llm.early,mean,primary,1,312,has_wing_pattern::multi-colored,has_wing_pattern,151,33,118,0.21854305267333984,72,14,58,4.843286037445068,0.6391625615763546,0.4,0.008971183560788631
llm.early,mean,primary,2,2,has_bill_shape::dagger,has_bill_shape,160,14,146,0.08749999850988388,76,4,72,10.51404857635498,0.8715277777777778,0.18181818181818182,0.009173750877380371
llm.early,mean,primary,2,5,has_bill_shape::hooked_seabird,has_bill_shape,160,15,145,0.09375,76,3,73,6.10806131362915,0.9863013698630136,0.5454545454545454,0.009173750877380371
llm.early,mean,primary,2,7,has_bill_shape::all-purpose,has_bill_shape,160,66,94,0.4124999940395355,76,34,42,4.721705913543701,0.6799719887955182,0.43137254901960786,0.009173750877380371
llm.early,mean,primary,2,8,has_bill_shape::cone,has_bill_shape,160,44,116,0.2750000059604645,76,21,55,5.18396520614624,0.7688311688311689,0.6046511627906976,0.009173750877380371
llm.early,mean,primary,2,96,has_head_pattern::malar,has_head_pattern,156,16,140,0.10256410390138626,76,10,66,4.750951290130615,0.603030303030303,0.2,0.009173750877380371
llm.early,mean,primary,2,100,has_head_pattern::eyebrow,has_head_pattern,156,30,126,0.19230769574642181,76,14,62,4.827030181884766,0.6509216589861752,0.41379310344827586,0.009173750877380371
llm.early,mean,primary,2,101,has_head_pattern::eyering,has_head_pattern,156,25,131,0.16025641560554504,76,16,60,5.093520164489746,0.6708333333333333,0.25806451612903225,0.009173750877380371
llm.early,mean,primary,2,102,has_head_pattern::plain,has_head_pattern,156,37,119,0.2371794879436493,76,13,63,5.071861267089844,0.7692307692307693,0.5384615384615384,0.009173750877380371
llm.early,mean,primary,2,103,has_head_pattern::eyeline,has_head_pattern,156,18,138,0.11538461595773697,76,7,69,5.944559574127197,0.5403726708074534,0.2,0.009173750877380371
llm.early,mean,primary,2,104,has_head_pattern::striped,has_head_pattern,156,15,141,0.09615384787321091,76,14,62,4.9480671882629395,0.521889400921659,0.2,0.009173750877380371
llm.early,mean,primary,2,105,has_head_pattern::capped,has_head_pattern,156,16,140,0.10256410390138626,76,9,67,4.468064308166504,0.3946932006633499,0.0,0.009173750877380371
llm.early,mean,primary,2,107,has_breast_color::brown,has_breast_color,145,29,116,0.20000000298023224,75,14,61,6.311742305755615,0.5620608899297423,0.15384615384615385,0.009173750877380371
llm.early,mean,primary,2,111,has_breast_color::grey,has_breast_color,145,40,105,0.27586206793785095,75,19,56,5.604901313781738,0.5347744360902256,0.0,0.009173750877380371
llm.early,mean,primary,2,117,has_breast_color::black,has_breast_color,145,50,95,0.3448275923728943,75,30,45,4.921074867248535,0.562962962962963,0.3111111111111111,0.009173750877380371
llm.early,mean,primary,2,118,has_breast_color::white,has_breast_color,145,51,94,0.35172414779663086,75,41,34,4.435421943664551,0.6154949784791965,0.5757575757575758,0.009173750877380371
llm.early,mean,primary,2,120,has_breast_color::buff,has_breast_color,145,52,93,0.35862070322036743,75,26,49,5.573399066925049,0.5682888540031397,0.25,0.009173750877380371
llm.early,mean,primary,2,294,has_crown_color::blue,has_crown_color,155,11,144,0.07096774131059647,75,4,71,10.69941520690918,1.0,0.8888888888888888,0.009173750877380371
llm.early,mean,primary,2,295,has_crown_color::brown,has_crown_color,155,60,95,0.3870967626571655,75,33,42,4.88429594039917,0.6616161616161617,0.5283018867924528,0.009173750877380371
llm.early,mean,primary,2,299,has_crown_color::grey,has_crown_color,155,36,119,0.23225806653499603,75,18,57,4.639205455780029,0.5857699805068226,0.3225806451612903,0.009173750877380371
llm.early,mean,primary,2,305,has_crown_color::black,has_crown_color,155,45,110,0.29032257199287415,75,24,51,5.032043933868408,0.7214052287581699,0.46153846153846156,0.009173750877380371
llm.early,mean,primary,2,306,has_crown_color::white,has_crown_color,155,20,135,0.12903225421905518,75,10,65,4.327674865722656,0.6938461538461539,0.38095238095238093,0.009173750877380371
llm.early,mean,primary,2,308,has_crown_color::buff,has_crown_color,155,31,124,0.20000000298023224,75,16,59,4.95761251449585,0.4110169491525424,0.21428571428571427,0.009173750877380371
llm.early,mean,primary,2,309,has_wing_pattern::solid,has_wing_pattern,151,32,119,0.21192052960395813,72,18,54,4.723184108734131,0.7181069958847737,0.5,0.009173750877380371
llm.early,mean,primary,2,310,has_wing_pattern::spotted,has_wing_pattern,151,31,120,0.20529800653457642,72,7,65,4.982400417327881,0.7824175824175824,0.36363636363636365,0.009173750877380371
llm.early,mean,primary,2,311,has_wing_pattern::striped,has_wing_pattern,151,55,96,0.3642384111881256,72,33,39,4.720261573791504,0.6705516705516705,0.5098039215686274,0.009173750877380371
llm.early,mean,primary,2,312,has_wing_pattern::multi-colored,has_wing_pattern,151,33,118,0.21854305267333984,72,14,58,4.712860107421875,0.6477832512315271,0.4,0.009173750877380371
llm.early,mean,prevalence,-1,2,has_bill_shape::dagger,has_bill_shape,160,14,146,0.08749999850988388,76,4,72,0.0,0.5,0.0,nan
llm.early,mean,prevalence,-1,5,has_bill_shape::hooked_seabird,has_bill_shape,160,15,145,0.09375,76,3,73,0.0,0.5,0.0,nan
llm.early,mean,prevalence,-1,7,has_bill_shape::all-purpose,has_bill_shape,160,66,94,0.4124999940395355,76,34,42,0.0,0.5,0.0,nan
llm.early,mean,prevalence,-1,8,has_bill_shape::cone,has_bill_shape,160,44,116,0.2750000059604645,76,21,55,0.0,0.5,0.0,nan
llm.early,mean,prevalence,-1,96,has_head_pattern::malar,has_head_pattern,156,16,140,0.10256410390138626,76,10,66,0.0,0.5,0.0,nan
llm.early,mean,prevalence,-1,100,has_head_pattern::eyebrow,has_head_pattern,156,30,126,0.19230769574642181,76,14,62,0.0,0.5,0.0,nan
llm.early,mean,prevalence,-1,101,has_head_pattern::eyering,has_head_pattern,156,25,131,0.16025641560554504,76,16,60,0.0,0.5,0.0,nan
llm.early,mean,prevalence,-1,102,has_head_pattern::plain,has_head_pattern,156,37,119,0.2371794879436493,76,13,63,0.0,0.5,0.0,nan
llm.early,mean,prevalence,-1,103,has_head_pattern::eyeline,has_head_pattern,156,18,138,0.11538461595773697,76,7,69,0.0,0.5,0.0,nan
llm.early,mean,prevalence,-1,104,has_head_pattern::striped,has_head_pattern,156,15,141,0.09615384787321091,76,14,62,0.0,0.5,0.0,nan
llm.early,mean,prevalence,-1,105,has_head_pattern::capped,has_head_pattern,156,16,140,0.10256410390138626,76,9,67,0.0,0.5,0.0,nan
llm.early,mean,prevalence,-1,107,has_breast_color::brown,has_breast_color,145,29,116,0.20000000298023224,75,14,61,0.0,0.5,0.0,nan
llm.early,mean,prevalence,-1,111,has_breast_color::grey,has_breast_color,145,40,105,0.27586206793785095,75,19,56,0.0,0.5,0.0,nan
llm.early,mean,prevalence,-1,117,has_breast_color::black,has_breast_color,145,50,95,0.3448275923728943,75,30,45,0.0,0.5,0.0,nan
llm.early,mean,prevalence,-1,118,has_breast_color::white,has_breast_color,145,51,94,0.35172414779663086,75,41,34,0.0,0.5,0.0,nan
llm.early,mean,prevalence,-1,120,has_breast_color::buff,has_breast_color,145,52,93,0.35862070322036743,75,26,49,0.0,0.5,0.0,nan
llm.early,mean,prevalence,-1,294,has_crown_color::blue,has_crown_color,155,11,144,0.07096774131059647,75,4,71,0.0,0.5,0.0,nan
llm.early,mean,prevalence,-1,295,has_crown_color::brown,has_crown_color,155,60,95,0.3870967626571655,75,33,42,0.0,0.5,0.0,nan
llm.early,mean,prevalence,-1,299,has_crown_color::grey,has_crown_color,155,36,119,0.23225806653499603,75,18,57,0.0,0.5,0.0,nan
llm.early,mean,prevalence,-1,305,has_crown_color::black,has_crown_color,155,45,110,0.29032257199287415,75,24,51,0.0,0.5,0.0,nan
llm.early,mean,prevalence,-1,306,has_crown_color::white,has_crown_color,155,20,135,0.12903225421905518,75,10,65,0.0,0.5,0.0,nan
llm.early,mean,prevalence,-1,308,has_crown_color::buff,has_crown_color,155,31,124,0.20000000298023224,75,16,59,0.0,0.5,0.0,nan
llm.early,mean,prevalence,-1,309,has_wing_pattern::solid,has_wing_pattern,151,32,119,0.21192052960395813,72,18,54,0.0,0.5,0.0,nan
llm.early,mean,prevalence,-1,310,has_wing_pattern::spotted,has_wing_pattern,151,31,120,0.20529800653457642,72,7,65,0.0,0.5,0.0,nan
llm.early,mean,prevalence,-1,311,has_wing_pattern::striped,has_wing_pattern,151,55,96,0.3642384111881256,72,33,39,0.0,0.5,0.0,nan
llm.early,mean,prevalence,-1,312,has_wing_pattern::multi-colored,has_wing_pattern,151,33,118,0.21854305267333984,72,14,58,0.0,0.5,0.0,nan
llm.early,mean,shuffled_labels,0,2,has_bill_shape::dagger,has_bill_shape,160,14,146,0.08749999850988388,76,4,72,11.5213623046875,0.3368055555555556,0.0,0.012211387045681477
llm.early,mean,shuffled_labels,0,5,has_bill_shape::hooked_seabird,has_bill_shape,160,15,145,0.09375,76,3,73,7.237433433532715,0.2557077625570776,0.0,0.012211387045681477
llm.early,mean,shuffled_labels,0,7,has_bill_shape::all-purpose,has_bill_shape,160,66,94,0.4124999940395355,76,34,42,4.456207275390625,0.39215686274509803,0.18867924528301888,0.012211387045681477
llm.early,mean,shuffled_labels,0,8,has_bill_shape::cone,has_bill_shape,160,44,116,0.2750000059604645,76,21,55,4.309541702270508,0.47186147186147187,0.26666666666666666,0.012211387045681477
llm.early,mean,shuffled_labels,0,96,has_head_pattern::malar,has_head_pattern,156,16,140,0.10256410390138626,76,10,66,5.605658531188965,0.5393939393939394,0.0,0.012211387045681477
llm.early,mean,shuffled_labels,0,100,has_head_pattern::eyebrow,has_head_pattern,156,30,126,0.19230769574642181,76,14,62,4.922731399536133,0.5587557603686636,0.08,0.012211387045681477
llm.early,mean,shuffled_labels,0,101,has_head_pattern::eyering,has_head_pattern,156,25,131,0.16025641560554504,76,16,60,4.2610297203063965,0.41770833333333335,0.14814814814814814,0.012211387045681477
llm.early,mean,shuffled_labels,0,102,has_head_pattern::plain,has_head_pattern,156,37,119,0.2371794879436493,76,13,63,4.244450569152832,0.4993894993894994,0.1875,0.012211387045681477
llm.early,mean,shuffled_labels,0,103,has_head_pattern::eyeline,has_head_pattern,156,18,138,0.11538461595773697,76,7,69,5.906390190124512,0.5031055900621118,0.0,0.012211387045681477
llm.early,mean,shuffled_labels,0,104,has_head_pattern::striped,has_head_pattern,156,15,141,0.09615384787321091,76,14,62,5.775207042694092,0.6370967741935484,0.3333333333333333,0.012211387045681477
llm.early,mean,shuffled_labels,0,105,has_head_pattern::capped,has_head_pattern,156,16,140,0.10256410390138626,76,9,67,6.7949652671813965,0.472636815920398,0.11764705882352941,0.012211387045681477
llm.early,mean,shuffled_labels,0,107,has_breast_color::brown,has_breast_color,145,29,116,0.20000000298023224,75,14,61,5.083211421966553,0.4344262295081967,0.0,0.012211387045681477
llm.early,mean,shuffled_labels,0,111,has_breast_color::grey,has_breast_color,145,40,105,0.27586206793785095,75,19,56,5.149502754211426,0.5902255639097744,0.3684210526315789,0.012211387045681477
llm.early,mean,shuffled_labels,0,117,has_breast_color::black,has_breast_color,145,50,95,0.3448275923728943,75,30,45,5.011608600616455,0.5985185185185186,0.4,0.012211387045681477
llm.early,mean,shuffled_labels,0,118,has_breast_color::white,has_breast_color,145,51,94,0.35172414779663086,75,41,34,4.3680100440979,0.5136298421807748,0.25396825396825395,0.012211387045681477
llm.early,mean,shuffled_labels,0,120,has_breast_color::buff,has_breast_color,145,52,93,0.35862070322036743,75,26,49,4.567063331604004,0.39717425431711145,0.17777777777777778,0.012211387045681477
llm.early,mean,shuffled_labels,0,294,has_crown_color::blue,has_crown_color,155,11,144,0.07096774131059647,75,4,71,5.215566635131836,0.6267605633802817,0.11764705882352941,0.012211387045681477
llm.early,mean,shuffled_labels,0,295,has_crown_color::brown,has_crown_color,155,60,95,0.3870967626571655,75,33,42,4.343011379241943,0.4696969696969697,0.23255813953488372,0.012211387045681477
llm.early,mean,shuffled_labels,0,299,has_crown_color::grey,has_crown_color,155,36,119,0.23225806653499603,75,18,57,4.862228870391846,0.42592592592592593,0.18604651162790697,0.012211387045681477
llm.early,mean,shuffled_labels,0,305,has_crown_color::black,has_crown_color,155,45,110,0.29032257199287415,75,24,51,4.824907302856445,0.5024509803921569,0.3783783783783784,0.012211387045681477
llm.early,mean,shuffled_labels,0,306,has_crown_color::white,has_crown_color,155,20,135,0.12903225421905518,75,10,65,7.432374954223633,0.4323076923076923,0.0,0.012211387045681477
llm.early,mean,shuffled_labels,0,308,has_crown_color::buff,has_crown_color,155,31,124,0.20000000298023224,75,16,59,3.902153968811035,0.5360169491525424,0.34285714285714286,0.012211387045681477
llm.early,mean,shuffled_labels,0,309,has_wing_pattern::solid,has_wing_pattern,151,32,119,0.21192052960395813,72,18,54,4.4623703956604,0.5627572016460906,0.16666666666666666,0.012211387045681477
llm.early,mean,shuffled_labels,0,310,has_wing_pattern::spotted,has_wing_pattern,151,31,120,0.20529800653457642,72,7,65,4.22562837600708,0.42417582417582417,0.0,0.012211387045681477
llm.early,mean,shuffled_labels,0,311,has_wing_pattern::striped,has_wing_pattern,151,55,96,0.3642384111881256,72,33,39,4.325631141662598,0.47241647241647244,0.3508771929824561,0.012211387045681477
llm.early,mean,shuffled_labels,0,312,has_wing_pattern::multi-colored,has_wing_pattern,151,33,118,0.21854305267333984,72,14,58,3.7967591285705566,0.4642857142857143,0.1111111111111111,0.012211387045681477
llm.early,mean,shuffled_labels,1,2,has_bill_shape::dagger,has_bill_shape,160,14,146,0.08749999850988388,76,4,72,10.179572105407715,0.6180555555555556,0.0,0.012097416445612907
llm.early,mean,shuffled_labels,1,5,has_bill_shape::hooked_seabird,has_bill_shape,160,15,145,0.09375,76,3,73,7.649331569671631,0.6666666666666666,0.0,0.012097416445612907
llm.early,mean,shuffled_labels,1,7,has_bill_shape::all-purpose,has_bill_shape,160,66,94,0.4124999940395355,76,34,42,4.195261478424072,0.5070028011204482,0.3157894736842105,0.012097416445612907
llm.early,mean,shuffled_labels,1,8,has_bill_shape::cone,has_bill_shape,160,44,116,0.2750000059604645,76,21,55,4.812098503112793,0.6554112554112554,0.41025641025641024,0.012097416445612907
llm.early,mean,shuffled_labels,1,96,has_head_pattern::malar,has_head_pattern,156,16,140,0.10256410390138626,76,10,66,5.769990921020508,0.5196969696969697,0.18181818181818182,0.012097416445612907
llm.early,mean,shuffled_labels,1,100,has_head_pattern::eyebrow,has_head_pattern,156,30,126,0.19230769574642181,76,14,62,5.201583385467529,0.6866359447004609,0.2608695652173913,0.012097416445612907
llm.early,mean,shuffled_labels,1,101,has_head_pattern::eyering,has_head_pattern,156,25,131,0.16025641560554504,76,16,60,5.4179158210754395,0.4114583333333333,0.13793103448275862,0.012097416445612907
llm.early,mean,shuffled_labels,1,102,has_head_pattern::plain,has_head_pattern,156,37,119,0.2371794879436493,76,13,63,4.463217258453369,0.34798534798534797,0.0,0.012097416445612907
llm.early,mean,shuffled_labels,1,103,has_head_pattern::eyeline,has_head_pattern,156,18,138,0.11538461595773697,76,7,69,7.402050971984863,0.5113871635610766,0.0,0.012097416445612907
llm.early,mean,shuffled_labels,1,104,has_head_pattern::striped,has_head_pattern,156,15,141,0.09615384787321091,76,14,62,5.694086074829102,0.5725806451612904,0.15384615384615385,0.012097416445612907
llm.early,mean,shuffled_labels,1,105,has_head_pattern::capped,has_head_pattern,156,16,140,0.10256410390138626,76,9,67,5.427976131439209,0.5257048092868989,0.1,0.012097416445612907
llm.early,mean,shuffled_labels,1,107,has_breast_color::brown,has_breast_color,145,29,116,0.20000000298023224,75,14,61,4.3267903327941895,0.5714285714285714,0.32432432432432434,0.012097416445612907
llm.early,mean,shuffled_labels,1,111,has_breast_color::grey,has_breast_color,145,40,105,0.27586206793785095,75,19,56,4.684394359588623,0.3082706766917293,0.058823529411764705,0.012097416445612907
llm.early,mean,shuffled_labels,1,117,has_breast_color::black,has_breast_color,145,50,95,0.3448275923728943,75,30,45,4.998499870300293,0.39037037037037037,0.1702127659574468,0.012097416445612907
llm.early,mean,shuffled_labels,1,118,has_breast_color::white,has_breast_color,145,51,94,0.35172414779663086,75,41,34,5.104781150817871,0.49856527977044474,0.3157894736842105,0.012097416445612907
llm.early,mean,shuffled_labels,1,120,has_breast_color::buff,has_breast_color,145,52,93,0.35862070322036743,75,26,49,4.332712173461914,0.4379905808477237,0.13953488372093023,0.012097416445612907
llm.early,mean,shuffled_labels,1,294,has_crown_color::blue,has_crown_color,155,11,144,0.07096774131059647,75,4,71,5.839351654052734,0.4295774647887324,0.1111111111111111,0.012097416445612907
llm.early,mean,shuffled_labels,1,295,has_crown_color::brown,has_crown_color,155,60,95,0.3870967626571655,75,33,42,4.313555717468262,0.6948051948051948,0.4090909090909091,0.012097416445612907
llm.early,mean,shuffled_labels,1,299,has_crown_color::grey,has_crown_color,155,36,119,0.23225806653499603,75,18,57,5.574309349060059,0.3966861598440546,0.0,0.012097416445612907
llm.early,mean,shuffled_labels,1,305,has_crown_color::black,has_crown_color,155,45,110,0.29032257199287415,75,24,51,5.006398677825928,0.5089869281045751,0.15789473684210525,0.012097416445612907
llm.early,mean,shuffled_labels,1,306,has_crown_color::white,has_crown_color,155,20,135,0.12903225421905518,75,10,65,4.728981018066406,0.4584615384615385,0.07407407407407407,0.012097416445612907
llm.early,mean,shuffled_labels,1,308,has_crown_color::buff,has_crown_color,155,31,124,0.20000000298023224,75,16,59,4.41480016708374,0.5201271186440678,0.22857142857142856,0.012097416445612907
llm.early,mean,shuffled_labels,1,309,has_wing_pattern::solid,has_wing_pattern,151,32,119,0.21192052960395813,72,18,54,4.465788841247559,0.455761316872428,0.27586206896551724,0.012097416445612907
llm.early,mean,shuffled_labels,1,310,has_wing_pattern::spotted,has_wing_pattern,151,31,120,0.20529800653457642,72,7,65,5.341550827026367,0.5824175824175825,0.08,0.012097416445612907
llm.early,mean,shuffled_labels,1,311,has_wing_pattern::striped,has_wing_pattern,151,55,96,0.3642384111881256,72,33,39,4.238614082336426,0.5407925407925408,0.09302325581395349,0.012097416445612907
llm.early,mean,shuffled_labels,1,312,has_wing_pattern::multi-colored,has_wing_pattern,151,33,118,0.21854305267333984,72,14,58,4.71488094329834,0.4630541871921182,0.13333333333333333,0.012097416445612907
llm.early,mean,shuffled_labels,2,2,has_bill_shape::dagger,has_bill_shape,160,14,146,0.08749999850988388,76,4,72,9.375568389892578,0.5833333333333334,0.4,0.01227904949337244
llm.early,mean,shuffled_labels,2,5,has_bill_shape::hooked_seabird,has_bill_shape,160,15,145,0.09375,76,3,73,11.384308815002441,0.5251141552511416,0.0,0.01227904949337244
llm.early,mean,shuffled_labels,2,7,has_bill_shape::all-purpose,has_bill_shape,160,66,94,0.4124999940395355,76,34,42,4.177664279937744,0.4320728291316527,0.3076923076923077,0.01227904949337244
llm.early,mean,shuffled_labels,2,8,has_bill_shape::cone,has_bill_shape,160,44,116,0.2750000059604645,76,21,55,4.208495616912842,0.4692640692640693,0.2631578947368421,0.01227904949337244
llm.early,mean,shuffled_labels,2,96,has_head_pattern::malar,has_head_pattern,156,16,140,0.10256410390138626,76,10,66,5.284482955932617,0.4,0.0,0.01227904949337244
llm.early,mean,shuffled_labels,2,100,has_head_pattern::eyebrow,has_head_pattern,156,30,126,0.19230769574642181,76,14,62,4.339224815368652,0.6440092165898618,0.35294117647058826,0.01227904949337244
llm.early,mean,shuffled_labels,2,101,has_head_pattern::eyering,has_head_pattern,156,25,131,0.16025641560554504,76,16,60,4.373357772827148,0.5125,0.35714285714285715,0.01227904949337244
llm.early,mean,shuffled_labels,2,102,has_head_pattern::plain,has_head_pattern,156,37,119,0.2371794879436493,76,13,63,5.0233540534973145,0.35653235653235654,0.1111111111111111,0.01227904949337244
llm.early,mean,shuffled_labels,2,103,has_head_pattern::eyeline,has_head_pattern,156,18,138,0.11538461595773697,76,7,69,4.76060676574707,0.4658385093167702,0.125,0.01227904949337244
llm.early,mean,shuffled_labels,2,104,has_head_pattern::striped,has_head_pattern,156,15,141,0.09615384787321091,76,14,62,8.273499488830566,0.6140552995391705,0.11764705882352941,0.01227904949337244
llm.early,mean,shuffled_labels,2,105,has_head_pattern::capped,has_head_pattern,156,16,140,0.10256410390138626,76,9,67,8.289366722106934,0.582089552238806,0.2222222222222222,0.01227904949337244
llm.early,mean,shuffled_labels,2,107,has_breast_color::brown,has_breast_color,145,29,116,0.20000000298023224,75,14,61,4.744400501251221,0.4882903981264637,0.2857142857142857,0.01227904949337244
llm.early,mean,shuffled_labels,2,111,has_breast_color::grey,has_breast_color,145,40,105,0.27586206793785095,75,19,56,4.806590557098389,0.46616541353383456,0.24,0.01227904949337244
llm.early,mean,shuffled_labels,2,117,has_breast_color::black,has_breast_color,145,50,95,0.3448275923728943,75,30,45,4.804912567138672,0.4192592592592593,0.2608695652173913,0.01227904949337244
llm.early,mean,shuffled_labels,2,118,has_breast_color::white,has_breast_color,145,51,94,0.35172414779663086,75,41,34,4.864423751831055,0.4261119081779053,0.36923076923076925,0.01227904949337244
llm.early,mean,shuffled_labels,2,120,has_breast_color::buff,has_breast_color,145,52,93,0.35862070322036743,75,26,49,4.5663347244262695,0.41051805337519626,0.22727272727272727,0.01227904949337244
llm.early,mean,shuffled_labels,2,294,has_crown_color::blue,has_crown_color,155,11,144,0.07096774131059647,75,4,71,10.8941011428833,0.20774647887323944,0.0,0.01227904949337244
llm.early,mean,shuffled_labels,2,295,has_crown_color::brown,has_crown_color,155,60,95,0.3870967626571655,75,33,42,4.453110694885254,0.5266955266955267,0.2857142857142857,0.01227904949337244
llm.early,mean,shuffled_labels,2,299,has_crown_color::grey,has_crown_color,155,36,119,0.23225806653499603,75,18,57,4.852653503417969,0.4405458089668616,0.18181818181818182,0.01227904949337244
llm.early,mean,shuffled_labels,2,305,has_crown_color::black,has_crown_color,155,45,110,0.29032257199287415,75,24,51,4.212806224822998,0.5245098039215687,0.34146341463414637,0.01227904949337244
llm.early,mean,shuffled_labels,2,306,has_crown_color::white,has_crown_color,155,20,135,0.12903225421905518,75,10,65,4.554527282714844,0.29384615384615387,0.09523809523809523,0.01227904949337244
llm.early,mean,shuffled_labels,2,308,has_crown_color::buff,has_crown_color,155,31,124,0.20000000298023224,75,16,59,4.93912410736084,0.4713983050847458,0.14814814814814814,0.01227904949337244
llm.early,mean,shuffled_labels,2,309,has_wing_pattern::solid,has_wing_pattern,151,32,119,0.21192052960395813,72,18,54,4.434151649475098,0.5895061728395061,0.4,0.01227904949337244
llm.early,mean,shuffled_labels,2,310,has_wing_pattern::spotted,has_wing_pattern,151,31,120,0.20529800653457642,72,7,65,5.0835771560668945,0.5296703296703297,0.23529411764705882,0.01227904949337244
llm.early,mean,shuffled_labels,2,311,has_wing_pattern::striped,has_wing_pattern,151,55,96,0.3642384111881256,72,33,39,4.183134078979492,0.4933954933954934,0.24,0.01227904949337244
llm.early,mean,shuffled_labels,2,312,has_wing_pattern::multi-colored,has_wing_pattern,151,33,118,0.21854305267333984,72,14,58,5.567687034606934,0.4421182266009852,0.12121212121212122,0.01227904949337244
llm.early,mean,random_projection,0,2,has_bill_shape::dagger,has_bill_shape,160,14,146,0.08749999850988388,76,4,72,1.8932350873947144,0.7638888888888888,0.2222222222222222,0.06428830325603485
llm.early,mean,random_projection,0,5,has_bill_shape::hooked_seabird,has_bill_shape,160,15,145,0.09375,76,3,73,1.8055965900421143,0.9817351598173516,0.6666666666666666,0.06428830325603485
llm.early,mean,random_projection,0,7,has_bill_shape::all-purpose,has_bill_shape,160,66,94,0.4124999940395355,76,34,42,1.5364906787872314,0.6260504201680672,0.5357142857142857,0.06428830325603485
llm.early,mean,random_projection,0,8,has_bill_shape::cone,has_bill_shape,160,44,116,0.2750000059604645,76,21,55,1.8264622688293457,0.754978354978355,0.4878048780487805,0.06428830325603485
llm.early,mean,random_projection,0,96,has_head_pattern::malar,has_head_pattern,156,16,140,0.10256410390138626,76,10,66,1.1569855213165283,0.4984848484848485,0.15384615384615385,0.06428830325603485
llm.early,mean,random_projection,0,100,has_head_pattern::eyebrow,has_head_pattern,156,30,126,0.19230769574642181,76,14,62,1.3014317750930786,0.5910138248847926,0.3225806451612903,0.06428830325603485
llm.early,mean,random_projection,0,101,has_head_pattern::eyering,has_head_pattern,156,25,131,0.16025641560554504,76,16,60,1.610211730003357,0.7333333333333333,0.37037037037037035,0.06428830325603485
llm.early,mean,random_projection,0,102,has_head_pattern::plain,has_head_pattern,156,37,119,0.2371794879436493,76,13,63,2.053892135620117,0.8205128205128205,0.5,0.06428830325603485
llm.early,mean,random_projection,0,103,has_head_pattern::eyeline,has_head_pattern,156,18,138,0.11538461595773697,76,7,69,0.9646543264389038,0.4409937888198758,0.0,0.06428830325603485
llm.early,mean,random_projection,0,104,has_head_pattern::striped,has_head_pattern,156,15,141,0.09615384787321091,76,14,62,1.4412328004837036,0.5195852534562212,0.10526315789473684,0.06428830325603485
llm.early,mean,random_projection,0,105,has_head_pattern::capped,has_head_pattern,156,16,140,0.10256410390138626,76,9,67,1.7198344469070435,0.5008291873963516,0.0,0.06428830325603485
llm.early,mean,random_projection,0,107,has_breast_color::brown,has_breast_color,145,29,116,0.20000000298023224,75,14,61,2.1547114849090576,0.5620608899297423,0.1935483870967742,0.06428830325603485
llm.early,mean,random_projection,0,111,has_breast_color::grey,has_breast_color,145,40,105,0.27586206793785095,75,19,56,1.902583360671997,0.525375939849624,0.125,0.06428830325603485
llm.early,mean,random_projection,0,117,has_breast_color::black,has_breast_color,145,50,95,0.3448275923728943,75,30,45,0.9695631265640259,0.47555555555555556,0.17391304347826086,0.06428830325603485
llm.early,mean,random_projection,0,118,has_breast_color::white,has_breast_color,145,51,94,0.35172414779663086,75,41,34,0.8075547218322754,0.624103299856528,0.5866666666666667,0.06428830325603485
llm.early,mean,random_projection,0,120,has_breast_color::buff,has_breast_color,145,52,93,0.35862070322036743,75,26,49,1.792549967765808,0.6609105180533752,0.35,0.06428830325603485
llm.early,mean,random_projection,0,294,has_crown_color::blue,has_crown_color,155,11,144,0.07096774131059647,75,4,71,2.5704526901245117,1.0,1.0,0.06428830325603485
llm.early,mean,random_projection,0,295,has_crown_color::brown,has_crown_color,155,60,95,0.3870967626571655,75,33,42,1.4906049966812134,0.6493506493506493,0.5573770491803278,0.06428830325603485
llm.early,mean,random_projection,0,299,has_crown_color::grey,has_crown_color,155,36,119,0.23225806653499603,75,18,57,1.1448309421539307,0.6364522417153996,0.37037037037037035,0.06428830325603485
llm.early,mean,random_projection,0,305,has_crown_color::black,has_crown_color,155,45,110,0.29032257199287415,75,24,51,1.6547486782073975,0.6429738562091504,0.43243243243243246,0.06428830325603485
llm.early,mean,random_projection,0,306,has_crown_color::white,has_crown_color,155,20,135,0.12903225421905518,75,10,65,1.3761385679244995,0.7692307692307693,0.3333333333333333,0.06428830325603485
llm.early,mean,random_projection,0,308,has_crown_color::buff,has_crown_color,155,31,124,0.20000000298023224,75,16,59,1.3111107349395752,0.4353813559322034,0.16666666666666666,0.06428830325603485
llm.early,mean,random_projection,0,309,has_wing_pattern::solid,has_wing_pattern,151,32,119,0.21192052960395813,72,18,54,1.6931225061416626,0.676954732510288,0.34782608695652173,0.06428830325603485
llm.early,mean,random_projection,0,310,has_wing_pattern::spotted,has_wing_pattern,151,31,120,0.20529800653457642,72,7,65,2.134781837463379,0.7494505494505495,0.34782608695652173,0.06428830325603485
llm.early,mean,random_projection,0,311,has_wing_pattern::striped,has_wing_pattern,151,55,96,0.3642384111881256,72,33,39,1.1519088745117188,0.6884226884226884,0.49056603773584906,0.06428830325603485
llm.early,mean,random_projection,0,312,has_wing_pattern::multi-colored,has_wing_pattern,151,33,118,0.21854305267333984,72,14,58,2.291966438293457,0.6280788177339901,0.3157894736842105,0.06428830325603485
llm.early,mean,random_projection,1,2,has_bill_shape::dagger,has_bill_shape,160,14,146,0.08749999850988388,76,4,72,2.126316547393799,0.8194444444444444,0.25,0.06156354770064354
llm.early,mean,random_projection,1,5,has_bill_shape::hooked_seabird,has_bill_shape,160,15,145,0.09375,76,3,73,2.355419158935547,0.9634703196347032,0.4,0.06156354770064354
llm.early,mean,random_projection,1,7,has_bill_shape::all-purpose,has_bill_shape,160,66,94,0.4124999940395355,76,34,42,1.7317277193069458,0.6659663865546218,0.39215686274509803,0.06156354770064354
llm.early,mean,random_projection,1,8,has_bill_shape::cone,has_bill_shape,160,44,116,0.2750000059604645,76,21,55,1.8356800079345703,0.7593073593073593,0.5581395348837209,0.06156354770064354
llm.early,mean,random_projection,1,96,has_head_pattern::malar,has_head_pattern,156,16,140,0.10256410390138626,76,10,66,1.0945425033569336,0.503030303030303,0.0,0.06156354770064354
llm.early,mean,random_projection,1,100,has_head_pattern::eyebrow,has_head_pattern,156,30,126,0.19230769574642181,76,14,62,1.4380830526351929,0.6589861751152074,0.32,0.06156354770064354
llm.early,mean,random_projection,1,101,has_head_pattern::eyering,has_head_pattern,156,25,131,0.16025641560554504,76,16,60,1.2022854089736938,0.5729166666666666,0.3333333333333333,0.06156354770064354
llm.early,mean,random_projection,1,102,has_head_pattern::plain,has_head_pattern,156,37,119,0.2371794879436493,76,13,63,1.236784815788269,0.8705738705738706,0.6,0.06156354770064354
llm.early,mean,random_projection,1,103,has_head_pattern::eyeline,has_head_pattern,156,18,138,0.11538461595773697,76,7,69,1.153902292251587,0.6563146997929606,0.23529411764705882,0.06156354770064354
llm.early,mean,random_projection,1,104,has_head_pattern::striped,has_head_pattern,156,15,141,0.09615384787321091,76,14,62,0.9184353351593018,0.4631336405529954,0.08695652173913043,0.06156354770064354
llm.early,mean,random_projection,1,105,has_head_pattern::capped,has_head_pattern,156,16,140,0.10256410390138626,76,9,67,1.6493463516235352,0.3250414593698176,0.0,0.06156354770064354
llm.early,mean,random_projection,1,107,has_breast_color::brown,has_breast_color,145,29,116,0.20000000298023224,75,14,61,1.813469409942627,0.6440281030444965,0.23076923076923078,0.06156354770064354
llm.early,mean,random_projection,1,111,has_breast_color::grey,has_breast_color,145,40,105,0.27586206793785095,75,19,56,1.7251776456832886,0.5545112781954887,0.2857142857142857,0.06156354770064354
llm.early,mean,random_projection,1,117,has_breast_color::black,has_breast_color,145,50,95,0.3448275923728943,75,30,45,1.1425038576126099,0.4925925925925926,0.32,0.06156354770064354
llm.early,mean,random_projection,1,118,has_breast_color::white,has_breast_color,145,51,94,0.35172414779663086,75,41,34,0.9945580959320068,0.5616929698708751,0.4444444444444444,0.06156354770064354
llm.early,mean,random_projection,1,120,has_breast_color::buff,has_breast_color,145,52,93,0.35862070322036743,75,26,49,1.5145944356918335,0.5965463108320251,0.32558139534883723,0.06156354770064354
llm.early,mean,random_projection,1,294,has_crown_color::blue,has_crown_color,155,11,144,0.07096774131059647,75,4,71,2.1692233085632324,1.0,1.0,0.06156354770064354
llm.early,mean,random_projection,1,295,has_crown_color::brown,has_crown_color,155,60,95,0.3870967626571655,75,33,42,1.4825905561447144,0.6464646464646465,0.5161290322580645,0.06156354770064354
llm.early,mean,random_projection,1,299,has_crown_color::grey,has_crown_color,155,36,119,0.23225806653499603,75,18,57,1.189402461051941,0.6042884990253411,0.22857142857142856,0.06156354770064354
llm.early,mean,random_projection,1,305,has_crown_color::black,has_crown_color,155,45,110,0.29032257199287415,75,24,51,1.6673593521118164,0.6266339869281046,0.5128205128205128,0.06156354770064354
llm.early,mean,random_projection,1,306,has_crown_color::white,has_crown_color,155,20,135,0.12903225421905518,75,10,65,0.8853979110717773,0.7323076923076923,0.4,0.06156354770064354
llm.early,mean,random_projection,1,308,has_crown_color::buff,has_crown_color,155,31,124,0.20000000298023224,75,16,59,1.5011152029037476,0.3940677966101695,0.0,0.06156354770064354
llm.early,mean,random_projection,1,309,has_wing_pattern::solid,has_wing_pattern,151,32,119,0.21192052960395813,72,18,54,2.3814048767089844,0.7366255144032922,0.42857142857142855,0.06156354770064354
llm.early,mean,random_projection,1,310,has_wing_pattern::spotted,has_wing_pattern,151,31,120,0.20529800653457642,72,7,65,1.3262603282928467,0.8043956043956044,0.35714285714285715,0.06156354770064354
llm.early,mean,random_projection,1,311,has_wing_pattern::striped,has_wing_pattern,151,55,96,0.3642384111881256,72,33,39,1.8695268630981445,0.6068376068376068,0.46153846153846156,0.06156354770064354
llm.early,mean,random_projection,1,312,has_wing_pattern::multi-colored,has_wing_pattern,151,33,118,0.21854305267333984,72,14,58,2.004934310913086,0.5948275862068966,0.36363636363636365,0.06156354770064354
llm.early,mean,random_projection,2,2,has_bill_shape::dagger,has_bill_shape,160,14,146,0.08749999850988388,76,4,72,1.8757935762405396,0.7048611111111112,0.0,0.06286169588565826
llm.early,mean,random_projection,2,5,has_bill_shape::hooked_seabird,has_bill_shape,160,15,145,0.09375,76,3,73,2.6147708892822266,0.9771689497716894,0.5454545454545454,0.06286169588565826
llm.early,mean,random_projection,2,7,has_bill_shape::all-purpose,has_bill_shape,160,66,94,0.4124999940395355,76,34,42,1.4698055982589722,0.6645658263305322,0.5098039215686274,0.06286169588565826
llm.early,mean,random_projection,2,8,has_bill_shape::cone,has_bill_shape,160,44,116,0.2750000059604645,76,21,55,1.4943944215774536,0.7696969696969697,0.4878048780487805,0.06286169588565826
llm.early,mean,random_projection,2,96,has_head_pattern::malar,has_head_pattern,156,16,140,0.10256410390138626,76,10,66,1.9662432670593262,0.6045454545454545,0.15384615384615385,0.06286169588565826
llm.early,mean,random_projection,2,100,has_head_pattern::eyebrow,has_head_pattern,156,30,126,0.19230769574642181,76,14,62,1.5119061470031738,0.7557603686635944,0.48,0.06286169588565826
llm.early,mean,random_projection,2,101,has_head_pattern::eyering,has_head_pattern,156,25,131,0.16025641560554504,76,16,60,1.3737907409667969,0.7135416666666666,0.2222222222222222,0.06286169588565826
llm.early,mean,random_projection,2,102,has_head_pattern::plain,has_head_pattern,156,37,119,0.2371794879436493,76,13,63,2.403163433074951,0.7118437118437119,0.37037037037037035,0.06286169588565826
llm.early,mean,random_projection,2,103,has_head_pattern::eyeline,has_head_pattern,156,18,138,0.11538461595773697,76,7,69,1.017633318901062,0.5031055900621118,0.13333333333333333,0.06286169588565826
llm.early,mean,random_projection,2,104,has_head_pattern::striped,has_head_pattern,156,15,141,0.09615384787321091,76,14,62,1.2276533842086792,0.43548387096774194,0.2727272727272727,0.06286169588565826
llm.early,mean,random_projection,2,105,has_head_pattern::capped,has_head_pattern,156,16,140,0.10256410390138626,76,9,67,1.2511563301086426,0.5190713101160862,0.0,0.06286169588565826
llm.early,mean,random_projection,2,107,has_breast_color::brown,has_breast_color,145,29,116,0.20000000298023224,75,14,61,1.3767582178115845,0.5655737704918032,0.12903225806451613,0.06286169588565826
llm.early,mean,random_projection,2,111,has_breast_color::grey,has_breast_color,145,40,105,0.27586206793785095,75,19,56,1.98861825466156,0.450187969924812,0.13333333333333333,0.06286169588565826
llm.early,mean,random_projection,2,117,has_breast_color::black,has_breast_color,145,50,95,0.3448275923728943,75,30,45,1.4097281694412231,0.56,0.2916666666666667,0.06286169588565826
llm.early,mean,random_projection,2,118,has_breast_color::white,has_breast_color,145,51,94,0.35172414779663086,75,41,34,1.3098866939544678,0.4748923959827834,0.3333333333333333,0.06286169588565826
llm.early,mean,random_projection,2,120,has_breast_color::buff,has_breast_color,145,52,93,0.35862070322036743,75,26,49,1.6487904787063599,0.5832025117739403,0.4166666666666667,0.06286169588565826
llm.early,mean,random_projection,2,294,has_crown_color::blue,has_crown_color,155,11,144,0.07096774131059647,75,4,71,2.646635055541992,0.9929577464788732,0.8,0.06286169588565826
llm.early,mean,random_projection,2,295,has_crown_color::brown,has_crown_color,155,60,95,0.3870967626571655,75,33,42,1.6593776941299438,0.6955266955266955,0.5185185185185185,0.06286169588565826
llm.early,mean,random_projection,2,299,has_crown_color::grey,has_crown_color,155,36,119,0.23225806653499603,75,18,57,0.7245951890945435,0.5087719298245614,0.13793103448275862,0.06286169588565826
llm.early,mean,random_projection,2,305,has_crown_color::black,has_crown_color,155,45,110,0.29032257199287415,75,24,51,1.4918670654296875,0.7483660130718954,0.5238095238095238,0.06286169588565826
llm.early,mean,random_projection,2,306,has_crown_color::white,has_crown_color,155,20,135,0.12903225421905518,75,10,65,0.8117902278900146,0.7523076923076923,0.42105263157894735,0.06286169588565826
llm.early,mean,random_projection,2,308,has_crown_color::buff,has_crown_color,155,31,124,0.20000000298023224,75,16,59,1.5341769456863403,0.3167372881355932,0.07142857142857142,0.06286169588565826
llm.early,mean,random_projection,2,309,has_wing_pattern::solid,has_wing_pattern,151,32,119,0.21192052960395813,72,18,54,1.5826808214187622,0.5174897119341564,0.23076923076923078,0.06286169588565826
llm.early,mean,random_projection,2,310,has_wing_pattern::spotted,has_wing_pattern,151,31,120,0.20529800653457642,72,7,65,1.0823317766189575,0.8593406593406593,0.48,0.06286169588565826
llm.early,mean,random_projection,2,311,has_wing_pattern::striped,has_wing_pattern,151,55,96,0.3642384111881256,72,33,39,1.2877277135849,0.6853146853146853,0.5283018867924528,0.06286169588565826
llm.early,mean,random_projection,2,312,has_wing_pattern::multi-colored,has_wing_pattern,151,33,118,0.21854305267333984,72,14,58,1.547168254852295,0.6009852216748769,0.35,0.06286169588565826
llm.middle,mean,primary,0,2,has_bill_shape::dagger,has_bill_shape,160,14,146,0.08749999850988388,76,4,72,18.23247718811035,0.7604166666666666,0.0,0.0060329195111989975
llm.middle,mean,primary,0,5,has_bill_shape::hooked_seabird,has_bill_shape,160,15,145,0.09375,76,3,73,5.714916229248047,0.9726027397260274,0.5454545454545454,0.0060329195111989975
llm.middle,mean,primary,0,7,has_bill_shape::all-purpose,has_bill_shape,160,66,94,0.4124999940395355,76,34,42,5.657826900482178,0.6673669467787114,0.3829787234042553,0.0060329195111989975
llm.middle,mean,primary,0,8,has_bill_shape::cone,has_bill_shape,160,44,116,0.2750000059604645,76,21,55,5.442907810211182,0.729004329004329,0.5416666666666666,0.0060329195111989975
llm.middle,mean,primary,0,96,has_head_pattern::malar,has_head_pattern,156,16,140,0.10256410390138626,76,10,66,10.490028381347656,0.4287878787878788,0.0,0.0060329195111989975
llm.middle,mean,primary,0,100,has_head_pattern::eyebrow,has_head_pattern,156,30,126,0.19230769574642181,76,14,62,5.587403297424316,0.6682027649769585,0.42857142857142855,0.0060329195111989975
llm.middle,mean,primary,0,101,has_head_pattern::eyering,has_head_pattern,156,25,131,0.16025641560554504,76,16,60,5.840399265289307,0.6864583333333333,0.4,0.0060329195111989975
llm.middle,mean,primary,0,102,has_head_pattern::plain,has_head_pattern,156,37,119,0.2371794879436493,76,13,63,5.68809175491333,0.7997557997557998,0.5185185185185185,0.0060329195111989975
llm.middle,mean,primary,0,103,has_head_pattern::eyeline,has_head_pattern,156,18,138,0.11538461595773697,76,7,69,5.777600288391113,0.6853002070393375,0.23076923076923078,0.0060329195111989975
llm.middle,mean,primary,0,104,has_head_pattern::striped,has_head_pattern,156,15,141,0.09615384787321091,76,14,62,4.865854263305664,0.521889400921659,0.2702702702702703,0.0060329195111989975
llm.middle,mean,primary,0,105,has_head_pattern::capped,has_head_pattern,156,16,140,0.10256410390138626,76,9,67,7.243829727172852,0.46766169154228854,0.0,0.0060329195111989975
llm.middle,mean,primary,0,107,has_breast_color::brown,has_breast_color,145,29,116,0.20000000298023224,75,14,61,5.938659191131592,0.5866510538641686,0.15384615384615385,0.0060329195111989975
llm.middle,mean,primary,0,111,has_breast_color::grey,has_breast_color,145,40,105,0.27586206793785095,75,19,56,6.619973182678223,0.5122180451127819,0.17647058823529413,0.0060329195111989975
llm.middle,mean,primary,0,117,has_breast_color::black,has_breast_color,145,50,95,0.3448275923728943,75,30,45,5.083619117736816,0.5740740740740741,0.21739130434782608,0.0060329195111989975
llm.middle,mean,primary,0,118,has_breast_color::white,has_breast_color,145,51,94,0.35172414779663086,75,41,34,4.937071800231934,0.6219512195121951,0.5230769230769231,0.0060329195111989975
llm.middle,mean,primary,0,120,has_breast_color::buff,has_breast_color,145,52,93,0.35862070322036743,75,26,49,5.540245532989502,0.5839874411302983,0.3684210526315789,0.0060329195111989975
llm.middle,mean,primary,0,294,has_crown_color::blue,has_crown_color,155,11,144,0.07096774131059647,75,4,71,10.818589210510254,1.0,0.8888888888888888,0.0060329195111989975
llm.middle,mean,primary,0,295,has_crown_color::brown,has_crown_color,155,60,95,0.3870967626571655,75,33,42,5.778298854827881,0.63997113997114,0.5172413793103449,0.0060329195111989975
llm.middle,mean,primary,0,299,has_crown_color::grey,has_crown_color,155,36,119,0.23225806653499603,75,18,57,5.526727199554443,0.631578947368421,0.4666666666666667,0.0060329195111989975
llm.middle,mean,primary,0,305,has_crown_color::black,has_crown_color,155,45,110,0.29032257199287415,75,24,51,5.945050239562988,0.6781045751633987,0.3888888888888889,0.0060329195111989975
llm.middle,mean,primary,0,306,has_crown_color::white,has_crown_color,155,20,135,0.12903225421905518,75,10,65,4.984992504119873,0.6892307692307692,0.36363636363636365,0.0060329195111989975
llm.middle,mean,primary,0,308,has_crown_color::buff,has_crown_color,155,31,124,0.20000000298023224,75,16,59,6.9942169189453125,0.4322033898305085,0.14285714285714285,0.0060329195111989975
llm.middle,mean,primary,0,309,has_wing_pattern::solid,has_wing_pattern,151,32,119,0.21192052960395813,72,18,54,5.127778053283691,0.6893004115226338,0.5714285714285714,0.0060329195111989975
llm.middle,mean,primary,0,310,has_wing_pattern::spotted,has_wing_pattern,151,31,120,0.20529800653457642,72,7,65,5.693312644958496,0.8791208791208791,0.43478260869565216,0.0060329195111989975
llm.middle,mean,primary,0,311,has_wing_pattern::striped,has_wing_pattern,151,55,96,0.3642384111881256,72,33,39,5.420536041259766,0.7148407148407149,0.4583333333333333,0.0060329195111989975
llm.middle,mean,primary,0,312,has_wing_pattern::multi-colored,has_wing_pattern,151,33,118,0.21854305267333984,72,14,58,5.568492889404297,0.6059113300492611,0.2857142857142857,0.0060329195111989975
llm.middle,mean,primary,1,2,has_bill_shape::dagger,has_bill_shape,160,14,146,0.08749999850988388,76,4,72,16.901573181152344,0.7916666666666666,0.0,0.006003233604133129
llm.middle,mean,primary,1,5,has_bill_shape::hooked_seabird,has_bill_shape,160,15,145,0.09375,76,3,73,5.787346839904785,0.9726027397260274,0.5454545454545454,0.006003233604133129
llm.middle,mean,primary,1,7,has_bill_shape::all-purpose,has_bill_shape,160,66,94,0.4124999940395355,76,34,42,5.684582710266113,0.6757703081232493,0.43478260869565216,0.006003233604133129
llm.middle,mean,primary,1,8,has_bill_shape::cone,has_bill_shape,160,44,116,0.2750000059604645,76,21,55,5.4457783699035645,0.7341991341991342,0.5217391304347826,0.006003233604133129
llm.middle,mean,primary,1,96,has_head_pattern::malar,has_head_pattern,156,16,140,0.10256410390138626,76,10,66,9.807577133178711,0.44393939393939397,0.0,0.006003233604133129
llm.middle,mean,primary,1,100,has_head_pattern::eyebrow,has_head_pattern,156,30,126,0.19230769574642181,76,14,62,5.543240547180176,0.6682027649769585,0.38461538461538464,0.006003233604133129
llm.middle,mean,primary,1,101,has_head_pattern::eyering,has_head_pattern,156,25,131,0.16025641560554504,76,16,60,6.3281569480896,0.6885416666666667,0.4,0.006003233604133129
llm.middle,mean,primary,1,102,has_head_pattern::plain,has_head_pattern,156,37,119,0.2371794879436493,76,13,63,5.625131607055664,0.7985347985347986,0.5,0.006003233604133129
llm.middle,mean,primary,1,103,has_head_pattern::eyeline,has_head_pattern,156,18,138,0.11538461595773697,76,7,69,6.015707492828369,0.6977225672877847,0.25,0.006003233604133129
llm.middle,mean,primary,1,104,has_head_pattern::striped,has_head_pattern,156,15,141,0.09615384787321091,76,14,62,5.166094779968262,0.5288018433179723,0.2857142857142857,0.006003233604133129
llm.middle,mean,primary,1,105,has_head_pattern::capped,has_head_pattern,156,16,140,0.10256410390138626,76,9,67,7.339196681976318,0.472636815920398,0.10526315789473684,0.006003233604133129
llm.middle,mean,primary,1,107,has_breast_color::brown,has_breast_color,145,29,116,0.20000000298023224,75,14,61,6.225774765014648,0.5807962529274004,0.15384615384615385,0.006003233604133129
llm.middle,mean,primary,1,111,has_breast_color::grey,has_breast_color,145,40,105,0.27586206793785095,75,19,56,6.454349517822266,0.5056390977443609,0.23529411764705882,0.006003233604133129
llm.middle,mean,primary,1,117,has_breast_color::black,has_breast_color,145,50,95,0.3448275923728943,75,30,45,5.110206127166748,0.5792592592592593,0.21739130434782608,0.006003233604133129
llm.middle,mean,primary,1,118,has_breast_color::white,has_breast_color,145,51,94,0.35172414779663086,75,41,34,4.985913276672363,0.6255380200860832,0.5079365079365079,0.006003233604133129
llm.middle,mean,primary,1,120,has_breast_color::buff,has_breast_color,145,52,93,0.35862070322036743,75,26,49,5.770105838775635,0.5808477237048666,0.3157894736842105,0.006003233604133129
llm.middle,mean,primary,1,294,has_crown_color::blue,has_crown_color,155,11,144,0.07096774131059647,75,4,71,9.999117851257324,1.0,0.8888888888888888,0.006003233604133129
llm.middle,mean,primary,1,295,has_crown_color::brown,has_crown_color,155,60,95,0.3870967626571655,75,33,42,6.103556156158447,0.6479076479076479,0.5263157894736842,0.006003233604133129
llm.middle,mean,primary,1,299,has_crown_color::grey,has_crown_color,155,36,119,0.23225806653499603,75,18,57,5.659527778625488,0.6384015594541911,0.45161290322580644,0.006003233604133129
llm.middle,mean,primary,1,305,has_crown_color::black,has_crown_color,155,45,110,0.29032257199287415,75,24,51,5.882500171661377,0.6952614379084967,0.3888888888888889,0.006003233604133129
llm.middle,mean,primary,1,306,has_crown_color::white,has_crown_color,155,20,135,0.12903225421905518,75,10,65,5.079093933105469,0.683076923076923,0.36363636363636365,0.006003233604133129
llm.middle,mean,primary,1,308,has_crown_color::buff,has_crown_color,155,31,124,0.20000000298023224,75,16,59,7.182292938232422,0.4300847457627119,0.15384615384615385,0.006003233604133129
llm.middle,mean,primary,1,309,has_wing_pattern::solid,has_wing_pattern,151,32,119,0.21192052960395813,72,18,54,5.161742210388184,0.6954732510288066,0.5714285714285714,0.006003233604133129
llm.middle,mean,primary,1,310,has_wing_pattern::spotted,has_wing_pattern,151,31,120,0.20529800653457642,72,7,65,5.6130757331848145,0.8703296703296703,0.38095238095238093,0.006003233604133129
llm.middle,mean,primary,1,311,has_wing_pattern::striped,has_wing_pattern,151,55,96,0.3642384111881256,72,33,39,5.418211460113525,0.714063714063714,0.4489795918367347,0.006003233604133129
llm.middle,mean,primary,1,312,has_wing_pattern::multi-colored,has_wing_pattern,151,33,118,0.21854305267333984,72,14,58,5.602298736572266,0.6120689655172413,0.23529411764705882,0.006003233604133129
llm.middle,mean,primary,2,2,has_bill_shape::dagger,has_bill_shape,160,14,146,0.08749999850988388,76,4,72,17.54546356201172,0.7881944444444444,0.0,0.006112279836088419
llm.middle,mean,primary,2,5,has_bill_shape::hooked_seabird,has_bill_shape,160,15,145,0.09375,76,3,73,5.862630367279053,0.9726027397260274,0.5454545454545454,0.006112279836088419
llm.middle,mean,primary,2,7,has_bill_shape::all-purpose,has_bill_shape,160,66,94,0.4124999940395355,76,34,42,5.568650722503662,0.665266106442577,0.43478260869565216,0.006112279836088419
llm.middle,mean,primary,2,8,has_bill_shape::cone,has_bill_shape,160,44,116,0.2750000059604645,76,21,55,5.408752918243408,0.7333333333333333,0.5652173913043478,0.006112279836088419
llm.middle,mean,primary,2,96,has_head_pattern::malar,has_head_pattern,156,16,140,0.10256410390138626,76,10,66,10.152443885803223,0.42727272727272725,0.0,0.006112279836088419
llm.middle,mean,primary,2,100,has_head_pattern::eyebrow,has_head_pattern,156,30,126,0.19230769574642181,76,14,62,5.586176872253418,0.6578341013824884,0.37037037037037035,0.006112279836088419
llm.middle,mean,primary,2,101,has_head_pattern::eyering,has_head_pattern,156,25,131,0.16025641560554504,76,16,60,6.179282188415527,0.6916666666666667,0.42424242424242425,0.006112279836088419
llm.middle,mean,primary,2,102,has_head_pattern::plain,has_head_pattern,156,37,119,0.2371794879436493,76,13,63,5.493171691894531,0.8070818070818071,0.5185185185185185,0.006112279836088419
llm.middle,mean,primary,2,103,has_head_pattern::eyeline,has_head_pattern,156,18,138,0.11538461595773697,76,7,69,5.862865447998047,0.6811594202898551,0.24,0.006112279836088419
llm.middle,mean,primary,2,104,has_head_pattern::striped,has_head_pattern,156,15,141,0.09615384787321091,76,14,62,4.9159040451049805,0.5172811059907834,0.23529411764705882,0.006112279836088419
llm.middle,mean,primary,2,105,has_head_pattern::capped,has_head_pattern,156,16,140,0.10256410390138626,76,9,67,7.022393226623535,0.48258706467661694,0.0,0.006112279836088419
llm.middle,mean,primary,2,107,has_breast_color::brown,has_breast_color,145,29,116,0.20000000298023224,75,14,61,5.944675445556641,0.5737704918032787,0.15384615384615385,0.006112279836088419
llm.middle,mean,primary,2,111,has_breast_color::grey,has_breast_color,145,40,105,0.27586206793785095,75,19,56,6.747262477874756,0.5028195488721805,0.1875,0.006112279836088419
llm.middle,mean,primary,2,117,has_breast_color::black,has_breast_color,145,50,95,0.3448275923728943,75,30,45,5.325462818145752,0.5822222222222222,0.2553191489361702,0.006112279836088419
llm.middle,mean,primary,2,118,has_breast_color::white,has_breast_color,145,51,94,0.35172414779663086,75,41,34,4.965795993804932,0.6233859397417504,0.4838709677419355,0.006112279836088419
llm.middle,mean,primary,2,120,has_breast_color::buff,has_breast_color,145,52,93,0.35862070322036743,75,26,49,5.632021427154541,0.5769230769230769,0.3684210526315789,0.006112279836088419
llm.middle,mean,primary,2,294,has_crown_color::blue,has_crown_color,155,11,144,0.07096774131059647,75,4,71,10.253470420837402,1.0,0.8888888888888888,0.006112279836088419
llm.middle,mean,primary,2,295,has_crown_color::brown,has_crown_color,155,60,95,0.3870967626571655,75,33,42,5.6526103019714355,0.6363636363636364,0.5172413793103449,0.006112279836088419
llm.middle,mean,primary,2,299,has_crown_color::grey,has_crown_color,155,36,119,0.23225806653499603,75,18,57,5.5584235191345215,0.6442495126705653,0.4666666666666667,0.006112279836088419
llm.middle,mean,primary,2,305,has_crown_color::black,has_crown_color,155,45,110,0.29032257199287415,75,24,51,5.934086799621582,0.6887254901960784,0.42105263157894735,0.006112279836088419
llm.middle,mean,primary,2,306,has_crown_color::white,has_crown_color,155,20,135,0.12903225421905518,75,10,65,4.951527118682861,0.6876923076923077,0.36363636363636365,0.006112279836088419
llm.middle,mean,primary,2,308,has_crown_color::buff,has_crown_color,155,31,124,0.20000000298023224,75,16,59,6.88189697265625,0.4406779661016949,0.14285714285714285,0.006112279836088419
llm.middle,mean,primary,2,309,has_wing_pattern::solid,has_wing_pattern,151,32,119,0.21192052960395813,72,18,54,5.3425092697143555,0.6862139917695473,0.5517241379310345,0.006112279836088419
llm.middle,mean,primary,2,310,has_wing_pattern::spotted,has_wing_pattern,151,31,120,0.20529800653457642,72,7,65,5.799224853515625,0.8791208791208791,0.38095238095238093,0.006112279836088419
llm.middle,mean,primary,2,311,has_wing_pattern::striped,has_wing_pattern,151,55,96,0.3642384111881256,72,33,39,5.418270111083984,0.7202797202797203,0.4583333333333333,0.006112279836088419
llm.middle,mean,primary,2,312,has_wing_pattern::multi-colored,has_wing_pattern,151,33,118,0.21854305267333984,72,14,58,5.679244518280029,0.6096059113300493,0.22857142857142856,0.006112279836088419
llm.middle,mean,prevalence,-1,2,has_bill_shape::dagger,has_bill_shape,160,14,146,0.08749999850988388,76,4,72,0.0,0.5,0.0,nan
llm.middle,mean,prevalence,-1,5,has_bill_shape::hooked_seabird,has_bill_shape,160,15,145,0.09375,76,3,73,0.0,0.5,0.0,nan
llm.middle,mean,prevalence,-1,7,has_bill_shape::all-purpose,has_bill_shape,160,66,94,0.4124999940395355,76,34,42,0.0,0.5,0.0,nan
llm.middle,mean,prevalence,-1,8,has_bill_shape::cone,has_bill_shape,160,44,116,0.2750000059604645,76,21,55,0.0,0.5,0.0,nan
llm.middle,mean,prevalence,-1,96,has_head_pattern::malar,has_head_pattern,156,16,140,0.10256410390138626,76,10,66,0.0,0.5,0.0,nan
llm.middle,mean,prevalence,-1,100,has_head_pattern::eyebrow,has_head_pattern,156,30,126,0.19230769574642181,76,14,62,0.0,0.5,0.0,nan
llm.middle,mean,prevalence,-1,101,has_head_pattern::eyering,has_head_pattern,156,25,131,0.16025641560554504,76,16,60,0.0,0.5,0.0,nan
llm.middle,mean,prevalence,-1,102,has_head_pattern::plain,has_head_pattern,156,37,119,0.2371794879436493,76,13,63,0.0,0.5,0.0,nan
llm.middle,mean,prevalence,-1,103,has_head_pattern::eyeline,has_head_pattern,156,18,138,0.11538461595773697,76,7,69,0.0,0.5,0.0,nan
llm.middle,mean,prevalence,-1,104,has_head_pattern::striped,has_head_pattern,156,15,141,0.09615384787321091,76,14,62,0.0,0.5,0.0,nan
llm.middle,mean,prevalence,-1,105,has_head_pattern::capped,has_head_pattern,156,16,140,0.10256410390138626,76,9,67,0.0,0.5,0.0,nan
llm.middle,mean,prevalence,-1,107,has_breast_color::brown,has_breast_color,145,29,116,0.20000000298023224,75,14,61,0.0,0.5,0.0,nan
llm.middle,mean,prevalence,-1,111,has_breast_color::grey,has_breast_color,145,40,105,0.27586206793785095,75,19,56,0.0,0.5,0.0,nan
llm.middle,mean,prevalence,-1,117,has_breast_color::black,has_breast_color,145,50,95,0.3448275923728943,75,30,45,0.0,0.5,0.0,nan
llm.middle,mean,prevalence,-1,118,has_breast_color::white,has_breast_color,145,51,94,0.35172414779663086,75,41,34,0.0,0.5,0.0,nan
llm.middle,mean,prevalence,-1,120,has_breast_color::buff,has_breast_color,145,52,93,0.35862070322036743,75,26,49,0.0,0.5,0.0,nan
llm.middle,mean,prevalence,-1,294,has_crown_color::blue,has_crown_color,155,11,144,0.07096774131059647,75,4,71,0.0,0.5,0.0,nan
llm.middle,mean,prevalence,-1,295,has_crown_color::brown,has_crown_color,155,60,95,0.3870967626571655,75,33,42,0.0,0.5,0.0,nan
llm.middle,mean,prevalence,-1,299,has_crown_color::grey,has_crown_color,155,36,119,0.23225806653499603,75,18,57,0.0,0.5,0.0,nan
llm.middle,mean,prevalence,-1,305,has_crown_color::black,has_crown_color,155,45,110,0.29032257199287415,75,24,51,0.0,0.5,0.0,nan
llm.middle,mean,prevalence,-1,306,has_crown_color::white,has_crown_color,155,20,135,0.12903225421905518,75,10,65,0.0,0.5,0.0,nan
llm.middle,mean,prevalence,-1,308,has_crown_color::buff,has_crown_color,155,31,124,0.20000000298023224,75,16,59,0.0,0.5,0.0,nan
llm.middle,mean,prevalence,-1,309,has_wing_pattern::solid,has_wing_pattern,151,32,119,0.21192052960395813,72,18,54,0.0,0.5,0.0,nan
llm.middle,mean,prevalence,-1,310,has_wing_pattern::spotted,has_wing_pattern,151,31,120,0.20529800653457642,72,7,65,0.0,0.5,0.0,nan
llm.middle,mean,prevalence,-1,311,has_wing_pattern::striped,has_wing_pattern,151,55,96,0.3642384111881256,72,33,39,0.0,0.5,0.0,nan
llm.middle,mean,prevalence,-1,312,has_wing_pattern::multi-colored,has_wing_pattern,151,33,118,0.21854305267333984,72,14,58,0.0,0.5,0.0,nan
llm.middle,mean,shuffled_labels,0,2,has_bill_shape::dagger,has_bill_shape,160,14,146,0.08749999850988388,76,4,72,13.639775276184082,0.7743055555555556,0.2,0.008495784364640713
llm.middle,mean,shuffled_labels,0,5,has_bill_shape::hooked_seabird,has_bill_shape,160,15,145,0.09375,76,3,73,10.658949851989746,0.2785388127853881,0.0,0.008495784364640713
llm.middle,mean,shuffled_labels,0,7,has_bill_shape::all-purpose,has_bill_shape,160,66,94,0.4124999940395355,76,34,42,4.8676252365112305,0.39705882352941174,0.18518518518518517,0.008495784364640713
llm.middle,mean,shuffled_labels,0,8,has_bill_shape::cone,has_bill_shape,160,44,116,0.2750000059604645,76,21,55,5.227243900299072,0.45021645021645024,0.24242424242424243,0.008495784364640713
llm.middle,mean,shuffled_labels,0,96,has_head_pattern::malar,has_head_pattern,156,16,140,0.10256410390138626,76,10,66,5.181906700134277,0.5015151515151515,0.09090909090909091,0.008495784364640713
llm.middle,mean,shuffled_labels,0,100,has_head_pattern::eyebrow,has_head_pattern,156,30,126,0.19230769574642181,76,14,62,5.3988165855407715,0.5806451612903226,0.3333333333333333,0.008495784364640713
llm.middle,mean,shuffled_labels,0,101,has_head_pattern::eyering,has_head_pattern,156,25,131,0.16025641560554504,76,16,60,5.8093976974487305,0.403125,0.12903225806451613,0.008495784364640713
llm.middle,mean,shuffled_labels,0,102,has_head_pattern::plain,has_head_pattern,156,37,119,0.2371794879436493,76,13,63,5.216156959533691,0.5042735042735043,0.14814814814814814,0.008495784364640713
llm.middle,mean,shuffled_labels,0,103,has_head_pattern::eyeline,has_head_pattern,156,18,138,0.11538461595773697,76,7,69,8.922150611877441,0.4658385093167702,0.0,0.008495784364640713
llm.middle,mean,shuffled_labels,0,104,has_head_pattern::striped,has_head_pattern,156,15,141,0.09615384787321091,76,14,62,11.61113166809082,0.6981566820276498,0.25,0.008495784364640713
llm.middle,mean,shuffled_labels,0,105,has_head_pattern::capped,has_head_pattern,156,16,140,0.10256410390138626,76,9,67,10.50139331817627,0.5771144278606966,0.0,0.008495784364640713
llm.middle,mean,shuffled_labels,0,107,has_breast_color::brown,has_breast_color,145,29,116,0.20000000298023224,75,14,61,5.267426490783691,0.4672131147540984,0.0,0.008495784364640713
llm.middle,mean,shuffled_labels,0,111,has_breast_color::grey,has_breast_color,145,40,105,0.27586206793785095,75,19,56,5.701476573944092,0.5385338345864662,0.34285714285714286,0.008495784364640713
llm.middle,mean,shuffled_labels,0,117,has_breast_color::black,has_breast_color,145,50,95,0.3448275923728943,75,30,45,5.414219856262207,0.5511111111111111,0.35555555555555557,0.008495784364640713
llm.middle,mean,shuffled_labels,0,118,has_breast_color::white,has_breast_color,145,51,94,0.35172414779663086,75,41,34,5.073700904846191,0.44619799139167865,0.14814814814814814,0.008495784364640713
llm.middle,mean,shuffled_labels,0,120,has_breast_color::buff,has_breast_color,145,52,93,0.35862070322036743,75,26,49,5.456914901733398,0.41601255886970173,0.20512820512820512,0.008495784364640713
llm.middle,mean,shuffled_labels,0,294,has_crown_color::blue,has_crown_color,155,11,144,0.07096774131059647,75,4,71,13.919044494628906,0.5950704225352113,0.0,0.008495784364640713
llm.middle,mean,shuffled_labels,0,295,has_crown_color::brown,has_crown_color,155,60,95,0.3870967626571655,75,33,42,5.507979393005371,0.47474747474747475,0.13333333333333333,0.008495784364640713
llm.middle,mean,shuffled_labels,0,299,has_crown_color::grey,has_crown_color,155,36,119,0.23225806653499603,75,18,57,5.16804313659668,0.46393762183235865,0.2222222222222222,0.008495784364640713
llm.middle,mean,shuffled_labels,0,305,has_crown_color::black,has_crown_color,155,45,110,0.29032257199287415,75,24,51,4.802741050720215,0.4861111111111111,0.29411764705882354,0.008495784364640713
llm.middle,mean,shuffled_labels,0,306,has_crown_color::white,has_crown_color,155,20,135,0.12903225421905518,75,10,65,11.049139976501465,0.47846153846153844,0.0,0.008495784364640713
llm.middle,mean,shuffled_labels,0,308,has_crown_color::buff,has_crown_color,155,31,124,0.20000000298023224,75,16,59,4.9743852615356445,0.5582627118644068,0.22857142857142856,0.008495784364640713
llm.middle,mean,shuffled_labels,0,309,has_wing_pattern::solid,has_wing_pattern,151,32,119,0.21192052960395813,72,18,54,6.084216594696045,0.5524691358024691,0.21052631578947367,0.008495784364640713
llm.middle,mean,shuffled_labels,0,310,has_wing_pattern::spotted,has_wing_pattern,151,31,120,0.20529800653457642,72,7,65,5.332574844360352,0.27912087912087913,0.0,0.008495784364640713
llm.middle,mean,shuffled_labels,0,311,has_wing_pattern::striped,has_wing_pattern,151,55,96,0.3642384111881256,72,33,39,4.948824405670166,0.5143745143745144,0.38461538461538464,0.008495784364640713
llm.middle,mean,shuffled_labels,0,312,has_wing_pattern::multi-colored,has_wing_pattern,151,33,118,0.21854305267333984,72,14,58,5.023589611053467,0.4618226600985222,0.13793103448275862,0.008495784364640713
llm.middle,mean,shuffled_labels,1,2,has_bill_shape::dagger,has_bill_shape,160,14,146,0.08749999850988388,76,4,72,15.844606399536133,0.6805555555555556,0.0,0.008536127395927906
llm.middle,mean,shuffled_labels,1,5,has_bill_shape::hooked_seabird,has_bill_shape,160,15,145,0.09375,76,3,73,5.82944393157959,0.4794520547945205,0.0,0.008536127395927906
llm.middle,mean,shuffled_labels,1,7,has_bill_shape::all-purpose,has_bill_shape,160,66,94,0.4124999940395355,76,34,42,5.087252140045166,0.4726890756302521,0.22641509433962265,0.008536127395927906
llm.middle,mean,shuffled_labels,1,8,has_bill_shape::cone,has_bill_shape,160,44,116,0.2750000059604645,76,21,55,5.501833438873291,0.5913419913419914,0.4,0.008536127395927906
llm.middle,mean,shuffled_labels,1,96,has_head_pattern::malar,has_head_pattern,156,16,140,0.10256410390138626,76,10,66,5.746623992919922,0.543939393939394,0.16,0.008536127395927906
llm.middle,mean,shuffled_labels,1,100,has_head_pattern::eyebrow,has_head_pattern,156,30,126,0.19230769574642181,76,14,62,5.775931358337402,0.6059907834101382,0.3333333333333333,0.008536127395927906
llm.middle,mean,shuffled_labels,1,101,has_head_pattern::eyering,has_head_pattern,156,25,131,0.16025641560554504,76,16,60,6.663418292999268,0.4010416666666667,0.0,0.008536127395927906
llm.middle,mean,shuffled_labels,1,102,has_head_pattern::plain,has_head_pattern,156,37,119,0.2371794879436493,76,13,63,5.266386985778809,0.34798534798534797,0.07142857142857142,0.008536127395927906
llm.middle,mean,shuffled_labels,1,103,has_head_pattern::eyeline,has_head_pattern,156,18,138,0.11538461595773697,76,7,69,9.376097679138184,0.5548654244306418,0.0,0.008536127395927906
llm.middle,mean,shuffled_labels,1,104,has_head_pattern::striped,has_head_pattern,156,15,141,0.09615384787321091,76,14,62,10.016131401062012,0.5518433179723502,0.0,0.008536127395927906
llm.middle,mean,shuffled_labels,1,105,has_head_pattern::capped,has_head_pattern,156,16,140,0.10256410390138626,76,9,67,9.243586540222168,0.5439469320066335,0.16666666666666666,0.008536127395927906
llm.middle,mean,shuffled_labels,1,107,has_breast_color::brown,has_breast_color,145,29,116,0.20000000298023224,75,14,61,5.412173748016357,0.5351288056206089,0.3448275862068966,0.008536127395927906
llm.middle,mean,shuffled_labels,1,111,has_breast_color::grey,has_breast_color,145,40,105,0.27586206793785095,75,19,56,5.328219413757324,0.3233082706766917,0.0,0.008536127395927906
llm.middle,mean,shuffled_labels,1,117,has_breast_color::black,has_breast_color,145,50,95,0.3448275923728943,75,30,45,5.403878688812256,0.38814814814814813,0.13636363636363635,0.008536127395927906
llm.middle,mean,shuffled_labels,1,118,has_breast_color::white,has_breast_color,145,51,94,0.35172414779663086,75,41,34,5.127791881561279,0.44045911047345765,0.24561403508771928,0.008536127395927906
llm.middle,mean,shuffled_labels,1,120,has_breast_color::buff,has_breast_color,145,52,93,0.35862070322036743,75,26,49,5.362279415130615,0.38304552590266877,0.14634146341463414,0.008536127395927906
llm.middle,mean,shuffled_labels,1,294,has_crown_color::blue,has_crown_color,155,11,144,0.07096774131059647,75,4,71,7.9767537117004395,0.45774647887323944,0.14285714285714285,0.008536127395927906
llm.middle,mean,shuffled_labels,1,295,has_crown_color::brown,has_crown_color,155,60,95,0.3870967626571655,75,33,42,4.683844089508057,0.740981240981241,0.4782608695652174,0.008536127395927906
llm.middle,mean,shuffled_labels,1,299,has_crown_color::grey,has_crown_color,155,36,119,0.23225806653499603,75,18,57,5.178325176239014,0.4727095516569201,0.06666666666666667,0.008536127395927906
llm.middle,mean,shuffled_labels,1,305,has_crown_color::black,has_crown_color,155,45,110,0.29032257199287415,75,24,51,5.4489569664001465,0.5473856209150327,0.1111111111111111,0.008536127395927906
llm.middle,mean,shuffled_labels,1,306,has_crown_color::white,has_crown_color,155,20,135,0.12903225421905518,75,10,65,5.616967678070068,0.5646153846153846,0.2,0.008536127395927906
llm.middle,mean,shuffled_labels,1,308,has_crown_color::buff,has_crown_color,155,31,124,0.20000000298023224,75,16,59,5.362515449523926,0.5328389830508474,0.25,0.008536127395927906
llm.middle,mean,shuffled_labels,1,309,has_wing_pattern::solid,has_wing_pattern,151,32,119,0.21192052960395813,72,18,54,5.396878719329834,0.5041152263374485,0.25806451612903225,0.008536127395927906
llm.middle,mean,shuffled_labels,1,310,has_wing_pattern::spotted,has_wing_pattern,151,31,120,0.20529800653457642,72,7,65,5.453855991363525,0.6131868131868132,0.16,0.008536127395927906
llm.middle,mean,shuffled_labels,1,311,has_wing_pattern::striped,has_wing_pattern,151,55,96,0.3642384111881256,72,33,39,4.799156188964844,0.47707847707847706,0.0,0.008536127395927906
llm.middle,mean,shuffled_labels,1,312,has_wing_pattern::multi-colored,has_wing_pattern,151,33,118,0.21854305267333984,72,14,58,5.26823616027832,0.39408866995073893,0.13793103448275862,0.008536127395927906
llm.middle,mean,shuffled_labels,2,2,has_bill_shape::dagger,has_bill_shape,160,14,146,0.08749999850988388,76,4,72,13.125326156616211,0.7777777777777778,0.2,0.00827364157885313
llm.middle,mean,shuffled_labels,2,5,has_bill_shape::hooked_seabird,has_bill_shape,160,15,145,0.09375,76,3,73,10.584070205688477,0.2694063926940639,0.0,0.00827364157885313
llm.middle,mean,shuffled_labels,2,7,has_bill_shape::all-purpose,has_bill_shape,160,66,94,0.4124999940395355,76,34,42,5.272780895233154,0.4418767507002801,0.11538461538461539,0.00827364157885313
llm.middle,mean,shuffled_labels,2,8,has_bill_shape::cone,has_bill_shape,160,44,116,0.2750000059604645,76,21,55,4.790839195251465,0.47619047619047616,0.21621621621621623,0.00827364157885313
llm.middle,mean,shuffled_labels,2,96,has_head_pattern::malar,has_head_pattern,156,16,140,0.10256410390138626,76,10,66,8.03714370727539,0.3090909090909091,0.0,0.00827364157885313
llm.middle,mean,shuffled_labels,2,100,has_head_pattern::eyebrow,has_head_pattern,156,30,126,0.19230769574642181,76,14,62,4.6064300537109375,0.7085253456221198,0.4375,0.00827364157885313
llm.middle,mean,shuffled_labels,2,101,has_head_pattern::eyering,has_head_pattern,156,25,131,0.16025641560554504,76,16,60,5.628752708435059,0.43333333333333335,0.15384615384615385,0.00827364157885313
llm.middle,mean,shuffled_labels,2,102,has_head_pattern::plain,has_head_pattern,156,37,119,0.2371794879436493,76,13,63,6.0808210372924805,0.409035409035409,0.13793103448275862,0.00827364157885313
llm.middle,mean,shuffled_labels,2,103,has_head_pattern::eyeline,has_head_pattern,156,18,138,0.11538461595773697,76,7,69,6.148218631744385,0.5300207039337475,0.13333333333333333,0.00827364157885313
llm.middle,mean,shuffled_labels,2,104,has_head_pattern::striped,has_head_pattern,156,15,141,0.09615384787321091,76,14,62,7.158766746520996,0.5599078341013825,0.18181818181818182,0.00827364157885313
llm.middle,mean,shuffled_labels,2,105,has_head_pattern::capped,has_head_pattern,156,16,140,0.10256410390138626,76,9,67,12.276728630065918,0.527363184079602,0.16666666666666666,0.00827364157885313
llm.middle,mean,shuffled_labels,2,107,has_breast_color::brown,has_breast_color,145,29,116,0.20000000298023224,75,14,61,5.563475608825684,0.6194379391100703,0.2608695652173913,0.00827364157885313
llm.middle,mean,shuffled_labels,2,111,has_breast_color::grey,has_breast_color,145,40,105,0.27586206793785095,75,19,56,5.623079299926758,0.4031954887218045,0.2,0.00827364157885313
llm.middle,mean,shuffled_labels,2,117,has_breast_color::black,has_breast_color,145,50,95,0.3448275923728943,75,30,45,5.207067489624023,0.4111111111111111,0.21739130434782608,0.00827364157885313
llm.middle,mean,shuffled_labels,2,118,has_breast_color::white,has_breast_color,145,51,94,0.35172414779663086,75,41,34,5.625868320465088,0.43902439024390244,0.3125,0.00827364157885313
llm.middle,mean,shuffled_labels,2,120,has_breast_color::buff,has_breast_color,145,52,93,0.35862070322036743,75,26,49,5.216196060180664,0.4301412872841444,0.23809523809523808,0.00827364157885313
llm.middle,mean,shuffled_labels,2,294,has_crown_color::blue,has_crown_color,155,11,144,0.07096774131059647,75,4,71,12.241169929504395,0.3345070422535211,0.0,0.00827364157885313
llm.middle,mean,shuffled_labels,2,295,has_crown_color::brown,has_crown_color,155,60,95,0.3870967626571655,75,33,42,4.894979000091553,0.5685425685425686,0.13953488372093023,0.00827364157885313
llm.middle,mean,shuffled_labels,2,299,has_crown_color::grey,has_crown_color,155,36,119,0.23225806653499603,75,18,57,5.46916389465332,0.40058479532163743,0.12121212121212122,0.00827364157885313
llm.middle,mean,shuffled_labels,2,305,has_crown_color::black,has_crown_color,155,45,110,0.29032257199287415,75,24,51,5.517727375030518,0.44689542483660133,0.34146341463414637,0.00827364157885313
llm.middle,mean,shuffled_labels,2,306,has_crown_color::white,has_crown_color,155,20,135,0.12903225421905518,75,10,65,6.893240451812744,0.30153846153846153,0.15384615384615385,0.00827364157885313
llm.middle,mean,shuffled_labels,2,308,has_crown_color::buff,has_crown_color,155,31,124,0.20000000298023224,75,16,59,5.086817741394043,0.5752118644067796,0.20689655172413793,0.00827364157885313
llm.middle,mean,shuffled_labels,2,309,has_wing_pattern::solid,has_wing_pattern,151,32,119,0.21192052960395813,72,18,54,5.515794277191162,0.5761316872427984,0.41025641025641024,0.00827364157885313
llm.middle,mean,shuffled_labels,2,310,has_wing_pattern::spotted,has_wing_pattern,151,31,120,0.20529800653457642,72,7,65,5.466242790222168,0.5010989010989011,0.09090909090909091,0.00827364157885313
llm.middle,mean,shuffled_labels,2,311,has_wing_pattern::striped,has_wing_pattern,151,55,96,0.3642384111881256,72,33,39,5.148481845855713,0.4887334887334887,0.20408163265306123,0.00827364157885313
llm.middle,mean,shuffled_labels,2,312,has_wing_pattern::multi-colored,has_wing_pattern,151,33,118,0.21854305267333984,72,14,58,6.473722457885742,0.5369458128078818,0.32432432432432434,0.00827364157885313
llm.middle,mean,random_projection,0,2,has_bill_shape::dagger,has_bill_shape,160,14,146,0.08749999850988388,76,4,72,2.0121610164642334,0.6736111111111112,0.15384615384615385,0.04088357836008072
llm.middle,mean,random_projection,0,5,has_bill_shape::hooked_seabird,has_bill_shape,160,15,145,0.09375,76,3,73,3.0797173976898193,0.9817351598173516,0.6,0.04088357836008072
llm.middle,mean,random_projection,0,7,has_bill_shape::all-purpose,has_bill_shape,160,66,94,0.4124999940395355,76,34,42,1.9523506164550781,0.6820728291316527,0.47058823529411764,0.04088357836008072
llm.middle,mean,random_projection,0,8,has_bill_shape::cone,has_bill_shape,160,44,116,0.2750000059604645,76,21,55,2.7633678913116455,0.6909090909090909,0.41025641025641024,0.04088357836008072
llm.middle,mean,random_projection,0,96,has_head_pattern::malar,has_head_pattern,156,16,140,0.10256410390138626,76,10,66,2.3896498680114746,0.4287878787878788,0.0,0.04088357836008072
llm.middle,mean,random_projection,0,100,has_head_pattern::eyebrow,has_head_pattern,156,30,126,0.19230769574642181,76,14,62,2.348416328430176,0.5518433179723502,0.25806451612903225,0.04088357836008072
llm.middle,mean,random_projection,0,101,has_head_pattern::eyering,has_head_pattern,156,25,131,0.16025641560554504,76,16,60,2.0915331840515137,0.6020833333333333,0.27586206896551724,0.04088357836008072
llm.middle,mean,random_projection,0,102,has_head_pattern::plain,has_head_pattern,156,37,119,0.2371794879436493,76,13,63,2.315977096557617,0.8583638583638583,0.6,0.04088357836008072
llm.middle,mean,random_projection,0,103,has_head_pattern::eyeline,has_head_pattern,156,18,138,0.11538461595773697,76,7,69,2.541958808898926,0.5093167701863354,0.0,0.04088357836008072
llm.middle,mean,random_projection,0,104,has_head_pattern::striped,has_head_pattern,156,15,141,0.09615384787321091,76,14,62,2.2822985649108887,0.5288018433179723,0.1,0.04088357836008072
llm.middle,mean,random_projection,0,105,has_head_pattern::capped,has_head_pattern,156,16,140,0.10256410390138626,76,9,67,2.2886757850646973,0.3714759535655058,0.10526315789473684,0.04088357836008072
llm.middle,mean,random_projection,0,107,has_breast_color::brown,has_breast_color,145,29,116,0.20000000298023224,75,14,61,2.6794161796569824,0.4566744730679157,0.17391304347826086,0.04088357836008072
llm.middle,mean,random_projection,0,111,has_breast_color::grey,has_breast_color,145,40,105,0.27586206793785095,75,19,56,2.6929121017456055,0.5328947368421053,0.18181818181818182,0.04088357836008072
llm.middle,mean,random_projection,0,117,has_breast_color::black,has_breast_color,145,50,95,0.3448275923728943,75,30,45,3.0547749996185303,0.5718518518518518,0.2,0.04088357836008072
llm.middle,mean,random_projection,0,118,has_breast_color::white,has_breast_color,145,51,94,0.35172414779663086,75,41,34,1.91201913356781,0.5566714490674318,0.41935483870967744,0.04088357836008072
llm.middle,mean,random_projection,0,120,has_breast_color::buff,has_breast_color,145,52,93,0.35862070322036743,75,26,49,2.286674976348877,0.5745682888540031,0.30434782608695654,0.04088357836008072
llm.middle,mean,random_projection,0,294,has_crown_color::blue,has_crown_color,155,11,144,0.07096774131059647,75,4,71,2.3547325134277344,1.0,0.6666666666666666,0.04088357836008072
llm.middle,mean,random_projection,0,295,has_crown_color::brown,has_crown_color,155,60,95,0.3870967626571655,75,33,42,2.362751007080078,0.6854256854256854,0.5517241379310345,0.04088357836008072
llm.middle,mean,random_projection,0,299,has_crown_color::grey,has_crown_color,155,36,119,0.23225806653499603,75,18,57,2.1473212242126465,0.6481481481481481,0.47058823529411764,0.04088357836008072
llm.middle,mean,random_projection,0,305,has_crown_color::black,has_crown_color,155,45,110,0.29032257199287415,75,24,51,2.3191676139831543,0.7026143790849673,0.3,0.04088357836008072
llm.middle,mean,random_projection,0,306,has_crown_color::white,has_crown_color,155,20,135,0.12903225421905518,75,10,65,1.5848662853240967,0.6569230769230769,0.24,0.04088357836008072
llm.middle,mean,random_projection,0,308,has_crown_color::buff,has_crown_color,155,31,124,0.20000000298023224,75,16,59,2.8801417350769043,0.361228813559322,0.07407407407407407,0.04088357836008072
llm.middle,mean,random_projection,0,309,has_wing_pattern::solid,has_wing_pattern,151,32,119,0.21192052960395813,72,18,54,2.2077319622039795,0.7109053497942387,0.4827586206896552,0.04088357836008072
llm.middle,mean,random_projection,0,310,has_wing_pattern::spotted,has_wing_pattern,151,31,120,0.20529800653457642,72,7,65,2.650641441345215,0.8505494505494505,0.47619047619047616,0.04088357836008072
llm.middle,mean,random_projection,0,311,has_wing_pattern::striped,has_wing_pattern,151,55,96,0.3642384111881256,72,33,39,1.506677508354187,0.6604506604506605,0.5423728813559322,0.04088357836008072
llm.middle,mean,random_projection,0,312,has_wing_pattern::multi-colored,has_wing_pattern,151,33,118,0.21854305267333984,72,14,58,1.9785505533218384,0.6416256157635468,0.3076923076923077,0.04088357836008072
llm.middle,mean,random_projection,1,2,has_bill_shape::dagger,has_bill_shape,160,14,146,0.08749999850988388,76,4,72,2.6650047302246094,0.6527777777777778,0.0,0.039935652166604996
llm.middle,mean,random_projection,1,5,has_bill_shape::hooked_seabird,has_bill_shape,160,15,145,0.09375,76,3,73,2.388279914855957,0.9452054794520548,0.42857142857142855,0.039935652166604996
llm.middle,mean,random_projection,1,7,has_bill_shape::all-purpose,has_bill_shape,160,66,94,0.4124999940395355,76,34,42,2.2754757404327393,0.646358543417367,0.5172413793103449,0.039935652166604996
llm.middle,mean,random_projection,1,8,has_bill_shape::cone,has_bill_shape,160,44,116,0.2750000059604645,76,21,55,2.2579731941223145,0.7341991341991342,0.45,0.039935652166604996
llm.middle,mean,random_projection,1,96,has_head_pattern::malar,has_head_pattern,156,16,140,0.10256410390138626,76,10,66,2.3781065940856934,0.546969696969697,0.0,0.039935652166604996
llm.middle,mean,random_projection,1,100,has_head_pattern::eyebrow,has_head_pattern,156,30,126,0.19230769574642181,76,14,62,1.913544774055481,0.706221198156682,0.4,0.039935652166604996
llm.middle,mean,random_projection,1,101,has_head_pattern::eyering,has_head_pattern,156,25,131,0.16025641560554504,76,16,60,1.2313849925994873,0.76875,0.45161290322580644,0.039935652166604996
llm.middle,mean,random_projection,1,102,has_head_pattern::plain,has_head_pattern,156,37,119,0.2371794879436493,76,13,63,1.652502179145813,0.8485958485958486,0.6666666666666666,0.039935652166604996
llm.middle,mean,random_projection,1,103,has_head_pattern::eyeline,has_head_pattern,156,18,138,0.11538461595773697,76,7,69,1.8948097229003906,0.5383022774327122,0.17391304347826086,0.039935652166604996
llm.middle,mean,random_projection,1,104,has_head_pattern::striped,has_head_pattern,156,15,141,0.09615384787321091,76,14,62,1.114845871925354,0.4735023041474654,0.14285714285714285,0.039935652166604996
llm.middle,mean,random_projection,1,105,has_head_pattern::capped,has_head_pattern,156,16,140,0.10256410390138626,76,9,67,2.7584733963012695,0.4013266998341625,0.0,0.039935652166604996
llm.middle,mean,random_projection,1,107,has_breast_color::brown,has_breast_color,145,29,116,0.20000000298023224,75,14,61,2.474189281463623,0.6522248243559718,0.25806451612903225,0.039935652166604996
llm.middle,mean,random_projection,1,111,has_breast_color::grey,has_breast_color,145,40,105,0.27586206793785095,75,19,56,3.258856773376465,0.5009398496240601,0.1935483870967742,0.039935652166604996
llm.middle,mean,random_projection,1,117,has_breast_color::black,has_breast_color,145,50,95,0.3448275923728943,75,30,45,2.122720718383789,0.5148148148148148,0.2857142857142857,0.039935652166604996
llm.middle,mean,random_projection,1,118,has_breast_color::white,has_breast_color,145,51,94,0.35172414779663086,75,41,34,2.4132637977600098,0.5380200860832137,0.4375,0.039935652166604996
llm.middle,mean,random_projection,1,120,has_breast_color::buff,has_breast_color,145,52,93,0.35862070322036743,75,26,49,2.0239381790161133,0.652276295133438,0.35555555555555557,0.039935652166604996
llm.middle,mean,random_projection,1,294,has_crown_color::blue,has_crown_color,155,11,144,0.07096774131059647,75,4,71,3.6478071212768555,1.0,0.8888888888888888,0.039935652166604996
llm.middle,mean,random_projection,1,295,has_crown_color::brown,has_crown_color,155,60,95,0.3870967626571655,75,33,42,2.473834991455078,0.663059163059163,0.5614035087719298,0.039935652166604996
llm.middle,mean,random_projection,1,299,has_crown_color::grey,has_crown_color,155,36,119,0.23225806653499603,75,18,57,1.784781813621521,0.6237816764132553,0.3157894736842105,0.039935652166604996
llm.middle,mean,random_projection,1,305,has_crown_color::black,has_crown_color,155,45,110,0.29032257199287415,75,24,51,2.3754525184631348,0.6356209150326797,0.32432432432432434,0.039935652166604996
llm.middle,mean,random_projection,1,306,has_crown_color::white,has_crown_color,155,20,135,0.12903225421905518,75,10,65,2.2271409034729004,0.7323076923076923,0.35714285714285715,0.039935652166604996
llm.middle,mean,random_projection,1,308,has_crown_color::buff,has_crown_color,155,31,124,0.20000000298023224,75,16,59,2.6979613304138184,0.4258474576271186,0.07142857142857142,0.039935652166604996
llm.middle,mean,random_projection,1,309,has_wing_pattern::solid,has_wing_pattern,151,32,119,0.21192052960395813,72,18,54,2.8155484199523926,0.6862139917695473,0.4666666666666667,0.039935652166604996
llm.middle,mean,random_projection,1,310,has_wing_pattern::spotted,has_wing_pattern,151,31,120,0.20529800653457642,72,7,65,2.0596165657043457,0.8461538461538461,0.3076923076923077,0.039935652166604996
llm.middle,mean,random_projection,1,311,has_wing_pattern::striped,has_wing_pattern,151,55,96,0.3642384111881256,72,33,39,2.1439414024353027,0.7241647241647242,0.48,0.039935652166604996
llm.middle,mean,random_projection,1,312,has_wing_pattern::multi-colored,has_wing_pattern,151,33,118,0.21854305267333984,72,14,58,2.404304027557373,0.5135467980295566,0.2857142857142857,0.039935652166604996
llm.middle,mean,random_projection,2,2,has_bill_shape::dagger,has_bill_shape,160,14,146,0.08749999850988388,76,4,72,2.350337028503418,0.6979166666666666,0.5714285714285714,0.03995092585682869
llm.middle,mean,random_projection,2,5,has_bill_shape::hooked_seabird,has_bill_shape,160,15,145,0.09375,76,3,73,2.614806652069092,0.9634703196347032,0.42857142857142855,0.03995092585682869
llm.middle,mean,random_projection,2,7,has_bill_shape::all-purpose,has_bill_shape,160,66,94,0.4124999940395355,76,34,42,2.1387062072753906,0.6918767507002801,0.4230769230769231,0.03995092585682869
llm.middle,mean,random_projection,2,8,has_bill_shape::cone,has_bill_shape,160,44,116,0.2750000059604645,76,21,55,2.5567216873168945,0.7082251082251082,0.46808510638297873,0.03995092585682869
llm.middle,mean,random_projection,2,96,has_head_pattern::malar,has_head_pattern,156,16,140,0.10256410390138626,76,10,66,3.794276237487793,0.4090909090909091,0.0,0.03995092585682869
llm.middle,mean,random_projection,2,100,has_head_pattern::eyebrow,has_head_pattern,156,30,126,0.19230769574642181,76,14,62,2.310962677001953,0.7096774193548387,0.4,0.03995092585682869
llm.middle,mean,random_projection,2,101,has_head_pattern::eyering,has_head_pattern,156,25,131,0.16025641560554504,76,16,60,2.472421169281006,0.6552083333333333,0.24,0.03995092585682869
llm.middle,mean,random_projection,2,102,has_head_pattern::plain,has_head_pattern,156,37,119,0.2371794879436493,76,13,63,3.186401844024658,0.8083028083028083,0.38461538461538464,0.03995092585682869
llm.middle,mean,random_projection,2,103,has_head_pattern::eyeline,has_head_pattern,156,18,138,0.11538461595773697,76,7,69,1.9801928997039795,0.6376811594202898,0.13333333333333333,0.03995092585682869
llm.middle,mean,random_projection,2,104,has_head_pattern::striped,has_head_pattern,156,15,141,0.09615384787321091,76,14,62,2.4795169830322266,0.48963133640552997,0.07407407407407407,0.03995092585682869
llm.middle,mean,random_projection,2,105,has_head_pattern::capped,has_head_pattern,156,16,140,0.10256410390138626,76,9,67,2.7025868892669678,0.593698175787728,0.125,0.03995092585682869
llm.middle,mean,random_projection,2,107,has_breast_color::brown,has_breast_color,145,29,116,0.20000000298023224,75,14,61,2.7140145301818848,0.5070257611241218,0.2222222222222222,0.03995092585682869
llm.middle,mean,random_projection,2,111,has_breast_color::grey,has_breast_color,145,40,105,0.27586206793785095,75,19,56,2.626497745513916,0.6005639097744361,0.18181818181818182,0.03995092585682869
llm.middle,mean,random_projection,2,117,has_breast_color::black,has_breast_color,145,50,95,0.3448275923728943,75,30,45,1.8887715339660645,0.5666666666666667,0.3111111111111111,0.03995092585682869
llm.middle,mean,random_projection,2,118,has_breast_color::white,has_breast_color,145,51,94,0.35172414779663086,75,41,34,2.0427331924438477,0.4899569583931133,0.3548387096774194,0.03995092585682869
llm.middle,mean,random_projection,2,120,has_breast_color::buff,has_breast_color,145,52,93,0.35862070322036743,75,26,49,2.220968723297119,0.5478806907378336,0.27906976744186046,0.03995092585682869
llm.middle,mean,random_projection,2,294,has_crown_color::blue,has_crown_color,155,11,144,0.07096774131059647,75,4,71,3.5719475746154785,0.9788732394366197,0.6,0.03995092585682869
llm.middle,mean,random_projection,2,295,has_crown_color::brown,has_crown_color,155,60,95,0.3870967626571655,75,33,42,2.2866506576538086,0.6233766233766234,0.375,0.03995092585682869
llm.middle,mean,random_projection,2,299,has_crown_color::grey,has_crown_color,155,36,119,0.23225806653499603,75,18,57,2.4822354316711426,0.5477582846003899,0.34285714285714286,0.03995092585682869
llm.middle,mean,random_projection,2,305,has_crown_color::black,has_crown_color,155,45,110,0.29032257199287415,75,24,51,2.778484344482422,0.5776143790849673,0.17142857142857143,0.03995092585682869
llm.middle,mean,random_projection,2,306,has_crown_color::white,has_crown_color,155,20,135,0.12903225421905518,75,10,65,1.7941994667053223,0.76,0.47619047619047616,0.03995092585682869
llm.middle,mean,random_projection,2,308,has_crown_color::buff,has_crown_color,155,31,124,0.20000000298023224,75,16,59,2.187974214553833,0.4978813559322034,0.18181818181818182,0.03995092585682869
llm.middle,mean,random_projection,2,309,has_wing_pattern::solid,has_wing_pattern,151,32,119,0.21192052960395813,72,18,54,2.6378698348999023,0.6831275720164609,0.5625,0.03995092585682869
llm.middle,mean,random_projection,2,310,has_wing_pattern::spotted,has_wing_pattern,151,31,120,0.20529800653457642,72,7,65,2.1742568016052246,0.8263736263736263,0.4,0.03995092585682869
llm.middle,mean,random_projection,2,311,has_wing_pattern::striped,has_wing_pattern,151,55,96,0.3642384111881256,72,33,39,1.976093053817749,0.6635586635586636,0.4,0.03995092585682869
llm.middle,mean,random_projection,2,312,has_wing_pattern::multi-colored,has_wing_pattern,151,33,118,0.21854305267333984,72,14,58,1.8079631328582764,0.5320197044334976,0.2,0.03995092585682869
llm.late,mean,primary,0,2,has_bill_shape::dagger,has_bill_shape,160,14,146,0.08749999850988388,76,4,72,16.232107162475586,0.6909722222222222,0.0,0.0035605262964963913
llm.late,mean,primary,0,5,has_bill_shape::hooked_seabird,has_bill_shape,160,15,145,0.09375,76,3,73,5.926455497741699,0.9680365296803652,0.5,0.0035605262964963913
llm.late,mean,primary,0,7,has_bill_shape::all-purpose,has_bill_shape,160,66,94,0.4124999940395355,76,34,42,5.639330863952637,0.6351540616246498,0.39215686274509803,0.0035605262964963913
llm.late,mean,primary,0,8,has_bill_shape::cone,has_bill_shape,160,44,116,0.2750000059604645,76,21,55,5.905572414398193,0.7056277056277056,0.5116279069767442,0.0035605262964963913
llm.late,mean,primary,0,96,has_head_pattern::malar,has_head_pattern,156,16,140,0.10256410390138626,76,10,66,10.327497482299805,0.5106060606060606,0.0,0.0035605262964963913
llm.late,mean,primary,0,100,has_head_pattern::eyebrow,has_head_pattern,156,30,126,0.19230769574642181,76,14,62,5.649656772613525,0.6831797235023042,0.48,0.0035605262964963913
llm.late,mean,primary,0,101,has_head_pattern::eyering,has_head_pattern,156,25,131,0.16025641560554504,76,16,60,6.041800022125244,0.6427083333333333,0.27586206896551724,0.0035605262964963913
llm.late,mean,primary,0,102,has_head_pattern::plain,has_head_pattern,156,37,119,0.2371794879436493,76,13,63,6.139549255371094,0.6996336996336996,0.41379310344827586,0.0035605262964963913
llm.late,mean,primary,0,103,has_head_pattern::eyeline,has_head_pattern,156,18,138,0.11538461595773697,76,7,69,6.608834266662598,0.660455486542443,0.2608695652173913,0.0035605262964963913
llm.late,mean,primary,0,104,has_head_pattern::striped,has_head_pattern,156,15,141,0.09615384787321091,76,14,62,6.4567131996154785,0.5403225806451613,0.27586206896551724,0.0035605262964963913
llm.late,mean,primary,0,105,has_head_pattern::capped,has_head_pattern,156,16,140,0.10256410390138626,76,9,67,5.360080242156982,0.49917081260364843,0.07407407407407407,0.0035605262964963913
llm.late,mean,primary,0,107,has_breast_color::brown,has_breast_color,145,29,116,0.20000000298023224,75,14,61,6.820446968078613,0.6159250585480094,0.17391304347826086,0.0035605262964963913
llm.late,mean,primary,0,111,has_breast_color::grey,has_breast_color,145,40,105,0.27586206793785095,75,19,56,5.872859954833984,0.5,0.25806451612903225,0.0035605262964963913
llm.late,mean,primary,0,117,has_breast_color::black,has_breast_color,145,50,95,0.3448275923728943,75,30,45,5.915652275085449,0.5437037037037037,0.2608695652173913,0.0035605262964963913
llm.late,mean,primary,0,118,has_breast_color::white,has_breast_color,145,51,94,0.35172414779663086,75,41,34,5.592842102050781,0.6348637015781923,0.4918032786885246,0.0035605262964963913
llm.late,mean,primary,0,120,has_breast_color::buff,has_breast_color,145,52,93,0.35862070322036743,75,26,49,6.268391132354736,0.6020408163265306,0.34146341463414637,0.0035605262964963913
llm.late,mean,primary,0,294,has_crown_color::blue,has_crown_color,155,11,144,0.07096774131059647,75,4,71,5.68996524810791,1.0,0.6666666666666666,0.0035605262964963913
llm.late,mean,primary,0,295,has_crown_color::brown,has_crown_color,155,60,95,0.3870967626571655,75,33,42,6.154123783111572,0.658008658008658,0.43636363636363634,0.0035605262964963913
llm.late,mean,primary,0,299,has_crown_color::grey,has_crown_color,155,36,119,0.23225806653499603,75,18,57,5.561448574066162,0.5750487329434698,0.375,0.0035605262964963913
llm.late,mean,primary,0,305,has_crown_color::black,has_crown_color,155,45,110,0.29032257199287415,75,24,51,6.340162754058838,0.6928104575163399,0.47619047619047616,0.0035605262964963913
llm.late,mean,primary,0,306,has_crown_color::white,has_crown_color,155,20,135,0.12903225421905518,75,10,65,5.106168270111084,0.7584615384615384,0.4,0.0035605262964963913
llm.late,mean,primary,0,308,has_crown_color::buff,has_crown_color,155,31,124,0.20000000298023224,75,16,59,6.364747047424316,0.5116525423728814,0.27586206896551724,0.0035605262964963913
llm.late,mean,primary,0,309,has_wing_pattern::solid,has_wing_pattern,151,32,119,0.21192052960395813,72,18,54,5.345598220825195,0.6574074074074074,0.5333333333333333,0.0035605262964963913
llm.late,mean,primary,0,310,has_wing_pattern::spotted,has_wing_pattern,151,31,120,0.20529800653457642,72,7,65,6.073153972625732,0.9252747252747253,0.47619047619047616,0.0035605262964963913
llm.late,mean,primary,0,311,has_wing_pattern::striped,has_wing_pattern,151,55,96,0.3642384111881256,72,33,39,5.939916133880615,0.6682206682206682,0.46153846153846156,0.0035605262964963913
llm.late,mean,primary,0,312,has_wing_pattern::multi-colored,has_wing_pattern,151,33,118,0.21854305267333984,72,14,58,5.874037265777588,0.5948275862068966,0.24242424242424243,0.0035605262964963913
llm.late,mean,primary,1,2,has_bill_shape::dagger,has_bill_shape,160,14,146,0.08749999850988388,76,4,72,17.38141441345215,0.6875,0.0,0.00352023309096694
llm.late,mean,primary,1,5,has_bill_shape::hooked_seabird,has_bill_shape,160,15,145,0.09375,76,3,73,6.031307697296143,0.9680365296803652,0.5,0.00352023309096694
llm.late,mean,primary,1,7,has_bill_shape::all-purpose,has_bill_shape,160,66,94,0.4124999940395355,76,34,42,5.901966571807861,0.6519607843137255,0.2978723404255319,0.00352023309096694
llm.late,mean,primary,1,8,has_bill_shape::cone,has_bill_shape,160,44,116,0.2750000059604645,76,21,55,6.029329776763916,0.696969696969697,0.4878048780487805,0.00352023309096694
llm.late,mean,primary,1,96,has_head_pattern::malar,has_head_pattern,156,16,140,0.10256410390138626,76,10,66,10.4867525100708,0.5045454545454545,0.0,0.00352023309096694
llm.late,mean,primary,1,100,has_head_pattern::eyebrow,has_head_pattern,156,30,126,0.19230769574642181,76,14,62,5.6481404304504395,0.6808755760368663,0.48,0.00352023309096694
llm.late,mean,primary,1,101,has_head_pattern::eyering,has_head_pattern,156,25,131,0.16025641560554504,76,16,60,5.9945149421691895,0.6354166666666666,0.30303030303030304,0.00352023309096694
llm.late,mean,primary,1,102,has_head_pattern::plain,has_head_pattern,156,37,119,0.2371794879436493,76,13,63,6.155418395996094,0.7130647130647131,0.42857142857142855,0.00352023309096694
llm.late,mean,primary,1,103,has_head_pattern::eyeline,has_head_pattern,156,18,138,0.11538461595773697,76,7,69,6.619997024536133,0.6583850931677019,0.2608695652173913,0.00352023309096694
llm.late,mean,primary,1,104,has_head_pattern::striped,has_head_pattern,156,15,141,0.09615384787321091,76,14,62,6.909587860107422,0.5414746543778802,0.2962962962962963,0.00352023309096694
llm.late,mean,primary,1,105,has_head_pattern::capped,has_head_pattern,156,16,140,0.10256410390138626,76,9,67,5.283371448516846,0.5008291873963516,0.07407407407407407,0.00352023309096694
llm.late,mean,primary,1,107,has_breast_color::brown,has_breast_color,145,29,116,0.20000000298023224,75,14,61,6.881613254547119,0.6206088992974239,0.24,0.00352023309096694
llm.late,mean,primary,1,111,has_breast_color::grey,has_breast_color,145,40,105,0.27586206793785095,75,19,56,5.916731357574463,0.506578947368421,0.20689655172413793,0.00352023309096694
llm.late,mean,primary,1,117,has_breast_color::black,has_breast_color,145,50,95,0.3448275923728943,75,30,45,5.714510917663574,0.5518518518518518,0.2553191489361702,0.00352023309096694
llm.late,mean,primary,1,118,has_breast_color::white,has_breast_color,145,51,94,0.35172414779663086,75,41,34,5.6233601570129395,0.6492109038737446,0.5,0.00352023309096694
llm.late,mean,primary,1,120,has_breast_color::buff,has_breast_color,145,52,93,0.35862070322036743,75,26,49,5.949653625488281,0.5847723704866562,0.358974358974359,0.00352023309096694
llm.late,mean,primary,1,294,has_crown_color::blue,has_crown_color,155,11,144,0.07096774131059647,75,4,71,5.7221808433532715,1.0,0.6666666666666666,0.00352023309096694
llm.late,mean,primary,1,295,has_crown_color::brown,has_crown_color,155,60,95,0.3870967626571655,75,33,42,6.214317321777344,0.6587301587301587,0.41509433962264153,0.00352023309096694
llm.late,mean,primary,1,299,has_crown_color::grey,has_crown_color,155,36,119,0.23225806653499603,75,18,57,5.348884582519531,0.5750487329434698,0.3225806451612903,0.00352023309096694
llm.late,mean,primary,1,305,has_crown_color::black,has_crown_color,155,45,110,0.29032257199287415,75,24,51,6.01302433013916,0.6772875816993464,0.3902439024390244,0.00352023309096694
llm.late,mean,primary,1,306,has_crown_color::white,has_crown_color,155,20,135,0.12903225421905518,75,10,65,5.10392427444458,0.7569230769230769,0.4166666666666667,0.00352023309096694
llm.late,mean,primary,1,308,has_crown_color::buff,has_crown_color,155,31,124,0.20000000298023224,75,16,59,6.34462308883667,0.4978813559322034,0.26666666666666666,0.00352023309096694
llm.late,mean,primary,1,309,has_wing_pattern::solid,has_wing_pattern,151,32,119,0.21192052960395813,72,18,54,5.199420928955078,0.6388888888888888,0.4827586206896552,0.00352023309096694
llm.late,mean,primary,1,310,has_wing_pattern::spotted,has_wing_pattern,151,31,120,0.20529800653457642,72,7,65,6.053277492523193,0.9274725274725275,0.5454545454545454,0.00352023309096694
llm.late,mean,primary,1,311,has_wing_pattern::striped,has_wing_pattern,151,55,96,0.3642384111881256,72,33,39,6.116122245788574,0.6775446775446775,0.43137254901960786,0.00352023309096694
llm.late,mean,primary,1,312,has_wing_pattern::multi-colored,has_wing_pattern,151,33,118,0.21854305267333984,72,14,58,5.796266078948975,0.6059113300492611,0.25,0.00352023309096694
llm.late,mean,primary,2,2,has_bill_shape::dagger,has_bill_shape,160,14,146,0.08749999850988388,76,4,72,17.071388244628906,0.6736111111111112,0.0,0.003581508295610547
llm.late,mean,primary,2,5,has_bill_shape::hooked_seabird,has_bill_shape,160,15,145,0.09375,76,3,73,5.976342678070068,0.9634703196347032,0.5,0.003581508295610547
llm.late,mean,primary,2,7,has_bill_shape::all-purpose,has_bill_shape,160,66,94,0.4124999940395355,76,34,42,5.605471611022949,0.634453781512605,0.2978723404255319,0.003581508295610547
llm.late,mean,primary,2,8,has_bill_shape::cone,has_bill_shape,160,44,116,0.2750000059604645,76,21,55,5.988478660583496,0.7108225108225108,0.5116279069767442,0.003581508295610547
llm.late,mean,primary,2,96,has_head_pattern::malar,has_head_pattern,156,16,140,0.10256410390138626,76,10,66,10.574310302734375,0.509090909090909,0.0,0.003581508295610547
llm.late,mean,primary,2,100,has_head_pattern::eyebrow,has_head_pattern,156,30,126,0.19230769574642181,76,14,62,5.715920448303223,0.6993087557603687,0.48,0.003581508295610547
llm.late,mean,primary,2,101,has_head_pattern::eyering,has_head_pattern,156,25,131,0.16025641560554504,76,16,60,5.964173793792725,0.646875,0.27586206896551724,0.003581508295610547
llm.late,mean,primary,2,102,has_head_pattern::plain,has_head_pattern,156,37,119,0.2371794879436493,76,13,63,6.008234977722168,0.7081807081807082,0.41379310344827586,0.003581508295610547
llm.late,mean,primary,2,103,has_head_pattern::eyeline,has_head_pattern,156,18,138,0.11538461595773697,76,7,69,6.402052879333496,0.660455486542443,0.2608695652173913,0.003581508295610547
llm.late,mean,primary,2,104,has_head_pattern::striped,has_head_pattern,156,15,141,0.09615384787321091,76,14,62,6.183574676513672,0.5403225806451613,0.2857142857142857,0.003581508295610547
llm.late,mean,primary,2,105,has_head_pattern::capped,has_head_pattern,156,16,140,0.10256410390138626,76,9,67,5.490232467651367,0.5041459369817579,0.14285714285714285,0.003581508295610547
llm.late,mean,primary,2,107,has_breast_color::brown,has_breast_color,145,29,116,0.20000000298023224,75,14,61,6.859401702880859,0.6042154566744731,0.16,0.003581508295610547
llm.late,mean,primary,2,111,has_breast_color::grey,has_breast_color,145,40,105,0.27586206793785095,75,19,56,6.030735492706299,0.5093984962406015,0.20689655172413793,0.003581508295610547
llm.late,mean,primary,2,117,has_breast_color::black,has_breast_color,145,50,95,0.3448275923728943,75,30,45,5.88234806060791,0.5666666666666667,0.22727272727272727,0.003581508295610547
llm.late,mean,primary,2,118,has_breast_color::white,has_breast_color,145,51,94,0.35172414779663086,75,41,34,5.717641830444336,0.6456241032998565,0.5079365079365079,0.003581508295610547
llm.late,mean,primary,2,120,has_breast_color::buff,has_breast_color,145,52,93,0.35862070322036743,75,26,49,5.944169521331787,0.5800627943485086,0.35,0.003581508295610547
llm.late,mean,primary,2,294,has_crown_color::blue,has_crown_color,155,11,144,0.07096774131059647,75,4,71,5.817823886871338,1.0,0.6153846153846154,0.003581508295610547
llm.late,mean,primary,2,295,has_crown_color::brown,has_crown_color,155,60,95,0.3870967626571655,75,33,42,5.976229667663574,0.6392496392496393,0.38461538461538464,0.003581508295610547
llm.late,mean,primary,2,299,has_crown_color::grey,has_crown_color,155,36,119,0.23225806653499603,75,18,57,5.351555347442627,0.5984405458089669,0.3870967741935484,0.003581508295610547
llm.late,mean,primary,2,305,has_crown_color::black,has_crown_color,155,45,110,0.29032257199287415,75,24,51,6.072102069854736,0.6936274509803921,0.42857142857142855,0.003581508295610547
llm.late,mean,primary,2,306,has_crown_color::white,has_crown_color,155,20,135,0.12903225421905518,75,10,65,5.254522323608398,0.7692307692307693,0.38461538461538464,0.003581508295610547
llm.late,mean,primary,2,308,has_crown_color::buff,has_crown_color,155,31,124,0.20000000298023224,75,16,59,6.500938415527344,0.4978813559322034,0.14814814814814814,0.003581508295610547
llm.late,mean,primary,2,309,has_wing_pattern::solid,has_wing_pattern,151,32,119,0.21192052960395813,72,18,54,5.224329948425293,0.6419753086419753,0.4666666666666667,0.003581508295610547
llm.late,mean,primary,2,310,has_wing_pattern::spotted,has_wing_pattern,151,31,120,0.20529800653457642,72,7,65,6.163387775421143,0.9186813186813186,0.5263157894736842,0.003581508295610547
llm.late,mean,primary,2,311,has_wing_pattern::striped,has_wing_pattern,151,55,96,0.3642384111881256,72,33,39,5.496279239654541,0.6814296814296814,0.43137254901960786,0.003581508295610547
llm.late,mean,primary,2,312,has_wing_pattern::multi-colored,has_wing_pattern,151,33,118,0.21854305267333984,72,14,58,5.952984809875488,0.5997536945812808,0.24242424242424243,0.003581508295610547
llm.late,mean,prevalence,-1,2,has_bill_shape::dagger,has_bill_shape,160,14,146,0.08749999850988388,76,4,72,0.0,0.5,0.0,nan
llm.late,mean,prevalence,-1,5,has_bill_shape::hooked_seabird,has_bill_shape,160,15,145,0.09375,76,3,73,0.0,0.5,0.0,nan
llm.late,mean,prevalence,-1,7,has_bill_shape::all-purpose,has_bill_shape,160,66,94,0.4124999940395355,76,34,42,0.0,0.5,0.0,nan
llm.late,mean,prevalence,-1,8,has_bill_shape::cone,has_bill_shape,160,44,116,0.2750000059604645,76,21,55,0.0,0.5,0.0,nan
llm.late,mean,prevalence,-1,96,has_head_pattern::malar,has_head_pattern,156,16,140,0.10256410390138626,76,10,66,0.0,0.5,0.0,nan
llm.late,mean,prevalence,-1,100,has_head_pattern::eyebrow,has_head_pattern,156,30,126,0.19230769574642181,76,14,62,0.0,0.5,0.0,nan
llm.late,mean,prevalence,-1,101,has_head_pattern::eyering,has_head_pattern,156,25,131,0.16025641560554504,76,16,60,0.0,0.5,0.0,nan
llm.late,mean,prevalence,-1,102,has_head_pattern::plain,has_head_pattern,156,37,119,0.2371794879436493,76,13,63,0.0,0.5,0.0,nan
llm.late,mean,prevalence,-1,103,has_head_pattern::eyeline,has_head_pattern,156,18,138,0.11538461595773697,76,7,69,0.0,0.5,0.0,nan
llm.late,mean,prevalence,-1,104,has_head_pattern::striped,has_head_pattern,156,15,141,0.09615384787321091,76,14,62,0.0,0.5,0.0,nan
llm.late,mean,prevalence,-1,105,has_head_pattern::capped,has_head_pattern,156,16,140,0.10256410390138626,76,9,67,0.0,0.5,0.0,nan
llm.late,mean,prevalence,-1,107,has_breast_color::brown,has_breast_color,145,29,116,0.20000000298023224,75,14,61,0.0,0.5,0.0,nan
llm.late,mean,prevalence,-1,111,has_breast_color::grey,has_breast_color,145,40,105,0.27586206793785095,75,19,56,0.0,0.5,0.0,nan
llm.late,mean,prevalence,-1,117,has_breast_color::black,has_breast_color,145,50,95,0.3448275923728943,75,30,45,0.0,0.5,0.0,nan
llm.late,mean,prevalence,-1,118,has_breast_color::white,has_breast_color,145,51,94,0.35172414779663086,75,41,34,0.0,0.5,0.0,nan
llm.late,mean,prevalence,-1,120,has_breast_color::buff,has_breast_color,145,52,93,0.35862070322036743,75,26,49,0.0,0.5,0.0,nan
llm.late,mean,prevalence,-1,294,has_crown_color::blue,has_crown_color,155,11,144,0.07096774131059647,75,4,71,0.0,0.5,0.0,nan
llm.late,mean,prevalence,-1,295,has_crown_color::brown,has_crown_color,155,60,95,0.3870967626571655,75,33,42,0.0,0.5,0.0,nan
llm.late,mean,prevalence,-1,299,has_crown_color::grey,has_crown_color,155,36,119,0.23225806653499603,75,18,57,0.0,0.5,0.0,nan
llm.late,mean,prevalence,-1,305,has_crown_color::black,has_crown_color,155,45,110,0.29032257199287415,75,24,51,0.0,0.5,0.0,nan
llm.late,mean,prevalence,-1,306,has_crown_color::white,has_crown_color,155,20,135,0.12903225421905518,75,10,65,0.0,0.5,0.0,nan
llm.late,mean,prevalence,-1,308,has_crown_color::buff,has_crown_color,155,31,124,0.20000000298023224,75,16,59,0.0,0.5,0.0,nan
llm.late,mean,prevalence,-1,309,has_wing_pattern::solid,has_wing_pattern,151,32,119,0.21192052960395813,72,18,54,0.0,0.5,0.0,nan
llm.late,mean,prevalence,-1,310,has_wing_pattern::spotted,has_wing_pattern,151,31,120,0.20529800653457642,72,7,65,0.0,0.5,0.0,nan
llm.late,mean,prevalence,-1,311,has_wing_pattern::striped,has_wing_pattern,151,55,96,0.3642384111881256,72,33,39,0.0,0.5,0.0,nan
llm.late,mean,prevalence,-1,312,has_wing_pattern::multi-colored,has_wing_pattern,151,33,118,0.21854305267333984,72,14,58,0.0,0.5,0.0,nan
llm.late,mean,shuffled_labels,0,2,has_bill_shape::dagger,has_bill_shape,160,14,146,0.08749999850988388,76,4,72,15.107781410217285,0.7534722222222222,0.16666666666666666,0.00513095548376441
llm.late,mean,shuffled_labels,0,5,has_bill_shape::hooked_seabird,has_bill_shape,160,15,145,0.09375,76,3,73,7.830230712890625,0.3059360730593607,0.0,0.00513095548376441
llm.late,mean,shuffled_labels,0,7,has_bill_shape::all-purpose,has_bill_shape,160,66,94,0.4124999940395355,76,34,42,5.011862277984619,0.4369747899159664,0.23529411764705882,0.00513095548376441
llm.late,mean,shuffled_labels,0,8,has_bill_shape::cone,has_bill_shape,160,44,116,0.2750000059604645,76,21,55,5.329187870025635,0.4675324675324675,0.0625,0.00513095548376441
llm.late,mean,shuffled_labels,0,96,has_head_pattern::malar,has_head_pattern,156,16,140,0.10256410390138626,76,10,66,6.188465595245361,0.5833333333333334,0.24,0.00513095548376441
llm.late,mean,shuffled_labels,0,100,has_head_pattern::eyebrow,has_head_pattern,156,30,126,0.19230769574642181,76,14,62,5.318431377410889,0.46889400921658986,0.09523809523809523,0.00513095548376441
llm.late,mean,shuffled_labels,0,101,has_head_pattern::eyering,has_head_pattern,156,25,131,0.16025641560554504,76,16,60,7.056978225708008,0.390625,0.06896551724137931,0.00513095548376441
llm.late,mean,shuffled_labels,0,102,has_head_pattern::plain,has_head_pattern,156,37,119,0.2371794879436493,76,13,63,5.6234612464904785,0.5433455433455433,0.24,0.00513095548376441
llm.late,mean,shuffled_labels,0,103,has_head_pattern::eyeline,has_head_pattern,156,18,138,0.11538461595773697,76,7,69,6.727442741394043,0.44306418219461696,0.09090909090909091,0.00513095548376441
llm.late,mean,shuffled_labels,0,104,has_head_pattern::striped,has_head_pattern,156,15,141,0.09615384787321091,76,14,62,7.489935398101807,0.6451612903225806,0.45161290322580644,0.00513095548376441
llm.late,mean,shuffled_labels,0,105,has_head_pattern::capped,has_head_pattern,156,16,140,0.10256410390138626,76,9,67,12.830461502075195,0.4709784411276949,0.0,0.00513095548376441
llm.late,mean,shuffled_labels,0,107,has_breast_color::brown,has_breast_color,145,29,116,0.20000000298023224,75,14,61,5.815789699554443,0.4812646370023419,0.07407407407407407,0.00513095548376441
llm.late,mean,shuffled_labels,0,111,has_breast_color::grey,has_breast_color,145,40,105,0.27586206793785095,75,19,56,5.6136579513549805,0.5921052631578947,0.3783783783783784,0.00513095548376441
llm.late,mean,shuffled_labels,0,117,has_breast_color::black,has_breast_color,145,50,95,0.3448275923728943,75,30,45,5.999719142913818,0.4762962962962963,0.23529411764705882,0.00513095548376441
llm.late,mean,shuffled_labels,0,118,has_breast_color::white,has_breast_color,145,51,94,0.35172414779663086,75,41,34,5.532987117767334,0.41248206599713055,0.23333333333333334,0.00513095548376441
llm.late,mean,shuffled_labels,0,120,has_breast_color::buff,has_breast_color,145,52,93,0.35862070322036743,75,26,49,5.6542158126831055,0.4474097331240188,0.2564102564102564,0.00513095548376441
llm.late,mean,shuffled_labels,0,294,has_crown_color::blue,has_crown_color,155,11,144,0.07096774131059647,75,4,71,12.483468055725098,0.36971830985915494,0.0,0.00513095548376441
llm.late,mean,shuffled_labels,0,295,has_crown_color::brown,has_crown_color,155,60,95,0.3870967626571655,75,33,42,5.361820697784424,0.43434343434343436,0.2,0.00513095548376441
llm.late,mean,shuffled_labels,0,299,has_crown_color::grey,has_crown_color,155,36,119,0.23225806653499603,75,18,57,5.237607955932617,0.4083820662768031,0.16216216216216217,0.00513095548376441
llm.late,mean,shuffled_labels,0,305,has_crown_color::black,has_crown_color,155,45,110,0.29032257199287415,75,24,51,5.569277286529541,0.5016339869281046,0.3076923076923077,0.00513095548376441
llm.late,mean,shuffled_labels,0,306,has_crown_color::white,has_crown_color,155,20,135,0.12903225421905518,75,10,65,9.798672676086426,0.5323076923076923,0.09523809523809523,0.00513095548376441
llm.late,mean,shuffled_labels,0,308,has_crown_color::buff,has_crown_color,155,31,124,0.20000000298023224,75,16,59,4.970043659210205,0.6197033898305084,0.14814814814814814,0.00513095548376441
llm.late,mean,shuffled_labels,0,309,has_wing_pattern::solid,has_wing_pattern,151,32,119,0.21192052960395813,72,18,54,6.39188289642334,0.45267489711934156,0.1111111111111111,0.00513095548376441
llm.late,mean,shuffled_labels,0,310,has_wing_pattern::spotted,has_wing_pattern,151,31,120,0.20529800653457642,72,7,65,5.456210613250732,0.3076923076923077,0.08,0.00513095548376441
llm.late,mean,shuffled_labels,0,311,has_wing_pattern::striped,has_wing_pattern,151,55,96,0.3642384111881256,72,33,39,4.875285625457764,0.5376845376845377,0.2978723404255319,0.00513095548376441
llm.late,mean,shuffled_labels,0,312,has_wing_pattern::multi-colored,has_wing_pattern,151,33,118,0.21854305267333984,72,14,58,5.724907875061035,0.5394088669950738,0.06896551724137931,0.00513095548376441
llm.late,mean,shuffled_labels,1,2,has_bill_shape::dagger,has_bill_shape,160,14,146,0.08749999850988388,76,4,72,14.721331596374512,0.625,0.0,0.005231091752648354
llm.late,mean,shuffled_labels,1,5,has_bill_shape::hooked_seabird,has_bill_shape,160,15,145,0.09375,76,3,73,5.932858467102051,0.6164383561643836,0.15384615384615385,0.005231091752648354
llm.late,mean,shuffled_labels,1,7,has_bill_shape::all-purpose,has_bill_shape,160,66,94,0.4124999940395355,76,34,42,5.393599510192871,0.43977591036414565,0.23529411764705882,0.005231091752648354
llm.late,mean,shuffled_labels,1,8,has_bill_shape::cone,has_bill_shape,160,44,116,0.2750000059604645,76,21,55,5.466871738433838,0.5766233766233766,0.43243243243243246,0.005231091752648354
llm.late,mean,shuffled_labels,1,96,has_head_pattern::malar,has_head_pattern,156,16,140,0.10256410390138626,76,10,66,8.790772438049316,0.4575757575757576,0.1111111111111111,0.005231091752648354
llm.late,mean,shuffled_labels,1,100,has_head_pattern::eyebrow,has_head_pattern,156,30,126,0.19230769574642181,76,14,62,5.5662031173706055,0.597926267281106,0.32432432432432434,0.005231091752648354
llm.late,mean,shuffled_labels,1,101,has_head_pattern::eyering,has_head_pattern,156,25,131,0.16025641560554504,76,16,60,5.662998199462891,0.359375,0.0,0.005231091752648354
llm.late,mean,shuffled_labels,1,102,has_head_pattern::plain,has_head_pattern,156,37,119,0.2371794879436493,76,13,63,5.3552565574646,0.5042735042735043,0.08,0.005231091752648354
llm.late,mean,shuffled_labels,1,103,has_head_pattern::eyeline,has_head_pattern,156,18,138,0.11538461595773697,76,7,69,7.574976921081543,0.5590062111801242,0.3076923076923077,0.005231091752648354
llm.late,mean,shuffled_labels,1,104,has_head_pattern::striped,has_head_pattern,156,15,141,0.09615384787321091,76,14,62,10.296619415283203,0.597926267281106,0.17391304347826086,0.005231091752648354
llm.late,mean,shuffled_labels,1,105,has_head_pattern::capped,has_head_pattern,156,16,140,0.10256410390138626,76,9,67,6.253796577453613,0.5638474295190713,0.11764705882352941,0.005231091752648354
llm.late,mean,shuffled_labels,1,107,has_breast_color::brown,has_breast_color,145,29,116,0.20000000298023224,75,14,61,6.111077308654785,0.5081967213114754,0.21428571428571427,0.005231091752648354
llm.late,mean,shuffled_labels,1,111,has_breast_color::grey,has_breast_color,145,40,105,0.27586206793785095,75,19,56,6.158324241638184,0.39285714285714285,0.0,0.005231091752648354
llm.late,mean,shuffled_labels,1,117,has_breast_color::black,has_breast_color,145,50,95,0.3448275923728943,75,30,45,5.379890441894531,0.4577777777777778,0.14634146341463414,0.005231091752648354
llm.late,mean,shuffled_labels,1,118,has_breast_color::white,has_breast_color,145,51,94,0.35172414779663086,75,41,34,5.466914176940918,0.4411764705882353,0.3582089552238806,0.005231091752648354
llm.late,mean,shuffled_labels,1,120,has_breast_color::buff,has_breast_color,145,52,93,0.35862070322036743,75,26,49,5.292370796203613,0.4764521193092622,0.15789473684210525,0.005231091752648354
llm.late,mean,shuffled_labels,1,294,has_crown_color::blue,has_crown_color,155,11,144,0.07096774131059647,75,4,71,7.543020725250244,0.5246478873239436,0.1111111111111111,0.005231091752648354
llm.late,mean,shuffled_labels,1,295,has_crown_color::brown,has_crown_color,155,60,95,0.3870967626571655,75,33,42,5.003530979156494,0.6616161616161617,0.391304347826087,0.005231091752648354
llm.late,mean,shuffled_labels,1,299,has_crown_color::grey,has_crown_color,155,36,119,0.23225806653499603,75,18,57,5.870523452758789,0.5185185185185185,0.32432432432432434,0.005231091752648354
llm.late,mean,shuffled_labels,1,305,has_crown_color::black,has_crown_color,155,45,110,0.29032257199287415,75,24,51,5.215063095092773,0.5433006535947712,0.2564102564102564,0.005231091752648354
llm.late,mean,shuffled_labels,1,306,has_crown_color::white,has_crown_color,155,20,135,0.12903225421905518,75,10,65,4.854147434234619,0.6692307692307692,0.2727272727272727,0.005231091752648354
llm.late,mean,shuffled_labels,1,308,has_crown_color::buff,has_crown_color,155,31,124,0.20000000298023224,75,16,59,5.399230480194092,0.4629237288135593,0.25806451612903225,0.005231091752648354
llm.late,mean,shuffled_labels,1,309,has_wing_pattern::solid,has_wing_pattern,151,32,119,0.21192052960395813,72,18,54,5.289156913757324,0.4948559670781893,0.26666666666666666,0.005231091752648354
llm.late,mean,shuffled_labels,1,310,has_wing_pattern::spotted,has_wing_pattern,151,31,120,0.20529800653457642,72,7,65,5.768294334411621,0.5274725274725275,0.24,0.005231091752648354
llm.late,mean,shuffled_labels,1,311,has_wing_pattern::striped,has_wing_pattern,151,55,96,0.3642384111881256,72,33,39,5.147327899932861,0.3838383838383838,0.13333333333333333,0.005231091752648354
llm.late,mean,shuffled_labels,1,312,has_wing_pattern::multi-colored,has_wing_pattern,151,33,118,0.21854305267333984,72,14,58,6.066982269287109,0.5036945812807881,0.08695652173913043,0.005231091752648354
llm.late,mean,shuffled_labels,2,2,has_bill_shape::dagger,has_bill_shape,160,14,146,0.08749999850988388,76,4,72,9.537774085998535,0.6631944444444444,0.26666666666666666,0.004966507200151682
llm.late,mean,shuffled_labels,2,5,has_bill_shape::hooked_seabird,has_bill_shape,160,15,145,0.09375,76,3,73,12.120372772216797,0.3972602739726027,0.0,0.004966507200151682
llm.late,mean,shuffled_labels,2,7,has_bill_shape::all-purpose,has_bill_shape,160,66,94,0.4124999940395355,76,34,42,5.413924694061279,0.3739495798319328,0.17857142857142858,0.004966507200151682
llm.late,mean,shuffled_labels,2,8,has_bill_shape::cone,has_bill_shape,160,44,116,0.2750000059604645,76,21,55,5.258878707885742,0.45021645021645024,0.23809523809523808,0.004966507200151682
llm.late,mean,shuffled_labels,2,96,has_head_pattern::malar,has_head_pattern,156,16,140,0.10256410390138626,76,10,66,9.779380798339844,0.26212121212121214,0.0,0.004966507200151682
llm.late,mean,shuffled_labels,2,100,has_head_pattern::eyebrow,has_head_pattern,156,30,126,0.19230769574642181,76,14,62,5.720992088317871,0.6774193548387096,0.3888888888888889,0.004966507200151682
llm.late,mean,shuffled_labels,2,101,has_head_pattern::eyering,has_head_pattern,156,25,131,0.16025641560554504,76,16,60,5.89516544342041,0.440625,0.08,0.004966507200151682
llm.late,mean,shuffled_labels,2,102,has_head_pattern::plain,has_head_pattern,156,37,119,0.2371794879436493,76,13,63,5.906754016876221,0.5128205128205128,0.2857142857142857,0.004966507200151682
llm.late,mean,shuffled_labels,2,103,has_head_pattern::eyeline,has_head_pattern,156,18,138,0.11538461595773697,76,7,69,6.033579349517822,0.5631469979296067,0.2608695652173913,0.004966507200151682
llm.late,mean,shuffled_labels,2,104,has_head_pattern::striped,has_head_pattern,156,15,141,0.09615384787321091,76,14,62,7.956849575042725,0.5714285714285714,0.1111111111111111,0.004966507200151682
llm.late,mean,shuffled_labels,2,105,has_head_pattern::capped,has_head_pattern,156,16,140,0.10256410390138626,76,9,67,12.396583557128906,0.5240464344941956,0.15384615384615385,0.004966507200151682
llm.late,mean,shuffled_labels,2,107,has_breast_color::brown,has_breast_color,145,29,116,0.20000000298023224,75,14,61,5.88852071762085,0.572599531615925,0.16666666666666666,0.004966507200151682
llm.late,mean,shuffled_labels,2,111,has_breast_color::grey,has_breast_color,145,40,105,0.27586206793785095,75,19,56,5.9937262535095215,0.3731203007518797,0.12121212121212122,0.004966507200151682
llm.late,mean,shuffled_labels,2,117,has_breast_color::black,has_breast_color,145,50,95,0.3448275923728943,75,30,45,5.541039943695068,0.5207407407407407,0.25,0.004966507200151682
llm.late,mean,shuffled_labels,2,118,has_breast_color::white,has_breast_color,145,51,94,0.35172414779663086,75,41,34,5.556542873382568,0.41893830703012913,0.27586206896551724,0.004966507200151682
llm.late,mean,shuffled_labels,2,120,has_breast_color::buff,has_breast_color,145,52,93,0.35862070322036743,75,26,49,5.614396572113037,0.4411302982731554,0.2926829268292683,0.004966507200151682
llm.late,mean,shuffled_labels,2,294,has_crown_color::blue,has_crown_color,155,11,144,0.07096774131059647,75,4,71,13.322566986083984,0.5211267605633803,0.0,0.004966507200151682
llm.late,mean,shuffled_labels,2,295,has_crown_color::brown,has_crown_color,155,60,95,0.3870967626571655,75,33,42,5.4419403076171875,0.6089466089466089,0.10526315789473684,0.004966507200151682
llm.late,mean,shuffled_labels,2,299,has_crown_color::grey,has_crown_color,155,36,119,0.23225806653499603,75,18,57,5.747923851013184,0.4415204678362573,0.23529411764705882,0.004966507200151682
llm.late,mean,shuffled_labels,2,305,has_crown_color::black,has_crown_color,155,45,110,0.29032257199287415,75,24,51,5.559462547302246,0.4991830065359477,0.24390243902439024,0.004966507200151682
llm.late,mean,shuffled_labels,2,306,has_crown_color::white,has_crown_color,155,20,135,0.12903225421905518,75,10,65,8.399569511413574,0.49846153846153846,0.0,0.004966507200151682
llm.late,mean,shuffled_labels,2,308,has_crown_color::buff,has_crown_color,155,31,124,0.20000000298023224,75,16,59,5.51185417175293,0.5614406779661016,0.22857142857142856,0.004966507200151682
llm.late,mean,shuffled_labels,2,309,has_wing_pattern::solid,has_wing_pattern,151,32,119,0.21192052960395813,72,18,54,5.258305072784424,0.5627572016460906,0.3157894736842105,0.004966507200151682
llm.late,mean,shuffled_labels,2,310,has_wing_pattern::spotted,has_wing_pattern,151,31,120,0.20529800653457642,72,7,65,5.857649803161621,0.5340659340659341,0.15384615384615385,0.004966507200151682
llm.late,mean,shuffled_labels,2,311,has_wing_pattern::striped,has_wing_pattern,151,55,96,0.3642384111881256,72,33,39,5.340433120727539,0.5236985236985237,0.32,0.004966507200151682
llm.late,mean,shuffled_labels,2,312,has_wing_pattern::multi-colored,has_wing_pattern,151,33,118,0.21854305267333984,72,14,58,6.552855491638184,0.5578817733990148,0.29411764705882354,0.004966507200151682
llm.late,mean,random_projection,0,2,has_bill_shape::dagger,has_bill_shape,160,14,146,0.08749999850988388,76,4,72,5.033300399780273,0.5659722222222222,0.0,0.030959246680140495
llm.late,mean,random_projection,0,5,has_bill_shape::hooked_seabird,has_bill_shape,160,15,145,0.09375,76,3,73,2.535404682159424,0.9634703196347032,0.4,0.030959246680140495
llm.late,mean,random_projection,0,7,has_bill_shape::all-purpose,has_bill_shape,160,66,94,0.4124999940395355,76,34,42,2.2473959922790527,0.6071428571428571,0.37735849056603776,0.030959246680140495
llm.late,mean,random_projection,0,8,has_bill_shape::cone,has_bill_shape,160,44,116,0.2750000059604645,76,21,55,2.691770553588867,0.6606060606060606,0.4583333333333333,0.030959246680140495
llm.late,mean,random_projection,0,96,has_head_pattern::malar,has_head_pattern,156,16,140,0.10256410390138626,76,10,66,3.942476749420166,0.5833333333333334,0.2857142857142857,0.030959246680140495
llm.late,mean,random_projection,0,100,has_head_pattern::eyebrow,has_head_pattern,156,30,126,0.19230769574642181,76,14,62,3.713818073272705,0.7131336405529954,0.4666666666666667,0.030959246680140495
llm.late,mean,random_projection,0,101,has_head_pattern::eyering,has_head_pattern,156,25,131,0.16025641560554504,76,16,60,2.7090024948120117,0.7322916666666667,0.3888888888888889,0.030959246680140495
llm.late,mean,random_projection,0,102,has_head_pattern::plain,has_head_pattern,156,37,119,0.2371794879436493,76,13,63,2.4061572551727295,0.6935286935286935,0.35714285714285715,0.030959246680140495
llm.late,mean,random_projection,0,103,has_head_pattern::eyeline,has_head_pattern,156,18,138,0.11538461595773697,76,7,69,2.1216185092926025,0.5631469979296067,0.0,0.030959246680140495
llm.late,mean,random_projection,0,104,has_head_pattern::striped,has_head_pattern,156,15,141,0.09615384787321091,76,14,62,2.892789125442505,0.48963133640552997,0.16,0.030959246680140495
llm.late,mean,random_projection,0,105,has_head_pattern::capped,has_head_pattern,156,16,140,0.10256410390138626,76,9,67,2.581625461578369,0.6384742951907131,0.1111111111111111,0.030959246680140495
llm.late,mean,random_projection,0,107,has_breast_color::brown,has_breast_color,145,29,116,0.20000000298023224,75,14,61,3.3232250213623047,0.5807962529274004,0.38461538461538464,0.030959246680140495
llm.late,mean,random_projection,0,111,has_breast_color::grey,has_breast_color,145,40,105,0.27586206793785095,75,19,56,2.886863946914673,0.5225563909774437,0.25806451612903225,0.030959246680140495
llm.late,mean,random_projection,0,117,has_breast_color::black,has_breast_color,145,50,95,0.3448275923728943,75,30,45,2.0793657302856445,0.5155555555555555,0.2727272727272727,0.030959246680140495
llm.late,mean,random_projection,0,118,has_breast_color::white,has_breast_color,145,51,94,0.35172414779663086,75,41,34,2.1775550842285156,0.6757532281205165,0.3728813559322034,0.030959246680140495
llm.late,mean,random_projection,0,120,has_breast_color::buff,has_breast_color,145,52,93,0.35862070322036743,75,26,49,1.953947901725769,0.6248037676609105,0.3,0.030959246680140495
llm.late,mean,random_projection,0,294,has_crown_color::blue,has_crown_color,155,11,144,0.07096774131059647,75,4,71,3.887430191040039,0.9859154929577465,0.6153846153846154,0.030959246680140495
llm.late,mean,random_projection,0,295,has_crown_color::brown,has_crown_color,155,60,95,0.3870967626571655,75,33,42,2.2586262226104736,0.5663780663780664,0.36363636363636365,0.030959246680140495
llm.late,mean,random_projection,0,299,has_crown_color::grey,has_crown_color,155,36,119,0.23225806653499603,75,18,57,1.9263906478881836,0.5594541910331384,0.3157894736842105,0.030959246680140495
llm.late,mean,random_projection,0,305,has_crown_color::black,has_crown_color,155,45,110,0.29032257199287415,75,24,51,3.1950368881225586,0.6535947712418301,0.3783783783783784,0.030959246680140495
llm.late,mean,random_projection,0,306,has_crown_color::white,has_crown_color,155,20,135,0.12903225421905518,75,10,65,2.3472251892089844,0.84,0.41379310344827586,0.030959246680140495
llm.late,mean,random_projection,0,308,has_crown_color::buff,has_crown_color,155,31,124,0.20000000298023224,75,16,59,2.3129045963287354,0.486228813559322,0.15789473684210525,0.030959246680140495
llm.late,mean,random_projection,0,309,has_wing_pattern::solid,has_wing_pattern,151,32,119,0.21192052960395813,72,18,54,2.6414103507995605,0.6193415637860082,0.3448275862068966,0.030959246680140495
llm.late,mean,random_projection,0,310,has_wing_pattern::spotted,has_wing_pattern,151,31,120,0.20529800653457642,72,7,65,2.519134044647217,0.9164835164835164,0.5217391304347826,0.030959246680140495
llm.late,mean,random_projection,0,311,has_wing_pattern::striped,has_wing_pattern,151,55,96,0.3642384111881256,72,33,39,2.406783103942871,0.6013986013986014,0.43137254901960786,0.030959246680140495
llm.late,mean,random_projection,0,312,has_wing_pattern::multi-colored,has_wing_pattern,151,33,118,0.21854305267333984,72,14,58,2.692636489868164,0.5886699507389163,0.2857142857142857,0.030959246680140495
llm.late,mean,random_projection,1,2,has_bill_shape::dagger,has_bill_shape,160,14,146,0.08749999850988388,76,4,72,4.816298007965088,0.7465277777777778,0.3333333333333333,0.029190193861722946
llm.late,mean,random_projection,1,5,has_bill_shape::hooked_seabird,has_bill_shape,160,15,145,0.09375,76,3,73,2.159080743789673,0.9771689497716894,0.5,0.029190193861722946
llm.late,mean,random_projection,1,7,has_bill_shape::all-purpose,has_bill_shape,160,66,94,0.4124999940395355,76,34,42,2.257456064224243,0.6106442577030813,0.41509433962264153,0.029190193861722946
llm.late,mean,random_projection,1,8,has_bill_shape::cone,has_bill_shape,160,44,116,0.2750000059604645,76,21,55,3.0651581287384033,0.7636363636363637,0.47619047619047616,0.029190193861722946
llm.late,mean,random_projection,1,96,has_head_pattern::malar,has_head_pattern,156,16,140,0.10256410390138626,76,10,66,2.6363303661346436,0.6484848484848484,0.2727272727272727,0.029190193861722946
llm.late,mean,random_projection,1,100,has_head_pattern::eyebrow,has_head_pattern,156,30,126,0.19230769574642181,76,14,62,2.8122880458831787,0.7050691244239631,0.4827586206896552,0.029190193861722946
llm.late,mean,random_projection,1,101,has_head_pattern::eyering,has_head_pattern,156,25,131,0.16025641560554504,76,16,60,2.3384017944335938,0.6885416666666667,0.46153846153846156,0.029190193861722946
llm.late,mean,random_projection,1,102,has_head_pattern::plain,has_head_pattern,156,37,119,0.2371794879436493,76,13,63,2.133251667022705,0.63003663003663,0.37037037037037035,0.029190193861722946
llm.late,mean,random_projection,1,103,has_head_pattern::eyeline,has_head_pattern,156,18,138,0.11538461595773697,76,7,69,2.5125322341918945,0.6708074534161491,0.2222222222222222,0.029190193861722946
llm.late,mean,random_projection,1,104,has_head_pattern::striped,has_head_pattern,156,15,141,0.09615384787321091,76,14,62,2.812772274017334,0.39285714285714285,0.07692307692307693,0.029190193861722946
llm.late,mean,random_projection,1,105,has_head_pattern::capped,has_head_pattern,156,16,140,0.10256410390138626,76,9,67,2.7916603088378906,0.5207296849087893,0.08695652173913043,0.029190193861722946
llm.late,mean,random_projection,1,107,has_breast_color::brown,has_breast_color,145,29,116,0.20000000298023224,75,14,61,3.1411075592041016,0.6604215456674473,0.35714285714285715,0.029190193861722946
llm.late,mean,random_projection,1,111,has_breast_color::grey,has_breast_color,145,40,105,0.27586206793785095,75,19,56,2.94389271736145,0.43890977443609025,0.11428571428571428,0.029190193861722946
llm.late,mean,random_projection,1,117,has_breast_color::black,has_breast_color,145,50,95,0.3448275923728943,75,30,45,2.2001960277557373,0.5792592592592593,0.23255813953488372,0.029190193861722946
llm.late,mean,random_projection,1,118,has_breast_color::white,has_breast_color,145,51,94,0.35172414779663086,75,41,34,2.8061435222625732,0.5781922525107605,0.4262295081967213,0.029190193861722946
llm.late,mean,random_projection,1,120,has_breast_color::buff,has_breast_color,145,52,93,0.35862070322036743,75,26,49,2.677337408065796,0.5627943485086342,0.3829787234042553,0.029190193861722946
llm.late,mean,random_projection,1,294,has_crown_color::blue,has_crown_color,155,11,144,0.07096774131059647,75,4,71,3.0446534156799316,0.9929577464788732,0.5714285714285714,0.029190193861722946
llm.late,mean,random_projection,1,295,has_crown_color::brown,has_crown_color,155,60,95,0.3870967626571655,75,33,42,2.2822742462158203,0.6443001443001443,0.39285714285714285,0.029190193861722946
llm.late,mean,random_projection,1,299,has_crown_color::grey,has_crown_color,155,36,119,0.23225806653499603,75,18,57,2.524644136428833,0.6627680311890838,0.43243243243243246,0.029190193861722946
llm.late,mean,random_projection,1,305,has_crown_color::black,has_crown_color,155,45,110,0.29032257199287415,75,24,51,2.826653003692627,0.6446078431372549,0.4,0.029190193861722946
llm.late,mean,random_projection,1,306,has_crown_color::white,has_crown_color,155,20,135,0.12903225421905518,75,10,65,1.8138248920440674,0.6307692307692307,0.38095238095238093,0.029190193861722946
llm.late,mean,random_projection,1,308,has_crown_color::buff,has_crown_color,155,31,124,0.20000000298023224,75,16,59,3.1206812858581543,0.6038135593220338,0.29411764705882354,0.029190193861722946
llm.late,mean,random_projection,1,309,has_wing_pattern::solid,has_wing_pattern,151,32,119,0.21192052960395813,72,18,54,2.73506498336792,0.6049382716049383,0.4666666666666667,0.029190193861722946
llm.late,mean,random_projection,1,310,has_wing_pattern::spotted,has_wing_pattern,151,31,120,0.20529800653457642,72,7,65,3.010488510131836,0.8593406593406593,0.36363636363636365,0.029190193861722946
llm.late,mean,random_projection,1,311,has_wing_pattern::striped,has_wing_pattern,151,55,96,0.3642384111881256,72,33,39,2.7054319381713867,0.7101787101787101,0.5,0.029190193861722946
llm.late,mean,random_projection,1,312,has_wing_pattern::multi-colored,has_wing_pattern,151,33,118,0.21854305267333984,72,14,58,2.6144237518310547,0.5160098522167488,0.2564102564102564,0.029190193861722946
llm.late,mean,random_projection,2,2,has_bill_shape::dagger,has_bill_shape,160,14,146,0.08749999850988388,76,4,72,3.1355130672454834,0.6388888888888888,0.09090909090909091,0.031772494316101074
llm.late,mean,random_projection,2,5,has_bill_shape::hooked_seabird,has_bill_shape,160,15,145,0.09375,76,3,73,3.1182141304016113,0.958904109589041,0.4,0.031772494316101074
llm.late,mean,random_projection,2,7,has_bill_shape::all-purpose,has_bill_shape,160,66,94,0.4124999940395355,76,34,42,2.7003560066223145,0.6491596638655462,0.32,0.031772494316101074
llm.late,mean,random_projection,2,8,has_bill_shape::cone,has_bill_shape,160,44,116,0.2750000059604645,76,21,55,2.590998649597168,0.7134199134199134,0.5116279069767442,0.031772494316101074
llm.late,mean,random_projection,2,96,has_head_pattern::malar,has_head_pattern,156,16,140,0.10256410390138626,76,10,66,2.1584486961364746,0.5015151515151515,0.07692307692307693,0.031772494316101074
llm.late,mean,random_projection,2,100,has_head_pattern::eyebrow,has_head_pattern,156,30,126,0.19230769574642181,76,14,62,2.7367115020751953,0.5852534562211982,0.2857142857142857,0.031772494316101074
llm.late,mean,random_projection,2,101,has_head_pattern::eyering,has_head_pattern,156,25,131,0.16025641560554504,76,16,60,2.5405502319335938,0.653125,0.24242424242424243,0.031772494316101074
llm.late,mean,random_projection,2,102,has_head_pattern::plain,has_head_pattern,156,37,119,0.2371794879436493,76,13,63,2.9492526054382324,0.7423687423687424,0.48,0.031772494316101074
llm.late,mean,random_projection,2,103,has_head_pattern::eyeline,has_head_pattern,156,18,138,0.11538461595773697,76,7,69,2.2331223487854004,0.5362318840579711,0.08333333333333333,0.031772494316101074
llm.late,mean,random_projection,2,104,has_head_pattern::striped,has_head_pattern,156,15,141,0.09615384787321091,76,14,62,2.998694896697998,0.4792626728110599,0.20689655172413793,0.031772494316101074
llm.late,mean,random_projection,2,105,has_head_pattern::capped,has_head_pattern,156,16,140,0.10256410390138626,76,9,67,2.6834523677825928,0.5555555555555556,0.0,0.031772494316101074
llm.late,mean,random_projection,2,107,has_breast_color::brown,has_breast_color,145,29,116,0.20000000298023224,75,14,61,2.8886919021606445,0.6194379391100703,0.18181818181818182,0.031772494316101074
llm.late,mean,random_projection,2,111,has_breast_color::grey,has_breast_color,145,40,105,0.27586206793785095,75,19,56,2.810565948486328,0.5413533834586466,0.20689655172413793,0.031772494316101074
llm.late,mean,random_projection,2,117,has_breast_color::black,has_breast_color,145,50,95,0.3448275923728943,75,30,45,2.3595690727233887,0.5274074074074074,0.2222222222222222,0.031772494316101074
llm.late,mean,random_projection,2,118,has_breast_color::white,has_breast_color,145,51,94,0.35172414779663086,75,41,34,2.021821975708008,0.7008608321377331,0.5373134328358209,0.031772494316101074
llm.late,mean,random_projection,2,120,has_breast_color::buff,has_breast_color,145,52,93,0.35862070322036743,75,26,49,2.95603609085083,0.6067503924646782,0.3181818181818182,0.031772494316101074
llm.late,mean,random_projection,2,294,has_crown_color::blue,has_crown_color,155,11,144,0.07096774131059647,75,4,71,3.550715684890747,0.9823943661971831,0.5333333333333333,0.031772494316101074
llm.late,mean,random_projection,2,295,has_crown_color::brown,has_crown_color,155,60,95,0.3870967626571655,75,33,42,2.4327545166015625,0.6089466089466089,0.49056603773584906,0.031772494316101074
llm.late,mean,random_projection,2,299,has_crown_color::grey,has_crown_color,155,36,119,0.23225806653499603,75,18,57,2.409346580505371,0.6754385964912281,0.45714285714285713,0.031772494316101074
llm.late,mean,random_projection,2,305,has_crown_color::black,has_crown_color,155,45,110,0.29032257199287415,75,24,51,3.24810528755188,0.6519607843137255,0.3157894736842105,0.031772494316101074
llm.late,mean,random_projection,2,306,has_crown_color::white,has_crown_color,155,20,135,0.12903225421905518,75,10,65,1.922469973564148,0.7846153846153846,0.38095238095238093,0.031772494316101074
llm.late,mean,random_projection,2,308,has_crown_color::buff,has_crown_color,155,31,124,0.20000000298023224,75,16,59,3.000230312347412,0.5169491525423728,0.12903225806451613,0.031772494316101074
llm.late,mean,random_projection,2,309,has_wing_pattern::solid,has_wing_pattern,151,32,119,0.21192052960395813,72,18,54,2.4346108436584473,0.654320987654321,0.4375,0.031772494316101074
llm.late,mean,random_projection,2,310,has_wing_pattern::spotted,has_wing_pattern,151,31,120,0.20529800653457642,72,7,65,2.9827589988708496,0.8351648351648352,0.5555555555555556,0.031772494316101074
llm.late,mean,random_projection,2,311,has_wing_pattern::striped,has_wing_pattern,151,55,96,0.3642384111881256,72,33,39,2.2572779655456543,0.7055167055167055,0.5517241379310345,0.031772494316101074
llm.late,mean,random_projection,2,312,has_wing_pattern::multi-colored,has_wing_pattern,151,33,118,0.21854305267333984,72,14,58,2.181246757507324,0.7044334975369458,0.34285714285714286,0.031772494316101074
llm.final,mean,primary,0,2,has_bill_shape::dagger,has_bill_shape,160,14,146,0.08749999850988388,76,4,72,16.92018699645996,0.6944444444444444,0.25,0.003822698723524809
llm.final,mean,primary,0,5,has_bill_shape::hooked_seabird,has_bill_shape,160,15,145,0.09375,76,3,73,5.821363925933838,0.9634703196347032,0.5,0.003822698723524809
llm.final,mean,primary,0,7,has_bill_shape::all-purpose,has_bill_shape,160,66,94,0.4124999940395355,76,34,42,5.75217866897583,0.6386554621848739,0.32653061224489793,0.003822698723524809
llm.final,mean,primary,0,8,has_bill_shape::cone,has_bill_shape,160,44,116,0.2750000059604645,76,21,55,6.0078301429748535,0.7142857142857143,0.4888888888888889,0.003822698723524809
llm.final,mean,primary,0,96,has_head_pattern::malar,has_head_pattern,156,16,140,0.10256410390138626,76,10,66,8.149166107177734,0.5378787878787878,0.09090909090909091,0.003822698723524809
llm.final,mean,primary,0,100,has_head_pattern::eyebrow,has_head_pattern,156,30,126,0.19230769574642181,76,14,62,5.32996129989624,0.6670506912442397,0.4,0.003822698723524809
llm.final,mean,primary,0,101,has_head_pattern::eyering,has_head_pattern,156,25,131,0.16025641560554504,76,16,60,6.098595142364502,0.675,0.3225806451612903,0.003822698723524809
llm.final,mean,primary,0,102,has_head_pattern::plain,has_head_pattern,156,37,119,0.2371794879436493,76,13,63,5.84979772567749,0.7057387057387058,0.4166666666666667,0.003822698723524809
llm.final,mean,primary,0,103,has_head_pattern::eyeline,has_head_pattern,156,18,138,0.11538461595773697,76,7,69,6.7440104484558105,0.6645962732919255,0.24,0.003822698723524809
llm.final,mean,primary,0,104,has_head_pattern::striped,has_head_pattern,156,15,141,0.09615384787321091,76,14,62,5.803713321685791,0.5311059907834101,0.2,0.003822698723524809
llm.final,mean,primary,0,105,has_head_pattern::capped,has_head_pattern,156,16,140,0.10256410390138626,76,9,67,5.487034797668457,0.5373134328358209,0.20689655172413793,0.003822698723524809
llm.final,mean,primary,0,107,has_breast_color::brown,has_breast_color,145,29,116,0.20000000298023224,75,14,61,6.486212253570557,0.6229508196721312,0.16666666666666666,0.003822698723524809
llm.final,mean,primary,0,111,has_breast_color::grey,has_breast_color,145,40,105,0.27586206793785095,75,19,56,5.545232772827148,0.4830827067669173,0.2,0.003822698723524809
llm.final,mean,primary,0,117,has_breast_color::black,has_breast_color,145,50,95,0.3448275923728943,75,30,45,6.015326023101807,0.5792592592592593,0.26666666666666666,0.003822698723524809
llm.final,mean,primary,0,118,has_breast_color::white,has_breast_color,145,51,94,0.35172414779663086,75,41,34,5.533363342285156,0.6628407460545194,0.5396825396825397,0.003822698723524809
llm.final,mean,primary,0,120,has_breast_color::buff,has_breast_color,145,52,93,0.35862070322036743,75,26,49,5.712031364440918,0.6287284144427001,0.43902439024390244,0.003822698723524809
llm.final,mean,primary,0,294,has_crown_color::blue,has_crown_color,155,11,144,0.07096774131059647,75,4,71,5.499603748321533,1.0,0.6153846153846154,0.003822698723524809
llm.final,mean,primary,0,295,has_crown_color::brown,has_crown_color,155,60,95,0.3870967626571655,75,33,42,5.994082927703857,0.6421356421356421,0.43636363636363634,0.003822698723524809
llm.final,mean,primary,0,299,has_crown_color::grey,has_crown_color,155,36,119,0.23225806653499603,75,18,57,5.548460960388184,0.6003898635477583,0.42424242424242425,0.003822698723524809
llm.final,mean,primary,0,305,has_crown_color::black,has_crown_color,155,45,110,0.29032257199287415,75,24,51,6.4282708168029785,0.6535947712418301,0.43902439024390244,0.003822698723524809
llm.final,mean,primary,0,306,has_crown_color::white,has_crown_color,155,20,135,0.12903225421905518,75,10,65,4.830426216125488,0.7661538461538462,0.38461538461538464,0.003822698723524809
llm.final,mean,primary,0,308,has_crown_color::buff,has_crown_color,155,31,124,0.20000000298023224,75,16,59,5.978372097015381,0.510593220338983,0.21428571428571427,0.003822698723524809
llm.final,mean,primary,0,309,has_wing_pattern::solid,has_wing_pattern,151,32,119,0.21192052960395813,72,18,54,5.333638668060303,0.6594650205761317,0.4827586206896552,0.003822698723524809
llm.final,mean,primary,0,310,has_wing_pattern::spotted,has_wing_pattern,151,31,120,0.20529800653457642,72,7,65,6.034074306488037,0.9472527472527472,0.6666666666666666,0.003822698723524809
llm.final,mean,primary,0,311,has_wing_pattern::striped,has_wing_pattern,151,55,96,0.3642384111881256,72,33,39,6.1003570556640625,0.6581196581196581,0.4489795918367347,0.003822698723524809
llm.final,mean,primary,0,312,has_wing_pattern::multi-colored,has_wing_pattern,151,33,118,0.21854305267333984,72,14,58,5.742180347442627,0.6293103448275862,0.29411764705882354,0.003822698723524809
llm.final,mean,primary,1,2,has_bill_shape::dagger,has_bill_shape,160,14,146,0.08749999850988388,76,4,72,17.18658447265625,0.7222222222222222,0.2222222222222222,0.0038647574838250875
llm.final,mean,primary,1,5,has_bill_shape::hooked_seabird,has_bill_shape,160,15,145,0.09375,76,3,73,5.716257095336914,0.9634703196347032,0.46153846153846156,0.0038647574838250875
llm.final,mean,primary,1,7,has_bill_shape::all-purpose,has_bill_shape,160,66,94,0.4124999940395355,76,34,42,5.771568775177002,0.6330532212885154,0.2916666666666667,0.0038647574838250875
llm.final,mean,primary,1,8,has_bill_shape::cone,has_bill_shape,160,44,116,0.2750000059604645,76,21,55,6.005528926849365,0.7021645021645022,0.4444444444444444,0.0038647574838250875
llm.final,mean,primary,1,96,has_head_pattern::malar,has_head_pattern,156,16,140,0.10256410390138626,76,10,66,8.023085594177246,0.5303030303030303,0.08695652173913043,0.0038647574838250875
llm.final,mean,primary,1,100,has_head_pattern::eyebrow,has_head_pattern,156,30,126,0.19230769574642181,76,14,62,5.517392158508301,0.6658986175115207,0.4,0.0038647574838250875
llm.final,mean,primary,1,101,has_head_pattern::eyering,has_head_pattern,156,25,131,0.16025641560554504,76,16,60,6.310580730438232,0.6645833333333333,0.30303030303030304,0.0038647574838250875
llm.final,mean,primary,1,102,has_head_pattern::plain,has_head_pattern,156,37,119,0.2371794879436493,76,13,63,5.840921878814697,0.7167277167277167,0.4166666666666667,0.0038647574838250875
llm.final,mean,primary,1,103,has_head_pattern::eyeline,has_head_pattern,156,18,138,0.11538461595773697,76,7,69,6.878835201263428,0.6542443064182195,0.2608695652173913,0.0038647574838250875
llm.final,mean,primary,1,104,has_head_pattern::striped,has_head_pattern,156,15,141,0.09615384787321091,76,14,62,5.730433940887451,0.5368663594470046,0.20689655172413793,0.0038647574838250875
llm.final,mean,primary,1,105,has_head_pattern::capped,has_head_pattern,156,16,140,0.10256410390138626,76,9,67,5.5968194007873535,0.5538971807628524,0.2,0.0038647574838250875
llm.final,mean,primary,1,107,has_breast_color::brown,has_breast_color,145,29,116,0.20000000298023224,75,14,61,6.2444000244140625,0.6088992974238876,0.2962962962962963,0.0038647574838250875
llm.final,mean,primary,1,111,has_breast_color::grey,has_breast_color,145,40,105,0.27586206793785095,75,19,56,5.583371162414551,0.49530075187969924,0.25806451612903225,0.0038647574838250875
llm.final,mean,primary,1,117,has_breast_color::black,has_breast_color,145,50,95,0.3448275923728943,75,30,45,5.874696731567383,0.5844444444444444,0.2608695652173913,0.0038647574838250875
llm.final,mean,primary,1,118,has_breast_color::white,has_breast_color,145,51,94,0.35172414779663086,75,41,34,5.715272426605225,0.672883787661406,0.5396825396825397,0.0038647574838250875
llm.final,mean,primary,1,120,has_breast_color::buff,has_breast_color,145,52,93,0.35862070322036743,75,26,49,5.61251974105835,0.6295133437990581,0.43902439024390244,0.0038647574838250875
llm.final,mean,primary,1,294,has_crown_color::blue,has_crown_color,155,11,144,0.07096774131059647,75,4,71,5.6559224128723145,1.0,0.6153846153846154,0.0038647574838250875
llm.final,mean,primary,1,295,has_crown_color::brown,has_crown_color,155,60,95,0.3870967626571655,75,33,42,6.011632442474365,0.6443001443001443,0.4074074074074074,0.0038647574838250875
llm.final,mean,primary,1,299,has_crown_color::grey,has_crown_color,155,36,119,0.23225806653499603,75,18,57,5.300837516784668,0.5964912280701754,0.42424242424242425,0.0038647574838250875
llm.final,mean,primary,1,305,has_crown_color::black,has_crown_color,155,45,110,0.29032257199287415,75,24,51,6.183917045593262,0.6560457516339869,0.46511627906976744,0.0038647574838250875
llm.final,mean,primary,1,306,has_crown_color::white,has_crown_color,155,20,135,0.12903225421905518,75,10,65,4.683527946472168,0.7615384615384615,0.4,0.0038647574838250875
llm.final,mean,primary,1,308,has_crown_color::buff,has_crown_color,155,31,124,0.20000000298023224,75,16,59,5.863749027252197,0.5095338983050848,0.21428571428571427,0.0038647574838250875
llm.final,mean,primary,1,309,has_wing_pattern::solid,has_wing_pattern,151,32,119,0.21192052960395813,72,18,54,5.135160446166992,0.6255144032921811,0.4,0.0038647574838250875
llm.final,mean,primary,1,310,has_wing_pattern::spotted,has_wing_pattern,151,31,120,0.20529800653457642,72,7,65,5.95734977722168,0.9362637362637363,0.6666666666666666,0.0038647574838250875
llm.final,mean,primary,1,311,has_wing_pattern::striped,has_wing_pattern,151,55,96,0.3642384111881256,72,33,39,5.957873344421387,0.6557886557886557,0.5098039215686274,0.0038647574838250875
llm.final,mean,primary,1,312,has_wing_pattern::multi-colored,has_wing_pattern,151,33,118,0.21854305267333984,72,14,58,5.60689115524292,0.6293103448275862,0.25,0.0038647574838250875
llm.final,mean,primary,2,2,has_bill_shape::dagger,has_bill_shape,160,14,146,0.08749999850988388,76,4,72,17.655134201049805,0.7152777777777778,0.25,0.0038671460933983326
llm.final,mean,primary,2,5,has_bill_shape::hooked_seabird,has_bill_shape,160,15,145,0.09375,76,3,73,5.688002586364746,0.9634703196347032,0.46153846153846156,0.0038671460933983326
llm.final,mean,primary,2,7,has_bill_shape::all-purpose,has_bill_shape,160,66,94,0.4124999940395355,76,34,42,5.805450916290283,0.6211484593837535,0.2916666666666667,0.0038671460933983326
llm.final,mean,primary,2,8,has_bill_shape::cone,has_bill_shape,160,44,116,0.2750000059604645,76,21,55,6.02706241607666,0.7082251082251082,0.4888888888888889,0.0038671460933983326
llm.final,mean,primary,2,96,has_head_pattern::malar,has_head_pattern,156,16,140,0.10256410390138626,76,10,66,7.555309295654297,0.543939393939394,0.16666666666666666,0.0038671460933983326
llm.final,mean,primary,2,100,has_head_pattern::eyebrow,has_head_pattern,156,30,126,0.19230769574642181,76,14,62,5.566249370574951,0.6808755760368663,0.4,0.0038671460933983326
llm.final,mean,primary,2,101,has_head_pattern::eyering,has_head_pattern,156,25,131,0.16025641560554504,76,16,60,6.018740653991699,0.6708333333333333,0.26666666666666666,0.0038671460933983326
llm.final,mean,primary,2,102,has_head_pattern::plain,has_head_pattern,156,37,119,0.2371794879436493,76,13,63,5.765796661376953,0.7081807081807082,0.4166666666666667,0.0038671460933983326
llm.final,mean,primary,2,103,has_head_pattern::eyeline,has_head_pattern,156,18,138,0.11538461595773697,76,7,69,6.295896053314209,0.6563146997929606,0.23076923076923078,0.0038671460933983326
llm.final,mean,primary,2,104,has_head_pattern::striped,has_head_pattern,156,15,141,0.09615384787321091,76,14,62,6.0825514793396,0.5230414746543779,0.2,0.0038671460933983326
llm.final,mean,primary,2,105,has_head_pattern::capped,has_head_pattern,156,16,140,0.10256410390138626,76,9,67,5.515171051025391,0.5339966832504146,0.14285714285714285,0.0038671460933983326
llm.final,mean,primary,2,107,has_breast_color::brown,has_breast_color,145,29,116,0.20000000298023224,75,14,61,6.328591823577881,0.6217798594847775,0.24,0.0038671460933983326
llm.final,mean,primary,2,111,has_breast_color::grey,has_breast_color,145,40,105,0.27586206793785095,75,19,56,5.591006755828857,0.4943609022556391,0.1875,0.0038671460933983326
llm.final,mean,primary,2,117,has_breast_color::black,has_breast_color,145,50,95,0.3448275923728943,75,30,45,6.096299171447754,0.5792592592592593,0.26666666666666666,0.0038671460933983326
llm.final,mean,primary,2,118,has_breast_color::white,has_breast_color,145,51,94,0.35172414779663086,75,41,34,5.544369697570801,0.6714490674318508,0.4406779661016949,0.0038671460933983326
llm.final,mean,primary,2,120,has_breast_color::buff,has_breast_color,145,52,93,0.35862070322036743,75,26,49,5.7192463874816895,0.6145996860282574,0.43902439024390244,0.0038671460933983326
llm.final,mean,primary,2,294,has_crown_color::blue,has_crown_color,155,11,144,0.07096774131059647,75,4,71,5.640451431274414,1.0,0.6153846153846154,0.0038671460933983326
llm.final,mean,primary,2,295,has_crown_color::brown,has_crown_color,155,60,95,0.3870967626571655,75,33,42,5.795932769775391,0.63997113997114,0.43636363636363634,0.0038671460933983326
llm.final,mean,primary,2,299,has_crown_color::grey,has_crown_color,155,36,119,0.23225806653499603,75,18,57,5.312723636627197,0.601364522417154,0.45714285714285713,0.0038671460933983326
llm.final,mean,primary,2,305,has_crown_color::black,has_crown_color,155,45,110,0.29032257199287415,75,24,51,6.2707200050354,0.6576797385620915,0.46511627906976744,0.0038671460933983326
llm.final,mean,primary,2,306,has_crown_color::white,has_crown_color,155,20,135,0.12903225421905518,75,10,65,4.798479080200195,0.7661538461538462,0.38461538461538464,0.0038671460933983326
llm.final,mean,primary,2,308,has_crown_color::buff,has_crown_color,155,31,124,0.20000000298023224,75,16,59,5.713027477264404,0.4978813559322034,0.21428571428571427,0.0038671460933983326
llm.final,mean,primary,2,309,has_wing_pattern::solid,has_wing_pattern,151,32,119,0.21192052960395813,72,18,54,5.152026176452637,0.6286008230452675,0.41379310344827586,0.0038671460933983326
llm.final,mean,primary,2,310,has_wing_pattern::spotted,has_wing_pattern,151,31,120,0.20529800653457642,72,7,65,5.9242658615112305,0.9384615384615385,0.6,0.0038671460933983326
llm.final,mean,primary,2,311,has_wing_pattern::striped,has_wing_pattern,151,55,96,0.3642384111881256,72,33,39,5.50855827331543,0.6635586635586636,0.4489795918367347,0.0038671460933983326
llm.final,mean,primary,2,312,has_wing_pattern::multi-colored,has_wing_pattern,151,33,118,0.21854305267333984,72,14,58,5.905924320220947,0.6133004926108374,0.23529411764705882,0.0038671460933983326
llm.final,mean,prevalence,-1,2,has_bill_shape::dagger,has_bill_shape,160,14,146,0.08749999850988388,76,4,72,0.0,0.5,0.0,nan
llm.final,mean,prevalence,-1,5,has_bill_shape::hooked_seabird,has_bill_shape,160,15,145,0.09375,76,3,73,0.0,0.5,0.0,nan
llm.final,mean,prevalence,-1,7,has_bill_shape::all-purpose,has_bill_shape,160,66,94,0.4124999940395355,76,34,42,0.0,0.5,0.0,nan
llm.final,mean,prevalence,-1,8,has_bill_shape::cone,has_bill_shape,160,44,116,0.2750000059604645,76,21,55,0.0,0.5,0.0,nan
llm.final,mean,prevalence,-1,96,has_head_pattern::malar,has_head_pattern,156,16,140,0.10256410390138626,76,10,66,0.0,0.5,0.0,nan
llm.final,mean,prevalence,-1,100,has_head_pattern::eyebrow,has_head_pattern,156,30,126,0.19230769574642181,76,14,62,0.0,0.5,0.0,nan
llm.final,mean,prevalence,-1,101,has_head_pattern::eyering,has_head_pattern,156,25,131,0.16025641560554504,76,16,60,0.0,0.5,0.0,nan
llm.final,mean,prevalence,-1,102,has_head_pattern::plain,has_head_pattern,156,37,119,0.2371794879436493,76,13,63,0.0,0.5,0.0,nan
llm.final,mean,prevalence,-1,103,has_head_pattern::eyeline,has_head_pattern,156,18,138,0.11538461595773697,76,7,69,0.0,0.5,0.0,nan
llm.final,mean,prevalence,-1,104,has_head_pattern::striped,has_head_pattern,156,15,141,0.09615384787321091,76,14,62,0.0,0.5,0.0,nan
llm.final,mean,prevalence,-1,105,has_head_pattern::capped,has_head_pattern,156,16,140,0.10256410390138626,76,9,67,0.0,0.5,0.0,nan
llm.final,mean,prevalence,-1,107,has_breast_color::brown,has_breast_color,145,29,116,0.20000000298023224,75,14,61,0.0,0.5,0.0,nan
llm.final,mean,prevalence,-1,111,has_breast_color::grey,has_breast_color,145,40,105,0.27586206793785095,75,19,56,0.0,0.5,0.0,nan
llm.final,mean,prevalence,-1,117,has_breast_color::black,has_breast_color,145,50,95,0.3448275923728943,75,30,45,0.0,0.5,0.0,nan
llm.final,mean,prevalence,-1,118,has_breast_color::white,has_breast_color,145,51,94,0.35172414779663086,75,41,34,0.0,0.5,0.0,nan
llm.final,mean,prevalence,-1,120,has_breast_color::buff,has_breast_color,145,52,93,0.35862070322036743,75,26,49,0.0,0.5,0.0,nan
llm.final,mean,prevalence,-1,294,has_crown_color::blue,has_crown_color,155,11,144,0.07096774131059647,75,4,71,0.0,0.5,0.0,nan
llm.final,mean,prevalence,-1,295,has_crown_color::brown,has_crown_color,155,60,95,0.3870967626571655,75,33,42,0.0,0.5,0.0,nan
llm.final,mean,prevalence,-1,299,has_crown_color::grey,has_crown_color,155,36,119,0.23225806653499603,75,18,57,0.0,0.5,0.0,nan
llm.final,mean,prevalence,-1,305,has_crown_color::black,has_crown_color,155,45,110,0.29032257199287415,75,24,51,0.0,0.5,0.0,nan
llm.final,mean,prevalence,-1,306,has_crown_color::white,has_crown_color,155,20,135,0.12903225421905518,75,10,65,0.0,0.5,0.0,nan
llm.final,mean,prevalence,-1,308,has_crown_color::buff,has_crown_color,155,31,124,0.20000000298023224,75,16,59,0.0,0.5,0.0,nan
llm.final,mean,prevalence,-1,309,has_wing_pattern::solid,has_wing_pattern,151,32,119,0.21192052960395813,72,18,54,0.0,0.5,0.0,nan
llm.final,mean,prevalence,-1,310,has_wing_pattern::spotted,has_wing_pattern,151,31,120,0.20529800653457642,72,7,65,0.0,0.5,0.0,nan
llm.final,mean,prevalence,-1,311,has_wing_pattern::striped,has_wing_pattern,151,55,96,0.3642384111881256,72,33,39,0.0,0.5,0.0,nan
llm.final,mean,prevalence,-1,312,has_wing_pattern::multi-colored,has_wing_pattern,151,33,118,0.21854305267333984,72,14,58,0.0,0.5,0.0,nan
llm.final,mean,shuffled_labels,0,2,has_bill_shape::dagger,has_bill_shape,160,14,146,0.08749999850988388,76,4,72,12.242063522338867,0.7604166666666666,0.3076923076923077,0.005644488148391247
llm.final,mean,shuffled_labels,0,5,has_bill_shape::hooked_seabird,has_bill_shape,160,15,145,0.09375,76,3,73,6.9254584312438965,0.2694063926940639,0.0,0.005644488148391247
llm.final,mean,shuffled_labels,0,7,has_bill_shape::all-purpose,has_bill_shape,160,66,94,0.4124999940395355,76,34,42,5.115499973297119,0.43977591036414565,0.3018867924528302,0.005644488148391247
llm.final,mean,shuffled_labels,0,8,has_bill_shape::cone,has_bill_shape,160,44,116,0.2750000059604645,76,21,55,5.596138954162598,0.49523809523809526,0.12121212121212122,0.005644488148391247
llm.final,mean,shuffled_labels,0,96,has_head_pattern::malar,has_head_pattern,156,16,140,0.10256410390138626,76,10,66,6.2586469650268555,0.6106060606060606,0.17391304347826086,0.005644488148391247
llm.final,mean,shuffled_labels,0,100,has_head_pattern::eyebrow,has_head_pattern,156,30,126,0.19230769574642181,76,14,62,5.068234920501709,0.4619815668202765,0.17391304347826086,0.005644488148391247
llm.final,mean,shuffled_labels,0,101,has_head_pattern::eyering,has_head_pattern,156,25,131,0.16025641560554504,76,16,60,7.716928005218506,0.4395833333333333,0.13793103448275862,0.005644488148391247
llm.final,mean,shuffled_labels,0,102,has_head_pattern::plain,has_head_pattern,156,37,119,0.2371794879436493,76,13,63,5.314605712890625,0.5506715506715507,0.21428571428571427,0.005644488148391247
llm.final,mean,shuffled_labels,0,103,has_head_pattern::eyeline,has_head_pattern,156,18,138,0.11538461595773697,76,7,69,6.713508129119873,0.42028985507246375,0.10526315789473684,0.005644488148391247
llm.final,mean,shuffled_labels,0,104,has_head_pattern::striped,has_head_pattern,156,15,141,0.09615384787321091,76,14,62,8.152840614318848,0.6105990783410138,0.37037037037037035,0.005644488148391247
llm.final,mean,shuffled_labels,0,105,has_head_pattern::capped,has_head_pattern,156,16,140,0.10256410390138626,76,9,67,10.044432640075684,0.4975124378109453,0.1111111111111111,0.005644488148391247
llm.final,mean,shuffled_labels,0,107,has_breast_color::brown,has_breast_color,145,29,116,0.20000000298023224,75,14,61,5.719596862792969,0.5281030444964872,0.06896551724137931,0.005644488148391247
llm.final,mean,shuffled_labels,0,111,has_breast_color::grey,has_breast_color,145,40,105,0.27586206793785095,75,19,56,5.409804821014404,0.556390977443609,0.3333333333333333,0.005644488148391247
llm.final,mean,shuffled_labels,0,117,has_breast_color::black,has_breast_color,145,50,95,0.3448275923728943,75,30,45,5.855079650878906,0.5081481481481481,0.28,0.005644488148391247
llm.final,mean,shuffled_labels,0,118,has_breast_color::white,has_breast_color,145,51,94,0.35172414779663086,75,41,34,5.405240058898926,0.40746054519368724,0.20689655172413793,0.005644488148391247
llm.final,mean,shuffled_labels,0,120,has_breast_color::buff,has_breast_color,145,52,93,0.35862070322036743,75,26,49,5.829145431518555,0.44505494505494503,0.2857142857142857,0.005644488148391247
llm.final,mean,shuffled_labels,0,294,has_crown_color::blue,has_crown_color,155,11,144,0.07096774131059647,75,4,71,12.100262641906738,0.3591549295774648,0.0,0.005644488148391247
llm.final,mean,shuffled_labels,0,295,has_crown_color::brown,has_crown_color,155,60,95,0.3870967626571655,75,33,42,5.05370569229126,0.48124098124098125,0.1951219512195122,0.005644488148391247
llm.final,mean,shuffled_labels,0,299,has_crown_color::grey,has_crown_color,155,36,119,0.23225806653499603,75,18,57,5.090670585632324,0.4298245614035088,0.21052631578947367,0.005644488148391247
llm.final,mean,shuffled_labels,0,305,has_crown_color::black,has_crown_color,155,45,110,0.29032257199287415,75,24,51,5.331245422363281,0.4632352941176471,0.2727272727272727,0.005644488148391247
llm.final,mean,shuffled_labels,0,306,has_crown_color::white,has_crown_color,155,20,135,0.12903225421905518,75,10,65,8.166766166687012,0.5338461538461539,0.17391304347826086,0.005644488148391247
llm.final,mean,shuffled_labels,0,308,has_crown_color::buff,has_crown_color,155,31,124,0.20000000298023224,75,16,59,4.883790969848633,0.6133474576271186,0.3225806451612903,0.005644488148391247
llm.final,mean,shuffled_labels,0,309,has_wing_pattern::solid,has_wing_pattern,151,32,119,0.21192052960395813,72,18,54,6.522116184234619,0.44753086419753085,0.05714285714285714,0.005644488148391247
llm.final,mean,shuffled_labels,0,310,has_wing_pattern::spotted,has_wing_pattern,151,31,120,0.20529800653457642,72,7,65,5.5474066734313965,0.32967032967032966,0.08333333333333333,0.005644488148391247
llm.final,mean,shuffled_labels,0,311,has_wing_pattern::striped,has_wing_pattern,151,55,96,0.3642384111881256,72,33,39,4.8026628494262695,0.5625485625485626,0.2978723404255319,0.005644488148391247
llm.final,mean,shuffled_labels,0,312,has_wing_pattern::multi-colored,has_wing_pattern,151,33,118,0.21854305267333984,72,14,58,5.350578308105469,0.5788177339901478,0.07142857142857142,0.005644488148391247
llm.final,mean,shuffled_labels,1,2,has_bill_shape::dagger,has_bill_shape,160,14,146,0.08749999850988388,76,4,72,13.072291374206543,0.6909722222222222,0.0,0.0058634099550545216
llm.final,mean,shuffled_labels,1,5,has_bill_shape::hooked_seabird,has_bill_shape,160,15,145,0.09375,76,3,73,7.65608549118042,0.6894977168949772,0.3076923076923077,0.0058634099550545216
llm.final,mean,shuffled_labels,1,7,has_bill_shape::all-purpose,has_bill_shape,160,66,94,0.4124999940395355,76,34,42,5.381715774536133,0.46568627450980393,0.2641509433962264,0.0058634099550545216
llm.final,mean,shuffled_labels,1,8,has_bill_shape::cone,has_bill_shape,160,44,116,0.2750000059604645,76,21,55,5.451942443847656,0.5471861471861472,0.42105263157894735,0.0058634099550545216
llm.final,mean,shuffled_labels,1,96,has_head_pattern::malar,has_head_pattern,156,16,140,0.10256410390138626,76,10,66,7.734551429748535,0.4863636363636364,0.1111111111111111,0.0058634099550545216
llm.final,mean,shuffled_labels,1,100,has_head_pattern::eyebrow,has_head_pattern,156,30,126,0.19230769574642181,76,14,62,5.254057884216309,0.576036866359447,0.23529411764705882,0.0058634099550545216
llm.final,mean,shuffled_labels,1,101,has_head_pattern::eyering,has_head_pattern,156,25,131,0.16025641560554504,76,16,60,5.288293361663818,0.38229166666666664,0.0,0.0058634099550545216
llm.final,mean,shuffled_labels,1,102,has_head_pattern::plain,has_head_pattern,156,37,119,0.2371794879436493,76,13,63,5.412909984588623,0.48473748473748474,0.07692307692307693,0.0058634099550545216
llm.final,mean,shuffled_labels,1,103,has_head_pattern::eyeline,has_head_pattern,156,18,138,0.11538461595773697,76,7,69,6.988460063934326,0.5610766045548654,0.16666666666666666,0.0058634099550545216
llm.final,mean,shuffled_labels,1,104,has_head_pattern::striped,has_head_pattern,156,15,141,0.09615384787321091,76,14,62,8.574541091918945,0.5944700460829493,0.18181818181818182,0.0058634099550545216
llm.final,mean,shuffled_labels,1,105,has_head_pattern::capped,has_head_pattern,156,16,140,0.10256410390138626,76,9,67,5.831325054168701,0.5638474295190713,0.1111111111111111,0.0058634099550545216
llm.final,mean,shuffled_labels,1,107,has_breast_color::brown,has_breast_color,145,29,116,0.20000000298023224,75,14,61,5.686236381530762,0.5,0.2,0.0058634099550545216
llm.final,mean,shuffled_labels,1,111,has_breast_color::grey,has_breast_color,145,40,105,0.27586206793785095,75,19,56,6.048527240753174,0.4266917293233083,0.0,0.0058634099550545216
llm.final,mean,shuffled_labels,1,117,has_breast_color::black,has_breast_color,145,50,95,0.3448275923728943,75,30,45,5.475815773010254,0.46444444444444444,0.17777777777777778,0.0058634099550545216
llm.final,mean,shuffled_labels,1,118,has_breast_color::white,has_breast_color,145,51,94,0.35172414779663086,75,41,34,5.383876323699951,0.46413199426111906,0.3384615384615385,0.0058634099550545216
llm.final,mean,shuffled_labels,1,120,has_breast_color::buff,has_breast_color,145,52,93,0.35862070322036743,75,26,49,5.00715970993042,0.5196232339089482,0.16666666666666666,0.0058634099550545216
llm.final,mean,shuffled_labels,1,294,has_crown_color::blue,has_crown_color,155,11,144,0.07096774131059647,75,4,71,7.980896949768066,0.5035211267605634,0.11764705882352941,0.0058634099550545216
llm.final,mean,shuffled_labels,1,295,has_crown_color::brown,has_crown_color,155,60,95,0.3870967626571655,75,33,42,4.7923455238342285,0.6587301587301587,0.3829787234042553,0.0058634099550545216
llm.final,mean,shuffled_labels,1,299,has_crown_color::grey,has_crown_color,155,36,119,0.23225806653499603,75,18,57,5.55692720413208,0.49707602339181284,0.25,0.0058634099550545216
llm.final,mean,shuffled_labels,1,305,has_crown_color::black,has_crown_color,155,45,110,0.29032257199287415,75,24,51,4.981502532958984,0.5171568627450981,0.11428571428571428,0.0058634099550545216
llm.final,mean,shuffled_labels,1,306,has_crown_color::white,has_crown_color,155,20,135,0.12903225421905518,75,10,65,4.797115325927734,0.6923076923076923,0.25,0.0058634099550545216
llm.final,mean,shuffled_labels,1,308,has_crown_color::buff,has_crown_color,155,31,124,0.20000000298023224,75,16,59,5.409344673156738,0.5063559322033898,0.26666666666666666,0.0058634099550545216
llm.final,mean,shuffled_labels,1,309,has_wing_pattern::solid,has_wing_pattern,151,32,119,0.21192052960395813,72,18,54,5.083975791931152,0.47530864197530864,0.25806451612903225,0.0058634099550545216
llm.final,mean,shuffled_labels,1,310,has_wing_pattern::spotted,has_wing_pattern,151,31,120,0.20529800653457642,72,7,65,5.269291877746582,0.6131868131868132,0.20689655172413793,0.0058634099550545216
llm.final,mean,shuffled_labels,1,311,has_wing_pattern::striped,has_wing_pattern,151,55,96,0.3642384111881256,72,33,39,5.198649883270264,0.4063714063714064,0.13636363636363635,0.0058634099550545216
llm.final,mean,shuffled_labels,1,312,has_wing_pattern::multi-colored,has_wing_pattern,151,33,118,0.21854305267333984,72,14,58,5.405180931091309,0.5246305418719212,0.16666666666666666,0.0058634099550545216
llm.final,mean,shuffled_labels,2,2,has_bill_shape::dagger,has_bill_shape,160,14,146,0.08749999850988388,76,4,72,9.013288497924805,0.5625,0.16666666666666666,0.005538606084883213
llm.final,mean,shuffled_labels,2,5,has_bill_shape::hooked_seabird,has_bill_shape,160,15,145,0.09375,76,3,73,13.302810668945312,0.4885844748858447,0.0,0.005538606084883213
llm.final,mean,shuffled_labels,2,7,has_bill_shape::all-purpose,has_bill_shape,160,66,94,0.4124999940395355,76,34,42,5.4183735847473145,0.3795518207282913,0.2222222222222222,0.005538606084883213
llm.final,mean,shuffled_labels,2,8,has_bill_shape::cone,has_bill_shape,160,44,116,0.2750000059604645,76,21,55,4.912849426269531,0.45021645021645024,0.3181818181818182,0.005538606084883213
llm.final,mean,shuffled_labels,2,96,has_head_pattern::malar,has_head_pattern,156,16,140,0.10256410390138626,76,10,66,9.93791389465332,0.2924242424242424,0.0,0.005538606084883213
llm.final,mean,shuffled_labels,2,100,has_head_pattern::eyebrow,has_head_pattern,156,30,126,0.19230769574642181,76,14,62,5.179607391357422,0.6762672811059908,0.35294117647058826,0.005538606084883213
llm.final,mean,shuffled_labels,2,101,has_head_pattern::eyering,has_head_pattern,156,25,131,0.16025641560554504,76,16,60,6.282284259796143,0.459375,0.17391304347826086,0.005538606084883213
llm.final,mean,shuffled_labels,2,102,has_head_pattern::plain,has_head_pattern,156,37,119,0.2371794879436493,76,13,63,5.49130916595459,0.4603174603174603,0.20689655172413793,0.005538606084883213
llm.final,mean,shuffled_labels,2,103,has_head_pattern::eyeline,has_head_pattern,156,18,138,0.11538461595773697,76,7,69,6.258500099182129,0.5631469979296067,0.2857142857142857,0.005538606084883213
llm.final,mean,shuffled_labels,2,104,has_head_pattern::striped,has_head_pattern,156,15,141,0.09615384787321091,76,14,62,7.29573917388916,0.5587557603686636,0.19047619047619047,0.005538606084883213
llm.final,mean,shuffled_labels,2,105,has_head_pattern::capped,has_head_pattern,156,16,140,0.10256410390138626,76,9,67,9.357810974121094,0.4461028192371476,0.11764705882352941,0.005538606084883213
llm.final,mean,shuffled_labels,2,107,has_breast_color::brown,has_breast_color,145,29,116,0.20000000298023224,75,14,61,5.659782409667969,0.5562060889929742,0.2222222222222222,0.005538606084883213
llm.final,mean,shuffled_labels,2,111,has_breast_color::grey,has_breast_color,145,40,105,0.27586206793785095,75,19,56,5.744595050811768,0.37218045112781956,0.12903225806451613,0.005538606084883213
llm.final,mean,shuffled_labels,2,117,has_breast_color::black,has_breast_color,145,50,95,0.3448275923728943,75,30,45,5.34122371673584,0.5251851851851852,0.2857142857142857,0.005538606084883213
llm.final,mean,shuffled_labels,2,118,has_breast_color::white,has_breast_color,145,51,94,0.35172414779663086,75,41,34,5.413060188293457,0.42395982783357244,0.3,0.005538606084883213
llm.final,mean,shuffled_labels,2,120,has_breast_color::buff,has_breast_color,145,52,93,0.35862070322036743,75,26,49,5.248571395874023,0.41679748822605966,0.25,0.005538606084883213
llm.final,mean,shuffled_labels,2,294,has_crown_color::blue,has_crown_color,155,11,144,0.07096774131059647,75,4,71,12.07569408416748,0.3345070422535211,0.0,0.005538606084883213
llm.final,mean,shuffled_labels,2,295,has_crown_color::brown,has_crown_color,155,60,95,0.3870967626571655,75,33,42,5.214845657348633,0.5916305916305916,0.18604651162790697,0.005538606084883213
llm.final,mean,shuffled_labels,2,299,has_crown_color::grey,has_crown_color,155,36,119,0.23225806653499603,75,18,57,5.531476974487305,0.48635477582846004,0.17142857142857143,0.005538606084883213
llm.final,mean,shuffled_labels,2,305,has_crown_color::black,has_crown_color,155,45,110,0.29032257199287415,75,24,51,5.603200912475586,0.5089869281045751,0.2564102564102564,0.005538606084883213
llm.final,mean,shuffled_labels,2,306,has_crown_color::white,has_crown_color,155,20,135,0.12903225421905518,75,10,65,8.37686824798584,0.5446153846153846,0.0,0.005538606084883213
llm.final,mean,shuffled_labels,2,308,has_crown_color::buff,has_crown_color,155,31,124,0.20000000298023224,75,16,59,5.052148818969727,0.5529661016949152,0.29411764705882354,0.005538606084883213
llm.final,mean,shuffled_labels,2,309,has_wing_pattern::solid,has_wing_pattern,151,32,119,0.21192052960395813,72,18,54,5.262124538421631,0.49691358024691357,0.06060606060606061,0.005538606084883213
llm.final,mean,shuffled_labels,2,310,has_wing_pattern::spotted,has_wing_pattern,151,31,120,0.20529800653457642,72,7,65,5.866519451141357,0.589010989010989,0.2222222222222222,0.005538606084883213
llm.final,mean,shuffled_labels,2,311,has_wing_pattern::striped,has_wing_pattern,151,55,96,0.3642384111881256,72,33,39,5.369459629058838,0.5112665112665112,0.24489795918367346,0.005538606084883213
llm.final,mean,shuffled_labels,2,312,has_wing_pattern::multi-colored,has_wing_pattern,151,33,118,0.21854305267333984,72,14,58,5.8726348876953125,0.5899014778325123,0.24242424242424243,0.005538606084883213
llm.final,mean,random_projection,0,2,has_bill_shape::dagger,has_bill_shape,160,14,146,0.08749999850988388,76,4,72,5.218768119812012,0.6840277777777778,0.0,0.03247308358550072
llm.final,mean,random_projection,0,5,has_bill_shape::hooked_seabird,has_bill_shape,160,15,145,0.09375,76,3,73,2.155121326446533,0.954337899543379,0.4,0.03247308358550072
llm.final,mean,random_projection,0,7,has_bill_shape::all-purpose,has_bill_shape,160,66,94,0.4124999940395355,76,34,42,2.4602041244506836,0.6533613445378151,0.46153846153846156,0.03247308358550072
llm.final,mean,random_projection,0,8,has_bill_shape::cone,has_bill_shape,160,44,116,0.2750000059604645,76,21,55,2.387082576751709,0.6813852813852814,0.5217391304347826,0.03247308358550072
llm.final,mean,random_projection,0,96,has_head_pattern::malar,has_head_pattern,156,16,140,0.10256410390138626,76,10,66,3.227327823638916,0.5136363636363637,0.16666666666666666,0.03247308358550072
llm.final,mean,random_projection,0,100,has_head_pattern::eyebrow,has_head_pattern,156,30,126,0.19230769574642181,76,14,62,3.5400352478027344,0.7050691244239631,0.37037037037037035,0.03247308358550072
llm.final,mean,random_projection,0,101,has_head_pattern::eyering,has_head_pattern,156,25,131,0.16025641560554504,76,16,60,2.3872032165527344,0.6833333333333333,0.3783783783783784,0.03247308358550072
llm.final,mean,random_projection,0,102,has_head_pattern::plain,has_head_pattern,156,37,119,0.2371794879436493,76,13,63,2.2080695629119873,0.684981684981685,0.3448275862068966,0.03247308358550072
llm.final,mean,random_projection,0,103,has_head_pattern::eyeline,has_head_pattern,156,18,138,0.11538461595773697,76,7,69,1.7391549348831177,0.5424430641821946,0.0,0.03247308358550072
llm.final,mean,random_projection,0,104,has_head_pattern::striped,has_head_pattern,156,15,141,0.09615384787321091,76,14,62,2.7148494720458984,0.5518433179723502,0.15384615384615385,0.03247308358550072
llm.final,mean,random_projection,0,105,has_head_pattern::capped,has_head_pattern,156,16,140,0.10256410390138626,76,9,67,2.5394649505615234,0.7296849087893864,0.2857142857142857,0.03247308358550072
llm.final,mean,random_projection,0,107,has_breast_color::brown,has_breast_color,145,29,116,0.20000000298023224,75,14,61,3.264103412628174,0.5597189695550351,0.21428571428571427,0.03247308358550072
llm.final,mean,random_projection,0,111,has_breast_color::grey,has_breast_color,145,40,105,0.27586206793785095,75,19,56,2.5459890365600586,0.5451127819548872,0.21621621621621623,0.03247308358550072
llm.final,mean,random_projection,0,117,has_breast_color::black,has_breast_color,145,50,95,0.3448275923728943,75,30,45,1.939287543296814,0.46444444444444444,0.21739130434782608,0.03247308358550072
llm.final,mean,random_projection,0,118,has_breast_color::white,has_breast_color,145,51,94,0.35172414779663086,75,41,34,2.154294013977051,0.6951219512195121,0.5396825396825397,0.03247308358550072
llm.final,mean,random_projection,0,120,has_breast_color::buff,has_breast_color,145,52,93,0.35862070322036743,75,26,49,1.9549181461334229,0.5698587127158555,0.2553191489361702,0.03247308358550072
llm.final,mean,random_projection,0,294,has_crown_color::blue,has_crown_color,155,11,144,0.07096774131059647,75,4,71,3.7641870975494385,0.9929577464788732,0.6153846153846154,0.03247308358550072
llm.final,mean,random_projection,0,295,has_crown_color::brown,has_crown_color,155,60,95,0.3870967626571655,75,33,42,1.8946778774261475,0.5411255411255411,0.3728813559322034,0.03247308358550072
llm.final,mean,random_projection,0,299,has_crown_color::grey,has_crown_color,155,36,119,0.23225806653499603,75,18,57,1.8478853702545166,0.5243664717348928,0.2857142857142857,0.03247308358550072
llm.final,mean,random_projection,0,305,has_crown_color::black,has_crown_color,155,45,110,0.29032257199287415,75,24,51,2.9120726585388184,0.545751633986928,0.34146341463414637,0.03247308358550072
llm.final,mean,random_projection,0,306,has_crown_color::white,has_crown_color,155,20,135,0.12903225421905518,75,10,65,2.050128698348999,0.823076923076923,0.46153846153846156,0.03247308358550072
llm.final,mean,random_projection,0,308,has_crown_color::buff,has_crown_color,155,31,124,0.20000000298023224,75,16,59,2.4428958892822266,0.527542372881356,0.24,0.03247308358550072
llm.final,mean,random_projection,0,309,has_wing_pattern::solid,has_wing_pattern,151,32,119,0.21192052960395813,72,18,54,2.4585611820220947,0.6039094650205762,0.4,0.03247308358550072
llm.final,mean,random_projection,0,310,has_wing_pattern::spotted,has_wing_pattern,151,31,120,0.20529800653457642,72,7,65,2.8481857776641846,0.8153846153846154,0.43478260869565216,0.03247308358550072
llm.final,mean,random_projection,0,311,has_wing_pattern::striped,has_wing_pattern,151,55,96,0.3642384111881256,72,33,39,2.08872652053833,0.6410256410256411,0.48148148148148145,0.03247308358550072
llm.final,mean,random_projection,0,312,has_wing_pattern::multi-colored,has_wing_pattern,151,33,118,0.21854305267333984,72,14,58,2.5563125610351562,0.6194581280788177,0.2857142857142857,0.03247308358550072
llm.final,mean,random_projection,1,2,has_bill_shape::dagger,has_bill_shape,160,14,146,0.08749999850988388,76,4,72,4.137331962585449,0.8055555555555556,0.14285714285714285,0.0300051961094141
llm.final,mean,random_projection,1,5,has_bill_shape::hooked_seabird,has_bill_shape,160,15,145,0.09375,76,3,73,2.4945764541625977,0.9726027397260274,0.42857142857142855,0.0300051961094141
llm.final,mean,random_projection,1,7,has_bill_shape::all-purpose,has_bill_shape,160,66,94,0.4124999940395355,76,34,42,2.5715572834014893,0.5812324929971989,0.37735849056603776,0.0300051961094141
llm.final,mean,random_projection,1,8,has_bill_shape::cone,has_bill_shape,160,44,116,0.2750000059604645,76,21,55,3.04862904548645,0.7593073593073593,0.5238095238095238,0.0300051961094141
llm.final,mean,random_projection,1,96,has_head_pattern::malar,has_head_pattern,156,16,140,0.10256410390138626,76,10,66,2.787299633026123,0.6242424242424243,0.2727272727272727,0.0300051961094141
llm.final,mean,random_projection,1,100,has_head_pattern::eyebrow,has_head_pattern,156,30,126,0.19230769574642181,76,14,62,2.5014543533325195,0.6854838709677419,0.3333333333333333,0.0300051961094141
llm.final,mean,random_projection,1,101,has_head_pattern::eyering,has_head_pattern,156,25,131,0.16025641560554504,76,16,60,2.2598114013671875,0.6354166666666666,0.2857142857142857,0.0300051961094141
llm.final,mean,random_projection,1,102,has_head_pattern::plain,has_head_pattern,156,37,119,0.2371794879436493,76,13,63,2.3647947311401367,0.6642246642246642,0.42857142857142855,0.0300051961094141
llm.final,mean,random_projection,1,103,has_head_pattern::eyeline,has_head_pattern,156,18,138,0.11538461595773697,76,7,69,2.429537296295166,0.7122153209109731,0.24,0.0300051961094141
llm.final,mean,random_projection,1,104,has_head_pattern::striped,has_head_pattern,156,15,141,0.09615384787321091,76,14,62,2.6785998344421387,0.4642857142857143,0.25,0.0300051961094141
llm.final,mean,random_projection,1,105,has_head_pattern::capped,has_head_pattern,156,16,140,0.10256410390138626,76,9,67,2.7174270153045654,0.6119402985074627,0.08695652173913043,0.0300051961094141
llm.final,mean,random_projection,1,107,has_breast_color::brown,has_breast_color,145,29,116,0.20000000298023224,75,14,61,2.8153347969055176,0.6135831381733021,0.2962962962962963,0.0300051961094141
llm.final,mean,random_projection,1,111,has_breast_color::grey,has_breast_color,145,40,105,0.27586206793785095,75,19,56,2.4748456478118896,0.5131578947368421,0.21621621621621623,0.0300051961094141
llm.final,mean,random_projection,1,117,has_breast_color::black,has_breast_color,145,50,95,0.3448275923728943,75,30,45,2.480776786804199,0.6,0.4166666666666667,0.0300051961094141
llm.final,mean,random_projection,1,118,has_breast_color::white,has_breast_color,145,51,94,0.35172414779663086,75,41,34,2.4217896461486816,0.6162123385939742,0.5,0.0300051961094141
llm.final,mean,random_projection,1,120,has_breast_color::buff,has_breast_color,145,52,93,0.35862070322036743,75,26,49,2.691305637359619,0.5227629513343799,0.25,0.0300051961094141
llm.final,mean,random_projection,1,294,has_crown_color::blue,has_crown_color,155,11,144,0.07096774131059647,75,4,71,2.961080551147461,1.0,0.8,0.0300051961094141
llm.final,mean,random_projection,1,295,has_crown_color::brown,has_crown_color,155,60,95,0.3870967626571655,75,33,42,1.8919724225997925,0.6378066378066378,0.4,0.0300051961094141
llm.final,mean,random_projection,1,299,has_crown_color::grey,has_crown_color,155,36,119,0.23225806653499603,75,18,57,2.470839023590088,0.6510721247563352,0.42424242424242425,0.0300051961094141
llm.final,mean,random_projection,1,305,has_crown_color::black,has_crown_color,155,45,110,0.29032257199287415,75,24,51,2.673609733581543,0.6478758169934641,0.3181818181818182,0.0300051961094141
llm.final,mean,random_projection,1,306,has_crown_color::white,has_crown_color,155,20,135,0.12903225421905518,75,10,65,1.8545182943344116,0.7415384615384616,0.5714285714285714,0.0300051961094141
llm.final,mean,random_projection,1,308,has_crown_color::buff,has_crown_color,155,31,124,0.20000000298023224,75,16,59,2.5071372985839844,0.638771186440678,0.21428571428571427,0.0300051961094141
llm.final,mean,random_projection,1,309,has_wing_pattern::solid,has_wing_pattern,151,32,119,0.21192052960395813,72,18,54,2.6542980670928955,0.6923868312757202,0.5454545454545454,0.0300051961094141
llm.final,mean,random_projection,1,310,has_wing_pattern::spotted,has_wing_pattern,151,31,120,0.20529800653457642,72,7,65,3.096715211868286,0.8483516483516483,0.38095238095238093,0.0300051961094141
llm.final,mean,random_projection,1,311,has_wing_pattern::striped,has_wing_pattern,151,55,96,0.3642384111881256,72,33,39,2.761120319366455,0.7288267288267288,0.5818181818181818,0.0300051961094141
llm.final,mean,random_projection,1,312,has_wing_pattern::multi-colored,has_wing_pattern,151,33,118,0.21854305267333984,72,14,58,2.726205825805664,0.5775862068965517,0.22857142857142856,0.0300051961094141
llm.final,mean,random_projection,2,2,has_bill_shape::dagger,has_bill_shape,160,14,146,0.08749999850988388,76,4,72,3.391472816467285,0.3854166666666667,0.11764705882352941,0.032962411642074585
llm.final,mean,random_projection,2,5,has_bill_shape::hooked_seabird,has_bill_shape,160,15,145,0.09375,76,3,73,2.598583221435547,0.9452054794520548,0.46153846153846156,0.032962411642074585
llm.final,mean,random_projection,2,7,has_bill_shape::all-purpose,has_bill_shape,160,66,94,0.4124999940395355,76,34,42,2.403571605682373,0.5980392156862745,0.4,0.032962411642074585
llm.final,mean,random_projection,2,8,has_bill_shape::cone,has_bill_shape,160,44,116,0.2750000059604645,76,21,55,2.6656036376953125,0.7082251082251082,0.5106382978723404,0.032962411642074585
llm.final,mean,random_projection,2,96,has_head_pattern::malar,has_head_pattern,156,16,140,0.10256410390138626,76,10,66,2.6356568336486816,0.5772727272727273,0.09523809523809523,0.032962411642074585
llm.final,mean,random_projection,2,100,has_head_pattern::eyebrow,has_head_pattern,156,30,126,0.19230769574642181,76,14,62,2.8939871788024902,0.532258064516129,0.26666666666666666,0.032962411642074585
llm.final,mean,random_projection,2,101,has_head_pattern::eyering,has_head_pattern,156,25,131,0.16025641560554504,76,16,60,2.194520950317383,0.678125,0.26666666666666666,0.032962411642074585
llm.final,mean,random_projection,2,102,has_head_pattern::plain,has_head_pattern,156,37,119,0.2371794879436493,76,13,63,2.5322515964508057,0.7484737484737485,0.38461538461538464,0.032962411642074585
llm.final,mean,random_projection,2,103,has_head_pattern::eyeline,has_head_pattern,156,18,138,0.11538461595773697,76,7,69,1.7217018604278564,0.5403726708074534,0.0,0.032962411642074585
llm.final,mean,random_projection,2,104,has_head_pattern::striped,has_head_pattern,156,15,141,0.09615384787321091,76,14,62,2.140425682067871,0.5552995391705069,0.20689655172413793,0.032962411642074585
llm.final,mean,random_projection,2,105,has_head_pattern::capped,has_head_pattern,156,16,140,0.10256410390138626,76,9,67,2.4595062732696533,0.5787728026533997,0.09523809523809523,0.032962411642074585
llm.final,mean,random_projection,2,107,has_breast_color::brown,has_breast_color,145,29,116,0.20000000298023224,75,14,61,2.716891288757324,0.5936768149882904,0.2608695652173913,0.032962411642074585
llm.final,mean,random_projection,2,111,has_breast_color::grey,has_breast_color,145,40,105,0.27586206793785095,75,19,56,2.243741035461426,0.5761278195488722,0.25,0.032962411642074585
llm.final,mean,random_projection,2,117,has_breast_color::black,has_breast_color,145,50,95,0.3448275923728943,75,30,45,2.5953071117401123,0.4911111111111111,0.2608695652173913,0.032962411642074585
llm.final,mean,random_projection,2,118,has_breast_color::white,has_breast_color,145,51,94,0.35172414779663086,75,41,34,2.5207951068878174,0.6908177905308465,0.5161290322580645,0.032962411642074585
llm.final,mean,random_projection,2,120,has_breast_color::buff,has_breast_color,145,52,93,0.35862070322036743,75,26,49,2.7467498779296875,0.6177394034536892,0.43478260869565216,0.032962411642074585
llm.final,mean,random_projection,2,294,has_crown_color::blue,has_crown_color,155,11,144,0.07096774131059647,75,4,71,3.03324031829834,0.9964788732394366,0.6666666666666666,0.032962411642074585
llm.final,mean,random_projection,2,295,has_crown_color::brown,has_crown_color,155,60,95,0.3870967626571655,75,33,42,2.2766642570495605,0.6471861471861472,0.48148148148148145,0.032962411642074585
llm.final,mean,random_projection,2,299,has_crown_color::grey,has_crown_color,155,36,119,0.23225806653499603,75,18,57,2.142582416534424,0.652046783625731,0.375,0.032962411642074585
llm.final,mean,random_projection,2,305,has_crown_color::black,has_crown_color,155,45,110,0.29032257199287415,75,24,51,3.0848612785339355,0.6078431372549019,0.38095238095238093,0.032962411642074585
llm.final,mean,random_projection,2,306,has_crown_color::white,has_crown_color,155,20,135,0.12903225421905518,75,10,65,1.6823530197143555,0.8215384615384616,0.38461538461538464,0.032962411642074585
llm.final,mean,random_projection,2,308,has_crown_color::buff,has_crown_color,155,31,124,0.20000000298023224,75,16,59,2.921982526779175,0.5317796610169492,0.26666666666666666,0.032962411642074585
llm.final,mean,random_projection,2,309,has_wing_pattern::solid,has_wing_pattern,151,32,119,0.21192052960395813,72,18,54,1.911884069442749,0.6584362139917695,0.5161290322580645,0.032962411642074585
llm.final,mean,random_projection,2,310,has_wing_pattern::spotted,has_wing_pattern,151,31,120,0.20529800653457642,72,7,65,2.9955267906188965,0.8087912087912088,0.47058823529411764,0.032962411642074585
llm.final,mean,random_projection,2,311,has_wing_pattern::striped,has_wing_pattern,151,55,96,0.3642384111881256,72,33,39,1.884124755859375,0.7055167055167055,0.509090909090909,0.032962411642074585
llm.final,mean,random_projection,2,312,has_wing_pattern::multi-colored,has_wing_pattern,151,33,118,0.21854305267333984,72,14,58,2.6204099655151367,0.6268472906403941,0.35,0.032962411642074585
